NOTICE: file </home/dan/azerothcore-wotlk/conf/config.sh> not found, we use default configuration only.
+ docker compose build
#1 [ac-db-import internal] load build definition from Dockerfile
#1 transferring dockerfile: 8.45kB done
#1 DONE 0.0s

#2 [ac-db-import internal] load .dockerignore
#2 transferring context: 261B done
#2 DONE 0.0s

#3 [ac-client-data-init internal] load build definition from Dockerfile
#3 transferring dockerfile: 8.45kB done
#3 DONE 0.0s

#4 [ac-client-data-init internal] load .dockerignore
#4 transferring context: 261B done
#4 DONE 0.0s

#5 [ac-client-data-init internal] load metadata for docker.io/library/ubuntu:22.04
#5 DONE 0.2s

#6 [ac-db-import skeleton 1/4] FROM docker.io/library/ubuntu:22.04@sha256:104ae83764a5119017b8e8d6218fa0832b09df65aae7d5a6de29a85d813da2fb
#6 DONE 0.0s

#7 [ac-client-data-init internal] load build context
#7 transferring context: 6.47kB 0.0s done
#7 DONE 0.0s

#8 [ac-client-data-init skeleton 4/4] WORKDIR /azerothcore
#8 CACHED

#9 [ac-client-data-init skeleton 2/4] RUN mkdir -pv         /azerothcore/bin                           /azerothcore/data                          /azerothcore/deps                          /azerothcore/env/dist/bin                  /azerothcore/env/dist/data/Cameras         /azerothcore/env/dist/data/dbc             /azerothcore/env/dist/data/maps            /azerothcore/env/dist/data/mmaps           /azerothcore/env/dist/data/vmaps           /azerothcore/env/dist/logs                 /azerothcore/env/dist/temp                 /azerothcore/env/dist/etc                  /azerothcore/modules                       /azerothcore/src                           /azerothcore/build
#9 CACHED

#10 [ac-client-data-init skeleton 3/4] RUN apt-get update                                                           && apt-get install -y --no-install-recommends tzdata ca-certificates     && ln -snf "/usr/share/zoneinfo/Etc/UTC" /etc/localtime                      && echo "Etc/UTC" > /etc/timezone                                              && dpkg-reconfigure --frontend noninteractive tzdata                     && rm -rf /var/lib/apt/lists/*
#10 CACHED

#11 [ac-client-data-init client-data 1/2] RUN apt-get update &&     apt-get install -y curl unzip &&     rm -rf /var/lib/apt/lists/*
#11 CACHED

#12 [ac-client-data-init client-data 2/2] COPY --chown=: apps apps
#12 CACHED

#13 [ac-client-data-init] exporting to image
#13 exporting layers done
#13 writing image sha256:61d7af55c50ffadad3059b7cf0b6d46e3cc0abab28b953a8f9e14738a3ce4075 0.0s done
#13 naming to docker.io/library/alpine
#13 naming to docker.io/library/alpine 0.0s done
#13 DONE 0.0s

#14 [ac-db-import internal] load build context
#14 transferring context: 778.48kB 0.4s done
#14 DONE 0.4s

#15 [ac-db-import build 6/8] COPY modules /azerothcore/modules
#15 CACHED

#16 [ac-db-import skeleton 4/4] WORKDIR /azerothcore
#16 CACHED

#17 [ac-db-import build 1/8] RUN apt-get update                                                         && apt-get install -y --no-install-recommends                                 build-essential ccache libtool cmake-data make cmake clang            git lsb-base curl unzip default-mysql-client openssl                          default-libmysqlclient-dev libboost-all-dev libssl-dev libmysql++-dev         libreadline-dev zlib1g-dev libbz2-dev libncurses5-dev             && rm -rf /var/lib/apt/lists/*
#17 CACHED

#18 [ac-db-import build 5/8] COPY src /azerothcore/src
#18 CACHED

#19 [ac-db-import skeleton 2/4] RUN mkdir -pv         /azerothcore/bin                           /azerothcore/data                          /azerothcore/deps                          /azerothcore/env/dist/bin                  /azerothcore/env/dist/data/Cameras         /azerothcore/env/dist/data/dbc             /azerothcore/env/dist/data/maps            /azerothcore/env/dist/data/mmaps           /azerothcore/env/dist/data/vmaps           /azerothcore/env/dist/logs                 /azerothcore/env/dist/temp                 /azerothcore/env/dist/etc                  /azerothcore/modules                       /azerothcore/src                           /azerothcore/build
#19 CACHED

#20 [ac-db-import skeleton 3/4] RUN apt-get update                                                           && apt-get install -y --no-install-recommends tzdata ca-certificates     && ln -snf "/usr/share/zoneinfo/America/Chicago" /etc/localtime                      && echo "America/Chicago" > /etc/timezone                                              && dpkg-reconfigure --frontend noninteractive tzdata                     && rm -rf /var/lib/apt/lists/*
#20 CACHED

#21 [ac-db-import build 4/8] COPY deps /azerothcore/deps
#21 CACHED

#22 [ac-db-import build 2/8] COPY CMakeLists.txt /azerothcore/CMakeLists.txt
#22 CACHED

#23 [ac-db-import build 3/8] COPY conf /azerothcore/conf
#23 CACHED

#24 [ac-db-import build 7/8] WORKDIR /azerothcore/build
#24 CACHED

#25 [ac-db-import build 8/8] RUN --mount=type=cache,target=/ccache,sharing=locked     --mount=type=bind,target=/azerothcore/.git,source=.git     git config --global --add safe.directory /azerothcore     && cmake /azerothcore        -DCMAKE_INSTALL_PREFIX="/azerothcore/env/dist"         -DAPPS_BUILD="all"                                     -DTOOLS_BUILD="all"                          -DSCRIPTS="static"                                  -DMODULES="static"                                  -DWITH_WARNINGS="ON"                      -DCMAKE_BUILD_TYPE="RelWithDebInfo"                            -DCMAKE_CXX_COMPILER="clang++"                         -DCMAKE_C_COMPILER="clang"                             -DCMAKE_CXX_COMPILER_LAUNCHER="ccache"                 -DCMAKE_C_COMPILER_LAUNCHER="ccache"                   -DBoost_USE_STATIC_LIBS="ON"                        && cmake --build . --config "RelWithDebInfo" -j $(($(nproc) + 1))     && cmake --install . --config "RelWithDebInfo"
#25 0.206 -- CMake version: 3.22.1
#25 0.380 -- The CXX compiler identification is Clang 14.0.0
#25 0.481 -- The C compiler identification is Clang 14.0.0
#25 0.501 -- Detecting CXX compiler ABI info
#25 0.758 -- Detecting CXX compiler ABI info - done
#25 0.769 -- Check for working CXX compiler: /usr/bin/clang++ - skipped
#25 0.771 -- Detecting CXX compile features
#25 0.774 -- Detecting CXX compile features - done
#25 0.777 -- Detecting C compiler ABI info
#25 0.968 -- Detecting C compiler ABI info - done
#25 0.982 -- Check for working C compiler: /usr/bin/clang - skipped
#25 0.984 -- Detecting C compile features
#25 0.985 -- Detecting C compile features - done
#25 1.006 > Warning: module using deprecated add config file api
#25 1.007 -- REWARD SYSTEM CONFIGURED --
#25 1.009 -- Running cmake hook: AFTER_LOAD_CONF
#25 1.012 -- No hooks registered for AFTER_LOAD_CONF
#25 1.015 -- Enabled С++20 standard
#25 1.015 -- Detected 64-bit platform
#25 1.015 -- UNIX: Using jemalloc
#25 1.015 -- UNIX: Using default configuration directory
#25 1.015 -- UNIX: Using default library directory
#25 1.015 -- UNIX: Configuring uninstall target
#25 1.015 -- UNIX: Created uninstall target
#25 1.015 -- UNIX: Detected compiler: /usr/bin/clang
#25 1.015 -- Clang: disable pch timestamp when ccache and pch enabled
#25 1.015 -- Clang: Minimum version required is 10.0.0, found 14.0.0 - ok!
#25 1.015 -- Performing Test CLANG_HAVE_PROPER_CHARCONV
#25 1.330 -- Performing Test CLANG_HAVE_PROPER_CHARCONV - Success
#25 1.330 -- Clang: All warnings enabled
#25 1.331 -- Running cmake hook: AFTER_LOAD_CMAKE_MODULES
#25 1.331 -- No hooks registered for AFTER_LOAD_CMAKE_MODULES
#25 1.332 -- Using mysql-config: /usr/bin/mysql_config
#25 1.356 -- Found MySQL:    
#25 1.366 -- Found MySQL version: 8.0.44
#25 1.366 -- Found git binary : /usr/bin/git
#25 1.927 
#25 1.928 * AzerothCore revision            : 7be3d24c1e19+ 2025-11-24 14:51:47 +0100 (Playerbot branch)
#25 1.928 * AzerothCore buildtype           : RelWithDebInfo
#25 1.928 
#25 1.929 * Install core to                 : /azerothcore/env/dist
#25 1.929 * Install libraries to            : /azerothcore/env/dist/lib
#25 1.929 * Install configs to              : /azerothcore/env/dist/etc
#25 1.930 
#25 1.930 * Build applications              : Yes (all)
#25 1.931 * Build tools                     : Yes (all)
#25 1.933 * Build with scripts              : Yes (static)
#25 1.933 * Build with modules              : Yes (static)
#25 1.933 * Build unit tests                : No  (default)
#25 1.933 * Build core w/PCH                : Yes (default)
#25 1.933 * Build scripts w/PCH             : Yes (default)
#25 1.933 * Show all warnings               : Yes
#25 1.933 * Use coreside debug              : No  (default)
#25 1.933 * Use unix gperftools             : No  (default)
#25 1.933 * Use GIT revision hash           : Yes (default)
#25 1.933 * Enable vmap DisableMgr checks   : Yes (default)
#25 1.933 * Show source tree                : No (For UNIX default)
#25 1.933 
#25 2.242 -- Found Boost: /usr/lib/x86_64-linux-gnu/cmake/Boost-1.74.0/BoostConfig.cmake (found suitable version "1.74.0", minimum required is "1.74") found components: filesystem program_options iostreams regex thread 
#25 2.247 -- Looking for strtod_l
#25 2.310 -- Looking for strtod_l - not found
#25 2.311 -- Looking for MADV_FREE
#25 2.433 -- Looking for MADV_FREE - found
#25 2.443 -- Found OpenSSL: /usr/lib/x86_64-linux-gnu/libcrypto.so (found version "3.0.2") found components: Crypto SSL 
#25 2.449 -- Looking for C++ include filesystem
#25 3.458 -- Looking for C++ include filesystem - found
#25 3.459 -- Performing Test CXX_FILESYSTEM_NO_LINK_NEEDED
#25 4.443 -- Performing Test CXX_FILESYSTEM_NO_LINK_NEEDED - Success
#25 4.446 -- Found Threads: TRUE  
#25 4.459 -- Found ZLIB: /usr/lib/x86_64-linux-gnu/libz.so (found version "1.2.11") 
#25 4.469 -- Found Readline library: /usr/lib/x86_64-linux-gnu/libreadline.so
#25 4.469 -- Include dir is: /usr/include
#25 4.474 -- Found BZip2: /usr/lib/x86_64-linux-gnu/libbz2.so (found version "1.0.8") 
#25 4.476 -- Looking for BZ2_bzCompressInit
#25 4.590 -- Looking for BZ2_bzCompressInit - found
#25 4.616 -- Running cmake hook: BEFORE_SRC_LOAD
#25 4.616 -- No hooks registered for BEFORE_SRC_LOAD
#25 4.618 
#25 4.618 * Apps build list (all):
#25 4.619   |
#25 4.620   +- apps
#25 4.620   |   +- authserver
#25 4.621   |   +- worldserver
#25 4.621   |
#25 4.622 
#25 4.635 -- Running cmake hook: BEFORE_GAME_LIBRARY
#25 4.636 -- No hooks registered for BEFORE_GAME_LIBRARY
#25 4.704 -- Running cmake hook: AFTER_GAME_LIBRARY
#25 4.705 -- No hooks registered for AFTER_GAME_LIBRARY
#25 4.706 -- Running cmake hook: BEFORE_SCRIPTS_LIBRARY
#25 4.706 -- No hooks registered for BEFORE_SCRIPTS_LIBRARY
#25 4.707 * Script configuration (static):
#25 4.708   |
#25 4.708   +- worldserver
#25 4.709   |   +- Commands
#25 4.709   |   +- Custom
#25 4.710   |   +- EasternKingdoms
#25 4.710   |   +- Events
#25 4.710   |   +- Kalimdor
#25 4.710   |   +- Northrend
#25 4.710   |   +- OutdoorPvP
#25 4.710   |   +- Outland
#25 4.710   |   +- Pet
#25 4.710   |   +- Spells
#25 4.710   |   +- World
#25 4.710   |
#25 4.820 
#25 4.823 
#25 4.823 * Tools build list (all):
#25 4.823   |
#25 4.823   +- tools
#25 4.823   |   +- dbimport
#25 4.823   |   +- map_extractor
#25 4.823   |   +- mmaps_generator
#25 4.823   |   +- vmap4_assembler
#25 4.823   |   +- vmap4_extractor
#25 4.823   |
#25 4.823 
#25 4.841 * Modules configuration (static):
#25 4.841   |
#25 4.841   +- worldserver
#25 4.841   |   +- mod-account-achievements
#25 4.841   |   +- mod-account-mounts
#25 4.841   |   +- mod-ah-bot
#25 4.841   |   +- mod-aoe-loot
#25 4.841   |   +- mod-firstlogin-starterpack
#25 4.841   |   +- mod-junk-to-gold
#25 4.841   |   +- mod-ollama-chat
#25 4.841   |   +- mod-player-bot-level-brackets
#25 4.841   |   +- mod-playerbots
#25 4.841   |   +- mod-reward-played-time
#25 4.841   |   +- mod-solo-lfg
#25 4.841   |   +- mod-transmog
#25 4.841   |
#25 4.841 
#25 5.010 > Module (mod-firstlogin-starterpack) using deprecated loader api
#25 5.065 > Module (mod-reward-played-time) using deprecated loader api
#25 5.070 -- [mod-ollama-chat] Using bundled nlohmann/json
#25 5.070 -- [mod-ollama-chat] Using AzerothCore fmt library
#25 5.075 -- [mod-ollama-chat] OpenSSL found - HTTPS support enabled
#25 5.075 -- * Modules config list:
#25 5.075   |
#25 5.076 --   +- mod-account-achievements
#25 5.076 --   |  * mod_achievements.conf
#25 5.076 --   +- mod-account-mounts
#25 5.077 --   |  * mod_account_mount.conf
#25 5.077 --   +- mod-ah-bot
#25 5.078 --   |  * mod_ahbot.conf
#25 5.078 --   +- mod-aoe-loot
#25 5.078 --   |  * mod_aoe_loot.conf
#25 5.079 --   +- mod-firstlogin-starterpack
#25 5.079 --   |  * mod_firstlogin_starterpack.conf
#25 5.079 --   +- mod-junk-to-gold
#25 5.080 --   +- mod-ollama-chat
#25 5.080 --   |  * mod_ollama_chat.conf
#25 5.080 --   +- mod-player-bot-level-brackets
#25 5.080 --   |  * mod_player_bot_level_brackets.conf
#25 5.081 --   +- mod-playerbots
#25 5.081 --   |  * playerbots.conf
#25 5.081 --   +- mod-reward-played-time
#25 5.082 --   |  * reward_system.conf
#25 5.085 --   +- mod-solo-lfg
#25 5.085 --   |  * SoloLfg.conf
#25 5.085 --   +- mod-transmog
#25 5.085 --   |  * transmog.conf
#25 5.085 -- Running cmake hook: AFTER_SRC_LOAD
#25 5.085 -- No hooks registered for AFTER_SRC_LOAD
#25 5.085 -- Configuring done
#25 5.085 
#25 5.483 -- Generating done
#25 5.490 -- Build files have been written to: /azerothcore/build
#25 5.594 [  0%] Building C object deps/SFMT/CMakeFiles/sfmt.dir/SFMT.c.o
#25 5.602 [  0%] Building CXX object deps/fmt/CMakeFiles/fmt.dir/src/format.cc.o
#25 5.606 [  0%] Building C object deps/argon2/CMakeFiles/argon2.dir/argon2/argon2.c.o
#25 5.607 [  0%] Building C object deps/jemalloc/CMakeFiles/jemalloc.dir/src/arena.c.o
#25 5.642 [  0%] Linking CXX static library libsfmt.a
#25 5.642 [  0%] Building CXX object deps/g3dlite/CMakeFiles/g3dlib.dir/source/AABox.cpp.o
#25 5.657 [  0%] Building C object deps/argon2/CMakeFiles/argon2.dir/argon2/blake2/blake2b.c.o
#25 5.672 [  0%] Building C object deps/jemalloc/CMakeFiles/jemalloc.dir/src/background_thread.c.o
#25 5.686 [  0%] Building CXX object deps/fmt/CMakeFiles/fmt.dir/src/os.cc.o
#25 5.724 [  0%] Building C object deps/argon2/CMakeFiles/argon2.dir/argon2/core.c.o
#25 5.724 [  0%] Building CXX object deps/g3dlite/CMakeFiles/g3dlib.dir/source/Any.cpp.o
#25 5.733 [  0%] Building C object deps/jemalloc/CMakeFiles/jemalloc.dir/src/base.c.o
#25 5.757 [  0%] Linking CXX static library libfmt.a
#25 5.773 [  0%] Building C object deps/argon2/CMakeFiles/argon2.dir/argon2/encoding.c.o
#25 5.795 [  0%] Building C object deps/jemalloc/CMakeFiles/jemalloc.dir/src/bin.c.o
#25 5.818 [  0%] Building CXX object deps/g3dlite/CMakeFiles/g3dlib.dir/source/AnyTableReader.cpp.o
#25 5.842 [  0%] Building C object deps/argon2/CMakeFiles/argon2.dir/argon2/opt.c.o
#25 5.844 [  0%] Built target sfmt
#25 5.864 [  0%] Building C object deps/jemalloc/CMakeFiles/jemalloc.dir/src/bitmap.c.o
#25 5.889 [  0%] Building CXX object deps/g3dlite/CMakeFiles/g3dlib.dir/source/BinaryFormat.cpp.o
#25 5.894 [  0%] Building C object deps/jemalloc/CMakeFiles/jemalloc.dir/src/ckh.c.o
#25 5.904 [  0%] Building CXX object deps/g3dlite/CMakeFiles/g3dlib.dir/source/BinaryInput.cpp.o
#25 5.907 [  0%] Building C object deps/argon2/CMakeFiles/argon2.dir/argon2/thread.c.o
#25 5.943 [  0%] Building C object deps/jemalloc/CMakeFiles/jemalloc.dir/src/ctl.c.o
#25 5.963 [  1%] Building CXX object deps/g3dlite/CMakeFiles/g3dlib.dir/source/BinaryOutput.cpp.o
#25 5.975 [  1%] Linking CXX static library libargon2.a
#25 5.975 [  1%] Built target fmt
#25 6.003 [  2%] Building C object deps/jemalloc/CMakeFiles/jemalloc.dir/src/div.c.o
#25 6.043 [  2%] Building CXX object deps/recastnavigation/Recast/CMakeFiles/Recast.dir/Source/Recast.cpp.o
#25 6.050 [  2%] Building CXX object deps/recastnavigation/Detour/CMakeFiles/Detour.dir/Source/DetourAlloc.cpp.o
#25 6.062 [  2%] Building C object deps/jemalloc/CMakeFiles/jemalloc.dir/src/extent.c.o
#25 6.067 [  2%] Building CXX object deps/g3dlite/CMakeFiles/g3dlib.dir/source/Box.cpp.o
#25 6.114 [  2%] Building C object deps/jemalloc/CMakeFiles/jemalloc.dir/src/extent_dss.c.o
#25 6.116 [  2%] Building CXX object deps/recastnavigation/Detour/CMakeFiles/Detour.dir/Source/DetourAssert.cpp.o
#25 6.118 [  2%] Building CXX object deps/recastnavigation/Recast/CMakeFiles/Recast.dir/Source/RecastAlloc.cpp.o
#25 6.137 [  2%] Building CXX object deps/g3dlite/CMakeFiles/g3dlib.dir/source/Capsule.cpp.o
#25 6.156 [  2%] Building C object deps/jemalloc/CMakeFiles/jemalloc.dir/src/extent_mmap.c.o
#25 6.160 [  2%] Building CXX object deps/recastnavigation/Recast/CMakeFiles/Recast.dir/Source/RecastAssert.cpp.o
#25 6.165 [  2%] Building CXX object deps/recastnavigation/Detour/CMakeFiles/Detour.dir/Source/DetourCommon.cpp.o
#25 6.186 [  2%] Building CXX object deps/recastnavigation/Recast/CMakeFiles/Recast.dir/Source/RecastArea.cpp.o
#25 6.205 [  2%] Building CXX object deps/g3dlite/CMakeFiles/g3dlib.dir/source/CollisionDetection.cpp.o
#25 6.213 [  2%] Building C object deps/jemalloc/CMakeFiles/jemalloc.dir/src/hash.c.o
#25 6.216 [  2%] Building CXX object deps/recastnavigation/Detour/CMakeFiles/Detour.dir/Source/DetourNavMesh.cpp.o
#25 6.242 [  2%] Building CXX object deps/recastnavigation/Recast/CMakeFiles/Recast.dir/Source/RecastContour.cpp.o
#25 6.243 [  2%] Building C object deps/jemalloc/CMakeFiles/jemalloc.dir/src/hook.c.o
#25 6.250 [  2%] Building CXX object deps/g3dlite/CMakeFiles/g3dlib.dir/source/CoordinateFrame.cpp.o
#25 6.289 [  2%] Building CXX object deps/recastnavigation/Detour/CMakeFiles/Detour.dir/Source/DetourNavMeshBuilder.cpp.o
#25 6.313 [  2%] Building CXX object deps/g3dlite/CMakeFiles/g3dlib.dir/source/Crypto.cpp.o
#25 6.315 [  2%] Building C object deps/jemalloc/CMakeFiles/jemalloc.dir/src/jemalloc.c.o
#25 6.317 [  2%] Building CXX object deps/recastnavigation/Recast/CMakeFiles/Recast.dir/Source/RecastFilter.cpp.o
#25 6.339 [  2%] Built target argon2
#25 6.345 [  2%] Building CXX object deps/recastnavigation/Detour/CMakeFiles/Detour.dir/Source/DetourNavMeshQuery.cpp.o
#25 6.351 [  2%] Building CXX object deps/g3dlite/CMakeFiles/g3dlib.dir/source/Cylinder.cpp.o
#25 6.362 [  2%] Building CXX object deps/g3dlite/CMakeFiles/g3dlib.dir/source/debugAssert.cpp.o
#25 6.384 [  2%] Building CXX object deps/recastnavigation/Recast/CMakeFiles/Recast.dir/Source/RecastMesh.cpp.o
#25 6.384 [  2%] Building CXX object deps/jemalloc/CMakeFiles/jemalloc.dir/src/jemalloc_cpp.cpp.o
#25 6.400 [  2%] Building CXX object deps/g3dlite/CMakeFiles/g3dlib.dir/source/FileSystem.cpp.o
#25 6.400 [  2%] Building CXX object deps/recastnavigation/Recast/CMakeFiles/Recast.dir/Source/RecastLayers.cpp.o
#25 6.411 [  2%] Building CXX object deps/recastnavigation/Detour/CMakeFiles/Detour.dir/Source/DetourNode.cpp.o
#25 6.433 [  2%] Building CXX object deps/recastnavigation/Recast/CMakeFiles/Recast.dir/Source/RecastMeshDetail.cpp.o
#25 6.442 [  2%] Building C object deps/jemalloc/CMakeFiles/jemalloc.dir/src/large.c.o
#25 6.457 [  2%] Linking CXX static library libDetour.a
#25 6.461 [  2%] Building CXX object deps/g3dlite/CMakeFiles/g3dlib.dir/source/fileutils.cpp.o
#25 6.474 [  2%] Building CXX object deps/gsoap/CMakeFiles/gsoap.dir/soapC.cpp.o
#25 6.487 [  2%] Building C object deps/jemalloc/CMakeFiles/jemalloc.dir/src/log.c.o
#25 6.495 [  3%] Building CXX object deps/recastnavigation/Recast/CMakeFiles/Recast.dir/Source/RecastRasterization.cpp.o
#25 6.524 [  3%] Building CXX object deps/g3dlite/CMakeFiles/g3dlib.dir/source/format.cpp.o
#25 6.531 [  3%] Building CXX object deps/recastnavigation/Recast/CMakeFiles/Recast.dir/Source/RecastRegion.cpp.o
#25 6.545 [  3%] Building C object deps/jemalloc/CMakeFiles/jemalloc.dir/src/malloc_io.c.o
#25 6.560 [  3%] Linking CXX static library libRecast.a
#25 6.567 [  3%] Building CXX object deps/gsoap/CMakeFiles/gsoap.dir/soapServer.cpp.o
#25 6.592 [  3%] Building C object deps/jemalloc/CMakeFiles/jemalloc.dir/src/mutex.c.o
#25 6.598 [  3%] Building CXX object deps/g3dlite/CMakeFiles/g3dlib.dir/source/g3dfnmatch.cpp.o
#25 6.614 [  3%] Building CXX object deps/gsoap/CMakeFiles/gsoap.dir/stdsoap2.cpp.o
#25 6.647 [  3%] Building C object deps/jemalloc/CMakeFiles/jemalloc.dir/src/mutex_pool.c.o
#25 6.669 [  3%] Building CXX object deps/g3dlite/CMakeFiles/g3dlib.dir/source/g3dmath.cpp.o
#25 6.712 [  3%] Building C object deps/jemalloc/CMakeFiles/jemalloc.dir/src/nstime.c.o
#25 6.733 [  3%] Built target Detour
#25 6.744 [  3%] Building CXX object deps/g3dlite/CMakeFiles/g3dlib.dir/source/GThread.cpp.o
#25 6.774 [  3%] Building C object deps/jemalloc/CMakeFiles/jemalloc.dir/src/pages.c.o
#25 6.790 [  3%] Linking CXX static library libgsoap.a
#25 6.822 [  3%] Building C object deps/libmpq/CMakeFiles/mpq.dir/libmpq/common.c.o
#25 6.822 [  3%] Building C object deps/jemalloc/CMakeFiles/jemalloc.dir/src/prng.c.o
#25 6.848 [  3%] Built target Recast
#25 6.864 [  3%] Building CXX object deps/g3dlite/CMakeFiles/g3dlib.dir/source/Line.cpp.o
#25 6.881 [  3%] Building C object deps/libmpq/CMakeFiles/mpq.dir/libmpq/explode.c.o
#25 6.895 [  3%] Building C object deps/jemalloc/CMakeFiles/jemalloc.dir/src/prof.c.o
#25 6.914 [  3%] Building C object deps/libmpq/CMakeFiles/mpq.dir/libmpq/extract.c.o
#25 6.940 [  3%] Building C object deps/libmpq/CMakeFiles/mpq.dir/libmpq/huffman.c.o
#25 6.943 [  3%] Building C object deps/jemalloc/CMakeFiles/jemalloc.dir/src/rtree.c.o
#25 6.959 [  3%] Building C object deps/libmpq/CMakeFiles/mpq.dir/libmpq/mpq.c.o
#25 6.983 [  3%] Building CXX object deps/g3dlite/CMakeFiles/g3dlib.dir/source/LineSegment.cpp.o
#25 6.993 [  4%] Building C object deps/jemalloc/CMakeFiles/jemalloc.dir/src/safety_check.c.o
#25 7.001 [  4%] Building C object deps/libmpq/CMakeFiles/mpq.dir/libmpq/wave.c.o
#25 7.042 [  4%] Linking CXX static library libmpq.a
#25 7.062 [  4%] Building CXX object deps/g3dlite/CMakeFiles/g3dlib.dir/source/Log.cpp.o
#25 7.066 [  4%] Building C object deps/jemalloc/CMakeFiles/jemalloc.dir/src/stats.c.o
#25 7.089 [  4%] Building C object deps/jemalloc/CMakeFiles/jemalloc.dir/src/sc.c.o
#25 7.102 [  4%] Built target gsoap
#25 7.118 [  4%] Building C object deps/jemalloc/CMakeFiles/jemalloc.dir/src/sz.c.o
#25 7.135 [  4%] Building CXX object deps/g3dlite/CMakeFiles/g3dlib.dir/source/Matrix4.cpp.o
#25 7.157 [  5%] Building CXX object deps/g3dlite/CMakeFiles/g3dlib.dir/source/Matrix3.cpp.o
#25 7.185 [  5%] Building C object deps/jemalloc/CMakeFiles/jemalloc.dir/src/tcache.c.o
#25 7.238 [  5%] Building C object deps/jemalloc/CMakeFiles/jemalloc.dir/src/ticker.c.o
#25 7.260 [  5%] Building CXX object deps/g3dlite/CMakeFiles/g3dlib.dir/source/MemoryManager.cpp.o
#25 7.262 [  5%] Building C object deps/jemalloc/CMakeFiles/jemalloc.dir/src/test_hooks.c.o
#25 7.306 [  5%] Building C object deps/jemalloc/CMakeFiles/jemalloc.dir/src/tsd.c.o
#25 7.329 [  5%] Building C object deps/jemalloc/CMakeFiles/jemalloc.dir/src/witness.c.o
#25 7.340 [  5%] Building CXX object deps/g3dlite/CMakeFiles/g3dlib.dir/source/PhysicsFrame.cpp.o
#25 7.340 [  5%] Built target mpq
#25 7.351 [  5%] Building CXX object deps/g3dlite/CMakeFiles/g3dlib.dir/source/Plane.cpp.o
#25 7.388 [  5%] Building CXX object deps/g3dlite/CMakeFiles/g3dlib.dir/source/prompt.cpp.o
#25 7.390 [  5%] Building CXX object deps/g3dlite/CMakeFiles/g3dlib.dir/source/Quat.cpp.o
#25 7.416 [  5%] Building CXX object deps/g3dlite/CMakeFiles/g3dlib.dir/source/Ray.cpp.o
#25 7.419 [  5%] Building CXX object deps/g3dlite/CMakeFiles/g3dlib.dir/source/Random.cpp.o
#25 7.428 [  5%] Linking CXX static library libjemalloc.a
#25 7.447 [  5%] Building CXX object deps/g3dlite/CMakeFiles/g3dlib.dir/source/RegistryUtil.cpp.o
#25 7.470 [  5%] Building CXX object deps/g3dlite/CMakeFiles/g3dlib.dir/source/stringutils.cpp.o
#25 7.498 [  5%] Building CXX object deps/g3dlite/CMakeFiles/g3dlib.dir/source/Sphere.cpp.o
#25 7.502 [  5%] Building CXX object deps/g3dlite/CMakeFiles/g3dlib.dir/source/System.cpp.o
#25 7.516 [  5%] Building CXX object deps/g3dlite/CMakeFiles/g3dlib.dir/source/TextInput.cpp.o
#25 7.542 [  5%] Building CXX object deps/g3dlite/CMakeFiles/g3dlib.dir/source/TextOutput.cpp.o
#25 7.590 [  5%] Building CXX object deps/g3dlite/CMakeFiles/g3dlib.dir/source/Triangle.cpp.o
#25 7.592 [  5%] Building CXX object deps/g3dlite/CMakeFiles/g3dlib.dir/source/uint128.cpp.o
#25 7.625 [  5%] Building CXX object deps/g3dlite/CMakeFiles/g3dlib.dir/source/UprightFrame.cpp.o
#25 7.659 [  6%] Building CXX object deps/g3dlite/CMakeFiles/g3dlib.dir/source/Vector2.cpp.o
#25 7.670 [  6%] Building CXX object deps/g3dlite/CMakeFiles/g3dlib.dir/source/Vector3.cpp.o
#25 7.672 [  6%] Building CXX object deps/g3dlite/CMakeFiles/g3dlib.dir/source/Vector4.cpp.o
#25 7.723 [  6%] Built target jemalloc
#25 7.741 [  6%] Linking CXX static library libg3dlib.a
#25 7.916 [  6%] Built target g3dlib
#25 7.938 [  6%] Building CXX object src/common/CMakeFiles/common.dir/cmake_pch.hxx.pch
#25 8.047 [  7%] Building CXX object src/common/CMakeFiles/common.dir/Banner.cpp.o
#25 8.048 [  7%] Building CXX object src/common/CMakeFiles/common.dir/Common.cpp.o
#25 8.067 [  7%] Building CXX object src/common/CMakeFiles/common.dir/GitRevision.cpp.o
#25 8.068 [  7%] Building CXX object src/common/CMakeFiles/common.dir/Collision/BoundingIntervalHierarchy.cpp.o
#25 8.113 [  7%] Building CXX object src/common/CMakeFiles/common.dir/Collision/DynamicTree.cpp.o
#25 8.190 [  7%] Building CXX object src/common/CMakeFiles/common.dir/Collision/Management/MMapFactory.cpp.o
#25 8.214 [  7%] Building CXX object src/common/CMakeFiles/common.dir/Collision/Management/VMapMgr2.cpp.o
#25 8.219 [  7%] Building CXX object src/common/CMakeFiles/common.dir/Collision/Management/VMapFactory.cpp.o
#25 8.235 [  7%] Building CXX object src/common/CMakeFiles/common.dir/Collision/Management/MMapMgr.cpp.o
#25 8.289 [  7%] Building CXX object src/common/CMakeFiles/common.dir/Collision/Maps/MapTree.cpp.o
#25 8.324 [  7%] Building CXX object src/common/CMakeFiles/common.dir/Collision/Maps/TileAssembler.cpp.o
#25 8.358 [  7%] Building CXX object src/common/CMakeFiles/common.dir/Collision/Models/GameObjectModel.cpp.o
#25 8.387 [  7%] Building CXX object src/common/CMakeFiles/common.dir/Collision/Models/ModelInstance.cpp.o
#25 8.449 [  7%] Building CXX object src/common/CMakeFiles/common.dir/Collision/Models/WorldModel.cpp.o
#25 8.452 [  7%] Building CXX object src/common/CMakeFiles/common.dir/Configuration/BuiltInConfig.cpp.o
#25 8.496 [  7%] Building CXX object src/common/CMakeFiles/common.dir/Configuration/Config.cpp.o
#25 8.516 [  7%] Building CXX object src/common/CMakeFiles/common.dir/Cryptography/AES.cpp.o
#25 8.536 [  7%] Building CXX object src/common/CMakeFiles/common.dir/Cryptography/ARC4.cpp.o
#25 8.544 [  8%] Building CXX object src/common/CMakeFiles/common.dir/Cryptography/Argon2.cpp.o
#25 8.559 [  8%] Built target revision.h
#25 8.606 [  8%] Building CXX object src/common/CMakeFiles/common.dir/Cryptography/BigNumber.cpp.o
#25 8.607 [  8%] Building CXX object src/common/CMakeFiles/common.dir/Cryptography/CryptoRandom.cpp.o
#25 8.618 [  8%] Building CXX object src/common/CMakeFiles/common.dir/Cryptography/OpenSSLCrypto.cpp.o
#25 8.634 [  8%] Building CXX object src/common/CMakeFiles/common.dir/Cryptography/TOTP.cpp.o
#25 8.649 [  8%] Building CXX object src/common/CMakeFiles/common.dir/Cryptography/Authentication/AuthCrypt.cpp.o
#25 8.682 [  8%] Building CXX object src/common/CMakeFiles/common.dir/Cryptography/Authentication/SRP6.cpp.o
#25 8.753 [  8%] Building CXX object src/common/CMakeFiles/common.dir/Encoding/Base64.cpp.o
#25 8.760 [  8%] Building CXX object src/common/CMakeFiles/common.dir/DataStores/DBCFileLoader.cpp.o
#25 8.763 [  8%] Building CXX object src/common/CMakeFiles/common.dir/Encoding/Base32.cpp.o
#25 8.780 [  8%] Building CXX object src/common/CMakeFiles/common.dir/IPLocation/IPLocation.cpp.o
#25 8.809 [  8%] Building CXX object src/common/CMakeFiles/common.dir/Logging/Appender.cpp.o
#25 8.842 [  8%] Building CXX object src/common/CMakeFiles/common.dir/Logging/AppenderConsole.cpp.o
#25 8.865 [  8%] Building CXX object src/common/CMakeFiles/common.dir/Logging/AppenderFile.cpp.o
#25 8.887 [  8%] Building CXX object src/common/CMakeFiles/common.dir/Logging/Log.cpp.o
#25 8.915 [  9%] Building CXX object src/common/CMakeFiles/common.dir/Logging/Logger.cpp.o
#25 8.927 [  9%] Building CXX object src/common/CMakeFiles/common.dir/Logging/LogOperation.cpp.o
#25 8.944 [  9%] Building CXX object src/common/CMakeFiles/common.dir/Logging/LogMessage.cpp.o
#25 8.959 [  9%] Building CXX object src/common/CMakeFiles/common.dir/Logging/enuminfo_AppenderConsole.cpp.o
#25 8.982 [  9%] Building CXX object src/common/CMakeFiles/common.dir/Logging/enuminfo_LogCommon.cpp.o
#25 8.999 [  9%] Building CXX object src/common/CMakeFiles/common.dir/Metric/Metric.cpp.o
#25 9.048 [  9%] Building CXX object src/common/CMakeFiles/common.dir/Navigation/DetourExtended.cpp.o
#25 9.063 [  9%] Building CXX object src/common/CMakeFiles/common.dir/Threading/ProcessPriority.cpp.o
#25 9.072 [  9%] Building CXX object src/common/CMakeFiles/common.dir/Threading/Threading.cpp.o
#25 9.087 [  9%] Building CXX object src/common/CMakeFiles/common.dir/Utilities/EventMap.cpp.o
#25 9.127 [  9%] Building CXX object src/common/CMakeFiles/common.dir/Utilities/EventProcessor.cpp.o
#25 9.145 [  9%] Building CXX object src/common/CMakeFiles/common.dir/Utilities/Random.cpp.o
#25 9.149 [  9%] Building CXX object src/common/CMakeFiles/common.dir/Utilities/SFMTRand.cpp.o
#25 9.191 [  9%] Building CXX object src/common/CMakeFiles/common.dir/Utilities/StartProcess.cpp.o
#25 9.225 [  9%] Building CXX object src/common/CMakeFiles/common.dir/Utilities/StringFormat.cpp.o
#25 9.233 [  9%] Building CXX object src/common/CMakeFiles/common.dir/Utilities/TaskScheduler.cpp.o
#25 9.252 [  9%] Building CXX object src/common/CMakeFiles/common.dir/Utilities/Timer.cpp.o
#25 9.256 [  9%] Building CXX object src/common/CMakeFiles/common.dir/Utilities/Tokenize.cpp.o
#25 9.286 [  9%] Building CXX object src/common/CMakeFiles/common.dir/Utilities/Util.cpp.o
#25 9.338 [  9%] Building CXX object src/common/CMakeFiles/common.dir/Debugging/Errors.cpp.o
#25 9.513 [ 10%] Linking CXX static library libcommon.a
#25 9.739 [ 10%] Built target common
#25 9.786 [ 10%] Building CXX object src/server/database/CMakeFiles/database.dir/cmake_pch.hxx.pch
#25 9.794 [ 10%] Building CXX object src/tools/CMakeFiles/map_extractor.dir/map_extractor/System.cpp.o
#25 9.803 [ 10%] Building CXX object src/tools/CMakeFiles/vmap4_assembler.dir/vmap4_assembler/VMapAssembler.cpp.o
#25 9.803 [ 11%] Building CXX object src/tools/CMakeFiles/mmaps_generator.dir/mmaps_generator/Config.cpp.o
#25 9.819 [ 11%] Building CXX object src/tools/CMakeFiles/vmap4_extractor.dir/vmap4_extractor/adtfile.cpp.o
#25 9.855 [ 11%] Building CXX object src/tools/CMakeFiles/map_extractor.dir/map_extractor/adt.cpp.o
#25 9.863 [ 11%] Linking CXX executable vmap4_assembler
#25 9.879 [ 11%] Building CXX object src/tools/CMakeFiles/vmap4_extractor.dir/vmap4_extractor/dbcfile.cpp.o
#25 9.893 [ 11%] Building CXX object src/tools/CMakeFiles/map_extractor.dir/map_extractor/dbcfile.cpp.o
#25 9.933 [ 11%] Building CXX object src/tools/CMakeFiles/map_extractor.dir/map_extractor/loadlib.cpp.o
#25 9.936 [ 11%] Building CXX object src/tools/CMakeFiles/mmaps_generator.dir/mmaps_generator/IntermediateValues.cpp.o
#25 9.966 [ 11%] Building CXX object src/tools/CMakeFiles/vmap4_extractor.dir/vmap4_extractor/gameobject_extract.cpp.o
#25 9.970 [ 11%] Building CXX object src/server/database/CMakeFiles/database.dir/Database/AdhocStatement.cpp.o
#25 9.983 [ 11%] Building CXX object src/tools/CMakeFiles/mmaps_generator.dir/mmaps_generator/MapBuilder.cpp.o
#25 9.984 [ 11%] Building CXX object src/tools/CMakeFiles/map_extractor.dir/map_extractor/mpq_libmpq.cpp.o
#25 10.01 [ 11%] Building CXX object src/tools/CMakeFiles/vmap4_extractor.dir/vmap4_extractor/model.cpp.o
#25 10.02 [ 11%] Building CXX object src/tools/CMakeFiles/map_extractor.dir/map_extractor/wdt.cpp.o
#25 10.05 [ 11%] Linking CXX executable map_extractor
#25 10.06 [ 11%] Building CXX object src/tools/CMakeFiles/vmap4_extractor.dir/vmap4_extractor/mpq_libmpq.cpp.o
#25 10.06 [ 11%] Building CXX object src/server/database/CMakeFiles/database.dir/Database/DatabaseEnv.cpp.o
#25 10.09 [ 11%] Building CXX object src/tools/CMakeFiles/mmaps_generator.dir/mmaps_generator/PathGenerator.cpp.o
#25 10.11 [ 11%] Building CXX object src/tools/CMakeFiles/vmap4_extractor.dir/vmap4_extractor/vmapexport.cpp.o
#25 10.17 [ 11%] Building CXX object src/tools/CMakeFiles/vmap4_extractor.dir/vmap4_extractor/wdtfile.cpp.o
#25 10.21 [ 11%] Building CXX object src/server/database/CMakeFiles/database.dir/Database/DatabaseLoader.cpp.o
#25 10.21 [ 11%] Building CXX object src/tools/CMakeFiles/mmaps_generator.dir/mmaps_generator/TerrainBuilder.cpp.o
#25 10.24 [ 11%] Building CXX object src/tools/CMakeFiles/vmap4_extractor.dir/vmap4_extractor/wmo.cpp.o
#25 10.27 [ 11%] Linking CXX executable vmap4_extractor
#25 10.32 [ 11%] Building CXX object src/server/database/CMakeFiles/database.dir/Database/DatabaseWorker.cpp.o
#25 10.40 [ 11%] Linking CXX executable mmaps_generator
#25 10.41 [ 11%] Building CXX object src/server/database/CMakeFiles/database.dir/Database/DatabaseWorkerPool.cpp.o
#25 10.58 [ 11%] Building CXX object src/server/database/CMakeFiles/database.dir/Database/Field.cpp.o
#25 10.66 [ 11%] Built target map_extractor
#25 10.68 [ 11%] Building CXX object src/server/database/CMakeFiles/database.dir/Database/MySQLConnection.cpp.o
#25 10.72 [ 11%] Built target vmap4_assembler
#25 10.73 [ 11%] Building CXX object src/server/database/CMakeFiles/database.dir/Database/MySQLPreparedStatement.cpp.o
#25 10.76 [ 11%] Building CXX object src/server/database/CMakeFiles/database.dir/Database/MySQLThreading.cpp.o
#25 10.77 [ 11%] Building CXX object src/server/database/CMakeFiles/database.dir/Database/PreparedStatement.cpp.o
#25 10.82 [ 11%] Building CXX object src/server/database/CMakeFiles/database.dir/Database/QueryCallback.cpp.o
#25 10.85 [ 11%] Building CXX object src/server/database/CMakeFiles/database.dir/Database/QueryHolder.cpp.o
#25 10.90 [ 11%] Building CXX object src/server/database/CMakeFiles/database.dir/Database/Transaction.cpp.o
#25 10.91 [ 11%] Building CXX object src/server/database/CMakeFiles/database.dir/Database/QueryResult.cpp.o
#25 10.97 [ 11%] Building CXX object src/server/database/CMakeFiles/database.dir/Database/Implementation/CharacterDatabase.cpp.o
#25 11.01 [ 12%] Building CXX object src/server/database/CMakeFiles/database.dir/Database/Implementation/LoginDatabase.cpp.o
#25 11.02 [ 12%] Building CXX object src/server/database/CMakeFiles/database.dir/Database/Implementation/WorldDatabase.cpp.o
#25 11.03 [ 12%] Building CXX object src/server/database/CMakeFiles/database.dir/Database/Implementation/PlayerbotsDatabase.cpp.o
#25 11.11 [ 12%] Building CXX object src/server/database/CMakeFiles/database.dir/Logging/AppenderDB.cpp.o
#25 11.13 [ 12%] Building CXX object src/server/database/CMakeFiles/database.dir/Updater/DBUpdater.cpp.o
#25 11.19 [ 12%] Building CXX object src/server/database/CMakeFiles/database.dir/Updater/UpdateFetcher.cpp.o
#25 11.27 [ 12%] Linking CXX static library libdatabase.a
#25 11.32 [ 12%] Built target vmap4_extractor
#25 11.52 [ 12%] Built target database
#25 11.56 [ 12%] Building CXX object src/server/shared/CMakeFiles/shared.dir/SharedDefines.cpp.o
#25 11.57 [ 12%] Building CXX object src/server/shared/CMakeFiles/shared.dir/enuminfo_SharedDefines.cpp.o
#25 11.57 [ 12%] Building CXX object src/server/shared/CMakeFiles/shared.dir/DataStores/DBCDatabaseLoader.cpp.o
#25 11.58 [ 12%] Building CXX object src/server/shared/CMakeFiles/shared.dir/DataStores/DBCStore.cpp.o
#25 11.61 [ 12%] Building CXX object src/server/shared/CMakeFiles/shared.dir/Packets/ByteBuffer.cpp.o
#25 11.61 [ 12%] Building CXX object src/server/shared/CMakeFiles/shared.dir/Realms/Realm.cpp.o
#25 11.63 [ 12%] Building CXX object src/server/shared/CMakeFiles/shared.dir/Realms/RealmList.cpp.o
#25 11.64 [ 12%] Building CXX object src/server/shared/CMakeFiles/shared.dir/Secrets/SecretMgr.cpp.o
#25 11.69 [ 13%] Linking CXX static library libshared.a
#25 11.75 [ 13%] Built target mmaps_generator
#25 11.81 [ 13%] Built target shared
#25 11.86 [ 13%] Building CXX object src/server/apps/CMakeFiles/authserver.dir/cmake_pch.hxx.pch
#25 11.92 [ 13%] Building CXX object src/server/game/CMakeFiles/game.dir/cmake_pch.hxx.pch
#25 11.98 [ 13%] Building CXX object modules/CMakeFiles/modules.dir/gen_scriptloader/static/ModulesLoader.cpp.o
#25 11.99 [ 13%] Building CXX object modules/CMakeFiles/modules.dir/mod-account-achievements/src/achievements_loader.cpp.o
#25 12.02 [ 13%] Building CXX object modules/CMakeFiles/modules.dir/mod-account-achievements/src/mod_achievements.cpp.o
#25 12.03 [ 13%] Building CXX object modules/CMakeFiles/modules.dir/mod-account-mounts/src/loader_account_mount.cpp.o
#25 12.04 [ 13%] Building CXX object src/server/scripts/CMakeFiles/scripts.dir/cmake_pch.hxx.pch
#25 12.07 [ 13%] Building CXX object modules/CMakeFiles/modules.dir/mod-account-mounts/src/mod_account_mount.cpp.o
#25 12.10 [ 13%] Building CXX object modules/CMakeFiles/modules.dir/mod-ah-bot/src/AuctionHouseBot.cpp.o
#25 12.13 [ 13%] Building CXX object modules/CMakeFiles/modules.dir/mod-ah-bot/src/AuctionHouseBotAuctionHouseScript.cpp.o
#25 12.19 [ 13%] Building CXX object modules/CMakeFiles/modules.dir/mod-ah-bot/src/AuctionHouseBotCommon.cpp.o
#25 12.21 [ 13%] Building CXX object src/server/apps/CMakeFiles/authserver.dir/authserver/Main.cpp.o
#25 12.24 [ 13%] Building CXX object modules/CMakeFiles/modules.dir/mod-ah-bot/src/AuctionHouseBotConfig.cpp.o
#25 12.26 [ 13%] Building CXX object src/server/apps/CMakeFiles/authserver.dir/authserver/Authentication/AuthCodes.cpp.o
#25 12.31 [ 13%] Building CXX object modules/CMakeFiles/modules.dir/mod-ah-bot/src/AuctionHouseBotMailScript.cpp.o
#25 12.34 [ 13%] Building CXX object modules/CMakeFiles/modules.dir/mod-ah-bot/src/AuctionHouseBotScript.cpp.o
#25 12.39 [ 13%] Building CXX object src/server/apps/CMakeFiles/authserver.dir/authserver/Server/AuthSession.cpp.o
#25 12.40 [ 14%] Building CXX object modules/CMakeFiles/modules.dir/mod-ah-bot/src/AuctionHouseBotWorldScript.cpp.o
#25 12.48 [ 14%] Building CXX object modules/CMakeFiles/modules.dir/mod-ah-bot/src/cs_ah_bot.cpp.o
#25 12.48 [ 14%] Building CXX object modules/CMakeFiles/modules.dir/mod-ah-bot/src/ah_bot_loader.cpp.o
#25 12.53 [ 14%] Building CXX object modules/CMakeFiles/modules.dir/mod-aoe-loot/src/aoe_loot.cpp.o
#25 12.56 [ 14%] Linking CXX executable authserver
#25 12.57 [ 14%] Building CXX object modules/CMakeFiles/modules.dir/mod-aoe-loot/src/aoe_loot_loader.cpp.o
#25 12.61 [ 14%] Building CXX object modules/CMakeFiles/modules.dir/mod-firstlogin-starterpack/src/FirstLoginStarterpack.cpp.o
#25 12.61 [ 14%] Building CXX object modules/CMakeFiles/modules.dir/mod-junk-to-gold/src/mod_junk_to_gold.cpp.o
#25 12.70 [ 14%] Building CXX object modules/CMakeFiles/modules.dir/mod-ollama-chat/src/mod-ollama-chat_api.cpp.o
#25 12.73 [ 14%] Building CXX object modules/CMakeFiles/modules.dir/mod-ollama-chat/src/mod-ollama-chat_command.cpp.o
#25 12.78 [ 14%] Building CXX object src/server/game/CMakeFiles/game.dir/AI/CreatureAI.cpp.o
#25 12.80 [ 14%] Building CXX object modules/CMakeFiles/modules.dir/mod-ollama-chat/src/mod-ollama-chat_config.cpp.o
#25 12.85 [ 14%] Building CXX object src/server/scripts/CMakeFiles/scripts.dir/gen_scriptloader/static/ScriptLoader.cpp.o
#25 12.88 [ 14%] Building CXX object modules/CMakeFiles/modules.dir/mod-ollama-chat/src/mod-ollama-chat_events.cpp.o
#25 12.94 [ 14%] Building CXX object modules/CMakeFiles/modules.dir/mod-ollama-chat/src/mod-ollama-chat_handler.cpp.o
#25 13.02 [ 14%] Building CXX object src/server/game/CMakeFiles/game.dir/AI/CreatureAIRegistry.cpp.o
#25 13.03 [ 14%] Building CXX object modules/CMakeFiles/modules.dir/mod-ollama-chat/src/mod-ollama-chat_httpclient.cpp.o
#25 13.06 [ 14%] Building CXX object src/server/scripts/CMakeFiles/scripts.dir/Commands/PlayerCommand.cpp.o
#25 13.10 [ 14%] Building CXX object src/server/game/CMakeFiles/game.dir/AI/CreatureAISelector.cpp.o
#25 13.21 [ 15%] Building CXX object src/server/scripts/CMakeFiles/scripts.dir/Commands/cs_account.cpp.o
#25 13.24 [ 15%] Building CXX object modules/CMakeFiles/modules.dir/mod-ollama-chat/src/mod-ollama-chat_main.cpp.o
#25 13.31 [ 15%] Building CXX object modules/CMakeFiles/modules.dir/mod-ollama-chat/src/mod-ollama-chat_personality.cpp.o
#25 13.33 [ 15%] Building CXX object src/server/scripts/CMakeFiles/scripts.dir/Commands/cs_achievement.cpp.o
#25 13.37 [ 15%] Building CXX object modules/CMakeFiles/modules.dir/mod-ollama-chat/src/mod-ollama-chat_querymanager.cpp.o
#25 13.43 [ 15%] Building CXX object src/server/game/CMakeFiles/game.dir/AI/CoreAI/CombatAI.cpp.o
#25 13.44 [ 15%] Building CXX object src/server/game/CMakeFiles/game.dir/AI/enuminfo_CreatureAI.cpp.o
#25 13.45 [ 15%] Building CXX object modules/CMakeFiles/modules.dir/mod-ollama-chat/src/mod-ollama-chat_rag.cpp.o
#25 13.48 [ 15%] Building CXX object src/server/scripts/CMakeFiles/scripts.dir/Commands/cs_arena.cpp.o
#25 13.54 [ 16%] Building CXX object modules/CMakeFiles/modules.dir/mod-ollama-chat/src/mod-ollama-chat_random.cpp.o
#25 13.64 /azerothcore/modules/mod-ollama-chat/src/mod-ollama-chat_random.cpp:795:18: warning: variable 'IsaGuildComment' set but not used [-Wunused-but-set-variable]
#25 13.64             bool IsaGuildComment = false;
#25 13.64                  ^
#25 13.64 1 warning generated.
#25 13.67 [ 16%] Building CXX object modules/CMakeFiles/modules.dir/mod-ollama-chat/src/mod-ollama-chat_sentiment.cpp.o
#25 13.70 [ 16%] Building CXX object src/server/game/CMakeFiles/game.dir/AI/CoreAI/GameObjectAI.cpp.o
#25 13.72 [ 16%] Building CXX object src/server/scripts/CMakeFiles/scripts.dir/Commands/cs_bag.cpp.o
#25 13.75 [ 16%] Building CXX object modules/CMakeFiles/modules.dir/mod-player-bot-level-brackets/src/mod-player-bot-level-brackets.cpp.o
#25 13.81 [ 16%] Building CXX object src/server/scripts/CMakeFiles/scripts.dir/Commands/cs_ban.cpp.o
#25 13.88 [ 16%] Building CXX object modules/CMakeFiles/modules.dir/mod-playerbots/src/AiFactory.cpp.o
#25 13.91 [ 16%] Building CXX object src/server/scripts/CMakeFiles/scripts.dir/Commands/cs_bf.cpp.o
#25 13.98 [ 16%] Building CXX object modules/CMakeFiles/modules.dir/mod-playerbots/src/BroadcastHelper.cpp.o
#25 14.01 [ 16%] Building CXX object src/server/scripts/CMakeFiles/scripts.dir/Commands/cs_cache.cpp.o
#25 14.04 [ 16%] Building CXX object src/server/game/CMakeFiles/game.dir/AI/CoreAI/GuardAI.cpp.o
#25 14.07 [ 16%] Building CXX object modules/CMakeFiles/modules.dir/mod-playerbots/src/ChatFilter.cpp.o
#25 14.12 [ 16%] Building CXX object src/server/game/CMakeFiles/game.dir/AI/CoreAI/PassiveAI.cpp.o
#25 14.14 [ 16%] Building CXX object src/server/scripts/CMakeFiles/scripts.dir/Commands/cs_cast.cpp.o
#25 14.21 [ 16%] Building CXX object src/server/scripts/CMakeFiles/scripts.dir/Commands/cs_character.cpp.o
#25 14.22 [ 16%] Building CXX object modules/CMakeFiles/modules.dir/mod-playerbots/src/ChatHelper.cpp.o
#25 14.33 [ 16%] Building CXX object src/server/game/CMakeFiles/game.dir/AI/CoreAI/PetAI.cpp.o
#25 14.36 [ 16%] Building CXX object modules/CMakeFiles/modules.dir/mod-playerbots/src/FleeManager.cpp.o
#25 14.38 [ 16%] Building CXX object src/server/scripts/CMakeFiles/scripts.dir/Commands/cs_cheat.cpp.o
#25 14.40 [ 16%] Building CXX object modules/CMakeFiles/modules.dir/mod-playerbots/src/GuildTaskMgr.cpp.o
#25 14.45 [ 16%] Building CXX object src/server/game/CMakeFiles/game.dir/AI/CoreAI/ReactorAI.cpp.o
#25 14.50 [ 16%] Building CXX object src/server/game/CMakeFiles/game.dir/AI/CoreAI/TotemAI.cpp.o
#25 14.51 [ 16%] Building CXX object modules/CMakeFiles/modules.dir/mod-playerbots/src/Helpers.cpp.o
#25 14.58 [ 16%] Building CXX object modules/CMakeFiles/modules.dir/mod-playerbots/src/LootObjectStack.cpp.o
#25 14.60 [ 16%] Building CXX object src/server/game/CMakeFiles/game.dir/AI/CoreAI/UnitAI.cpp.o
#25 14.62 [ 16%] Building CXX object src/server/scripts/CMakeFiles/scripts.dir/Commands/cs_debug.cpp.o
#25 14.66 [ 16%] Building CXX object modules/CMakeFiles/modules.dir/mod-playerbots/src/PerformanceMonitor.cpp.o
#25 14.77 [ 16%] Building CXX object modules/CMakeFiles/modules.dir/mod-playerbots/src/PlaceholderHelper.cpp.o
#25 14.80 [ 16%] Building CXX object modules/CMakeFiles/modules.dir/mod-playerbots/src/PlayerbotAI.cpp.o
#25 14.82 [ 17%] Building CXX object src/server/game/CMakeFiles/game.dir/AI/ScriptedAI/ScriptedCreature.cpp.o
#25 14.84 [ 17%] Built target authserver
#25 14.86 [ 17%] Building CXX object src/server/scripts/CMakeFiles/scripts.dir/Commands/cs_disable.cpp.o
#25 14.87 In file included from /azerothcore/modules/mod-playerbots/src/PlayerbotAI.cpp:50:
#25 14.87 /azerothcore/modules/mod-playerbots/src/strategy/actions/SayAction.h:32:32: warning: unused parameter 'event' [-Wunused-parameter]
#25 14.87     virtual bool Execute(Event event) { return true; }
#25 14.87                                ^
#25 14.87 /azerothcore/modules/mod-playerbots/src/PlayerbotAI.cpp:1390:18: warning: unused variable 'masterBotAI' [-Wunused-variable]
#25 14.87     PlayerbotAI* masterBotAI = nullptr;
#25 14.87                  ^
#25 14.87 /azerothcore/modules/mod-playerbots/src/PlayerbotAI.cpp:1389:12: warning: unused variable 'group' [-Wunused-variable]
#25 14.87     Group* group = bot->GetGroup();
#25 14.87            ^
#25 14.87 /azerothcore/modules/mod-playerbots/src/PlayerbotAI.cpp:1651:40: warning: unused parameter 'load' [-Wunused-parameter]
#25 14.87 void PlayerbotAI::ResetStrategies(bool load)
#25 14.87                                        ^
#25 14.87 In file included from /azerothcore/modules/mod-playerbots/src/PlayerbotAI.cpp:48:
#25 14.87 /azerothcore/modules/mod-playerbots/src/strategy/values/PositionValue.h:23:5: warning: definition of implicit copy assignment operator for 'PositionInfo' is deprecated because it has a user-provided copy constructor [-Wdeprecated-copy-with-user-provided-copy]
#25 14.87     PositionInfo(PositionInfo const& other)
#25 14.87     ^
#25 14.87 /azerothcore/modules/mod-playerbots/src/strategy/Value.h:77:19: note: in implicit copy assignment operator for 'PositionInfo' first required here
#25 14.87             value = Calculate();
#25 14.87                   ^
#25 14.87 /azerothcore/modules/mod-playerbots/src/strategy/Value.h:61:5: note: in instantiation of member function 'CalculatedValue<PositionInfo>::Get' requested here
#25 14.87     CalculatedValue(PlayerbotAI* botAI, std::string const name = "value", uint32 checkInterval = 1)
#25 14.87     ^
#25 14.87 /azerothcore/modules/mod-playerbots/src/strategy/values/PositionValue.h:83:70: note: in instantiation of member function 'CalculatedValue<PositionInfo>::CalculatedValue' requested here
#25 14.87     SinglePositionValue(PlayerbotAI* ai, std::string name = "pos") : CalculatedValue(ai, name), Qualified() {};
#25 14.87                                                                      ^
#25 14.87 5 warnings generated.
#25 14.88 [ 17%] Building CXX object src/server/scripts/CMakeFiles/scripts.dir/Commands/cs_deserter.cpp.o
#25 14.92 [ 17%] Building CXX object modules/CMakeFiles/modules.dir/mod-playerbots/src/PlayerbotAIBase.cpp.o
#25 14.92 [ 17%] Building CXX object src/server/game/CMakeFiles/game.dir/AI/ScriptedAI/ScriptedEscortAI.cpp.o
#25 14.96 [ 17%] Building CXX object src/server/scripts/CMakeFiles/scripts.dir/Commands/cs_event.cpp.o
#25 15.00 [ 17%] Building CXX object modules/CMakeFiles/modules.dir/mod-playerbots/src/PlayerbotAIConfig.cpp.o
#25 15.03 [ 17%] Building CXX object src/server/scripts/CMakeFiles/scripts.dir/Commands/cs_gear.cpp.o
#25 15.04 /azerothcore/modules/mod-playerbots/src/PlayerbotAIConfig.cpp:921:30: warning: comparison of integers of different signs: 'std::vector::size_type' (aka 'unsigned long') and 'int' [-Wsign-compare]
#25 15.04         if (tab_links.size() <= tab)
#25 15.04             ~~~~~~~~~~~~~~~~ ^  ~~~
#25 15.04 /azerothcore/modules/mod-playerbots/src/PlayerbotAIConfig.cpp:928:27: warning: comparison of integers of different signs: 'int' and 'std::basic_string<char>::size_type' (aka 'unsigned long') [-Wsign-compare]
#25 15.04         for (int i = 0; i < tab_links[tab].size(); i++)
#25 15.04                         ~ ^ ~~~~~~~~~~~~~~~~~~~~~
#25 15.04 /azerothcore/modules/mod-playerbots/src/PlayerbotAIConfig.cpp:930:19: warning: comparison of integers of different signs: 'int' and 'std::vector::size_type' (aka 'unsigned long') [-Wsign-compare]
#25 15.04             if (i >= spells[tab].size())
#25 15.04                 ~ ^  ~~~~~~~~~~~~~~~~~~
#25 15.04 /azerothcore/modules/mod-playerbots/src/PlayerbotAIConfig.cpp:977:23: warning: comparison of integers of different signs: 'int' and 'std::basic_string<char>::size_type' (aka 'unsigned long') [-Wsign-compare]
#25 15.04     for (int i = 0; i < tab_link.size(); i++)
#25 15.04                     ~ ^ ~~~~~~~~~~~~~~~
#25 15.04 /azerothcore/modules/mod-playerbots/src/PlayerbotAIConfig.cpp:979:15: warning: comparison of integers of different signs: 'int' and 'std::vector::size_type' (aka 'unsigned long') [-Wsign-compare]
#25 15.04         if (i >= spells.size())
#25 15.04             ~ ^  ~~~~~~~~~~~~~
#25 15.04 5 warnings generated.
#25 15.07 [ 17%] Building CXX object src/server/game/CMakeFiles/game.dir/AI/ScriptedAI/ScriptedFollowerAI.cpp.o
#25 15.08 [ 17%] Building CXX object modules/CMakeFiles/modules.dir/mod-playerbots/src/PlayerbotCommandServer.cpp.o
#25 15.19 [ 17%] Building CXX object src/server/scripts/CMakeFiles/scripts.dir/Commands/cs_gm.cpp.o
#25 15.20 /azerothcore/modules/mod-playerbots/src/PlayerbotCommandServer.cpp:30:15: warning: comparison of integers of different signs: 'size_t' (aka 'unsigned long') and 'int' [-Wsign-compare]
#25 15.20         if (n == -1 || error == boost::asio::error::eof)
#25 15.20             ~ ^  ~~
#25 15.20 1 warning generated.
#25 15.25 [ 17%] Building CXX object src/server/scripts/CMakeFiles/scripts.dir/Commands/cs_go.cpp.o
#25 15.26 [ 17%] Building CXX object modules/CMakeFiles/modules.dir/mod-playerbots/src/PlayerbotDbStore.cpp.o
#25 15.27 [ 17%] Building CXX object src/server/game/CMakeFiles/game.dir/AI/ScriptedAI/ScriptedGossip.cpp.o
#25 15.34 [ 17%] Building CXX object src/server/game/CMakeFiles/game.dir/AI/SmartScripts/SmartAI.cpp.o
#25 15.34 /azerothcore/modules/mod-playerbots/src/PlayerbotDbStore.cpp:71:72: warning: unused parameter 'type' [-Wunused-parameter]
#25 15.34 std::string const PlayerbotDbStore::FormatStrategies(std::string const type, std::vector<std::string> strategies)
#25 15.34                                                                        ^
#25 15.34 1 warning generated.
#25 15.37 [ 18%] Building CXX object modules/CMakeFiles/modules.dir/mod-playerbots/src/PlayerbotDungeonSuggestionMgr.cpp.o
#25 15.44 [ 18%] Building CXX object src/server/scripts/CMakeFiles/scripts.dir/Commands/cs_gobject.cpp.o
#25 15.47 [ 18%] Building CXX object src/server/game/CMakeFiles/game.dir/AI/SmartScripts/SmartScript.cpp.o
#25 15.62 [ 18%] Building CXX object modules/CMakeFiles/modules.dir/mod-playerbots/src/PlayerbotMgr.cpp.o
#25 15.63 [ 19%] Building CXX object src/server/scripts/CMakeFiles/scripts.dir/Commands/cs_group.cpp.o
#25 15.67 [ 19%] Building CXX object src/server/scripts/CMakeFiles/scripts.dir/Commands/cs_guild.cpp.o
#25 15.78 [ 19%] Building CXX object src/server/game/CMakeFiles/game.dir/AI/SmartScripts/SmartScriptMgr.cpp.o
#25 15.78 [ 19%] Building CXX object src/server/scripts/CMakeFiles/scripts.dir/Commands/cs_honor.cpp.o
#25 15.79 [ 19%] Building CXX object src/server/scripts/CMakeFiles/scripts.dir/Commands/cs_instance.cpp.o
#25 15.81 /azerothcore/modules/mod-playerbots/src/PlayerbotMgr.cpp:131:19: warning: comparison of integers of different signs: 'uint32' (aka 'unsigned int') and 'int32' (aka 'int') [-Wsign-compare]
#25 15.81         if (count >= sPlayerbotAIConfig->maxAddedBots)
#25 15.81             ~~~~~ ^  ~~~~~~~~~~~~~~~~~~~~~~~~~~~~~~~~
#25 15.81 /azerothcore/modules/mod-playerbots/src/PlayerbotMgr.cpp:706:17: warning: misleading indentation; statement is not part of the previous 'if' [-Wmisleading-indentation]
#25 15.81                 if (!sPlayerbotAIConfig->allowAccountBots && accountId != masterAccountId &&
#25 15.81                 ^
#25 15.81 /azerothcore/modules/mod-playerbots/src/PlayerbotMgr.cpp:703:13: note: previous statement is here
#25 15.81             if (!accountId)
#25 15.81             ^
#25 15.81 /azerothcore/modules/mod-playerbots/src/PlayerbotMgr.cpp:689:12: warning: unused variable 'botAccount' [-Wunused-variable]
#25 15.81     uint32 botAccount = sCharacterCache->GetCharacterAccountIdByGuid(guid);
#25 15.81            ^
#25 15.81 /azerothcore/modules/mod-playerbots/src/PlayerbotMgr.cpp:684:97: warning: unused parameter 'masterGuildId' [-Wunused-parameter]
#25 15.81                                                      bool admin, uint32 masterAccountId, uint32 masterGuildId)
#25 15.81                                                                                                 ^
#25 15.81 /azerothcore/modules/mod-playerbots/src/PlayerbotMgr.cpp:1558:55: warning: unused parameter 'master' [-Wunused-parameter]
#25 15.81 std::string const PlayerbotHolder::LookupBots(Player* master)
#25 15.81                                                       ^
#25 15.81 /azerothcore/modules/mod-playerbots/src/PlayerbotMgr.cpp:1796:43: warning: unused parameter 'elapsed' [-Wunused-parameter]
#25 15.81 void PlayerbotMgr::CheckTellErrors(uint32 elapsed)
#25 15.81                                           ^
#25 15.81 6 warnings generated.
#25 15.84 [ 19%] Building CXX object src/server/game/CMakeFiles/game.dir/Accounts/AccountMgr.cpp.o
#25 15.90 [ 19%] Building CXX object modules/CMakeFiles/modules.dir/mod-playerbots/src/PlayerbotSecurity.cpp.o
#25 15.93 [ 19%] Building CXX object src/server/game/CMakeFiles/game.dir/Achievements/AchievementMgr.cpp.o
#25 15.93 [ 19%] Building CXX object src/server/scripts/CMakeFiles/scripts.dir/Commands/cs_inventory.cpp.o
#25 16.08 [ 19%] Building CXX object modules/CMakeFiles/modules.dir/mod-playerbots/src/PlayerbotTextMgr.cpp.o
#25 16.10 [ 19%] Building CXX object src/server/game/CMakeFiles/game.dir/Addons/AddonMgr.cpp.o
#25 16.18 [ 19%] Building CXX object src/server/scripts/CMakeFiles/scripts.dir/Commands/cs_item.cpp.o
#25 16.19 [ 19%] Building CXX object modules/CMakeFiles/modules.dir/mod-playerbots/src/PlayerbotWorldThreadProcessor.cpp.o
#25 16.24 [ 19%] Building CXX object modules/CMakeFiles/modules.dir/mod-playerbots/src/Playerbots.cpp.o
#25 16.27 In file included from /azerothcore/modules/mod-playerbots/src/Playerbots.cpp:33:
#25 16.27 In file included from /azerothcore/modules/mod-playerbots/src/strategy/actions/BattleGroundTactics.h:10:
#25 16.27 /azerothcore/modules/mod-playerbots/src/strategy/actions/MovementActions.h:279:27: warning: comparison of integers of different signs: 'int' and 'uint32' (aka 'unsigned int') [-Wsign-compare]
#25 16.27         for (int i = 0; i < intervals; i++)
#25 16.27                         ~ ^ ~~~~~~~~~
#25 16.27 /azerothcore/modules/mod-playerbots/src/Playerbots.cpp:192:100: warning: unused parameter 'guild' [-Wunused-parameter]
#25 16.27     bool OnPlayerCanUseChat(Player* player, uint32 type, uint32 /*lang*/, std::string& msg, Guild* guild) override
#25 16.27                                                                                                    ^
#25 16.27 /azerothcore/modules/mod-playerbots/src/Playerbots.cpp:406:35: warning: unused parameter 'diff' [-Wunused-parameter]
#25 16.27     void OnPlayerbotUpdate(uint32 diff) override
#25 16.27                                   ^
#25 16.27 3 warnings generated.
#25 16.29 [ 19%] Building CXX object src/server/game/CMakeFiles/game.dir/ArenaSpectator/ArenaSpectator.cpp.o
#25 16.30 [ 19%] Building CXX object modules/CMakeFiles/modules.dir/mod-playerbots/src/RandomItemMgr.cpp.o
#25 16.34 /azerothcore/modules/mod-playerbots/src/RandomItemMgr.cpp:179:55: warning: unused parameter 'handler' [-Wunused-parameter]
#25 16.34 bool RandomItemMgr::HandleConsoleCommand(ChatHandler* handler, char const* args)
#25 16.34                                                       ^
#25 16.34 /azerothcore/modules/mod-playerbots/src/RandomItemMgr.cpp:1599:56: warning: comparison of integers of different signs: 'int' and 'uint32' (aka 'unsigned int') [-Wsign-compare]
#25 16.34     if (basicStatsWeight < 0 && (abs(basicStatsWeight) >= statWeight))
#25 16.34                                  ~~~~~~~~~~~~~~~~~~~~~ ^  ~~~~~~~~~~
#25 16.34 /azerothcore/modules/mod-playerbots/src/RandomItemMgr.cpp:1703:12: warning: moving a local object in a return statement prevents copy elision [-Wpessimizing-move]
#25 16.34     return std::move(questIds);
#25 16.34            ^
#25 16.34 /azerothcore/modules/mod-playerbots/src/RandomItemMgr.cpp:1703:12: note: remove std::move call here
#25 16.34     return std::move(questIds);
#25 16.34            ^~~~~~~~~~        ~
#25 16.34 /azerothcore/modules/mod-playerbots/src/RandomItemMgr.cpp:1785:39: warning: '&&' within '||' [-Wlogical-op-parentheses]
#25 16.34         if (info.weights[specId] == 1 && info.slot == EQUIPMENT_SLOT_NECK || info.slot == EQUIPMENT_SLOT_TRINKET1 ||
#25 16.34             ~~~~~~~~~~~~~~~~~~~~~~~~~~^~~~~~~~~~~~~~~~~~~~~~~~~~~~~~~~~~~ ~~
#25 16.34 /azerothcore/modules/mod-playerbots/src/RandomItemMgr.cpp:1785:39: note: place parentheses around the '&&' expression to silence this warning
#25 16.34         if (info.weights[specId] == 1 && info.slot == EQUIPMENT_SLOT_NECK || info.slot == EQUIPMENT_SLOT_TRINKET1 ||
#25 16.34                                       ^
#25 16.34             (                                                            )
#25 16.34 /azerothcore/modules/mod-playerbots/src/RandomItemMgr.cpp:1830:16: warning: moving a local object in a return statement prevents copy elision [-Wpessimizing-move]
#25 16.34         return std::move(listItems);
#25 16.34                ^
#25 16.34 /azerothcore/modules/mod-playerbots/src/RandomItemMgr.cpp:1830:16: note: remove std::move call here
#25 16.34         return std::move(listItems);
#25 16.34                ^~~~~~~~~~         ~
#25 16.34 /azerothcore/modules/mod-playerbots/src/RandomItemMgr.cpp:1851:16: warning: moving a local object in a return statement prevents copy elision [-Wpessimizing-move]
#25 16.34         return std::move(listItems);
#25 16.34                ^
#25 16.34 /azerothcore/modules/mod-playerbots/src/RandomItemMgr.cpp:1851:16: note: remove std::move call here
#25 16.34         return std::move(listItems);
#25 16.34                ^~~~~~~~~~         ~
#25 16.34 /azerothcore/modules/mod-playerbots/src/RandomItemMgr.cpp:1945:12: warning: moving a local object in a return statement prevents copy elision [-Wpessimizing-move]
#25 16.34     return std::move(listItems);
#25 16.34            ^
#25 16.34 /azerothcore/modules/mod-playerbots/src/RandomItemMgr.cpp:1945:12: note: remove std::move call here
#25 16.34     return std::move(listItems);
#25 16.34            ^~~~~~~~~~         ~
#25 16.34 /azerothcore/modules/mod-playerbots/src/RandomItemMgr.cpp:1835:12: warning: variable 'closestUpgrade' set but not used [-Wunused-but-set-variable]
#25 16.34     uint32 closestUpgrade = 0;
#25 16.34            ^
#25 16.34 /azerothcore/modules/mod-playerbots/src/RandomItemMgr.cpp:1826:73: warning: unused parameter 'amount' [-Wunused-parameter]
#25 16.34                                                   uint32 itemId, uint32 amount)
#25 16.34                                                                         ^
#25 16.34 /azerothcore/modules/mod-playerbots/src/RandomItemMgr.cpp:2221:27: warning: comparison of integers of different signs: 'int' and 'uint32' (aka 'unsigned int') [-Wsign-compare]
#25 16.34         for (int j = 0; j < quest->GetRewChoiceItemsCount(); j++)
#25 16.34                         ~ ^ ~~~~~~~~~~~~~~~~~~~~~~~~~~~~~~~
#25 16.34 /azerothcore/modules/mod-playerbots/src/RandomItemMgr.cpp:2232:27: warning: comparison of integers of different signs: 'int' and 'uint32' (aka 'unsigned int') [-Wsign-compare]
#25 16.34         for (int j = 0; j < quest->GetRewItemsCount(); j++)
#25 16.34                         ~ ^ ~~~~~~~~~~~~~~~~~~~~~~~~~
#25 16.34 /azerothcore/modules/mod-playerbots/src/RandomItemMgr.cpp:2377:43: warning: comparison of integers of different signs: 'const uint32' (aka 'const unsigned int') and 'int' [-Wsign-compare]
#25 16.34                 if (proto->AllowableClass != -1)
#25 16.34                     ~~~~~~~~~~~~~~~~~~~~~ ^  ~~
#25 16.34 /azerothcore/modules/mod-playerbots/src/RandomItemMgr.cpp:2770:27: warning: comparison of integers of different signs: 'const uint32' (aka 'const unsigned int') and 'const std::array<int, 8>::value_type' (aka 'const int') [-Wsign-compare]
#25 16.34         if (proto->ItemId == spellInfo->Reagent[x])
#25 16.34             ~~~~~~~~~~~~~ ^  ~~~~~~~~~~~~~~~~~~~~~
#25 16.34 13 warnings generated.
#25 16.35 [ 19%] Building CXX object src/server/scripts/CMakeFiles/scripts.dir/Commands/cs_learn.cpp.o
#25 16.37 [ 19%] Building CXX object modules/CMakeFiles/modules.dir/mod-playerbots/src/RandomPlayerbotFactory.cpp.o
#25 16.40 /azerothcore/modules/mod-playerbots/src/RandomPlayerbotFactory.cpp:280:16: warning: moving a local object in a return statement prevents copy elision [-Wpessimizing-move]
#25 16.40         return std::move(botName);
#25 16.40                ^
#25 16.40 /azerothcore/modules/mod-playerbots/src/RandomPlayerbotFactory.cpp:280:16: note: remove std::move call here
#25 16.40         return std::move(botName);
#25 16.40                ^~~~~~~~~~       ~
#25 16.40 /azerothcore/modules/mod-playerbots/src/RandomPlayerbotFactory.cpp:305:16: warning: moving a local object in a return statement prevents copy elision [-Wpessimizing-move]
#25 16.40         return std::move(botName);
#25 16.40                ^
#25 16.40 /azerothcore/modules/mod-playerbots/src/RandomPlayerbotFactory.cpp:305:16: note: remove std::move call here
#25 16.40         return std::move(botName);
#25 16.40                ^~~~~~~~~~       ~
#25 16.40 /azerothcore/modules/mod-playerbots/src/RandomPlayerbotFactory.cpp:309:12: warning: moving a local object in a return statement prevents copy elision [-Wpessimizing-move]
#25 16.40     return std::move(botName);
#25 16.40            ^
#25 16.40 /azerothcore/modules/mod-playerbots/src/RandomPlayerbotFactory.cpp:309:12: note: remove std::move call here
#25 16.40     return std::move(botName);
#25 16.40            ^~~~~~~~~~       ~
#25 16.40 /azerothcore/modules/mod-playerbots/src/RandomPlayerbotFactory.cpp:247:27: warning: comparison of integers of different signs: 'int' and 'std::basic_string<char>::size_type' (aka 'unsigned long') [-Wsign-compare]
#25 16.40         for (int i = 0; i < botName.size(); i++)
#25 16.40                         ~ ^ ~~~~~~~~~~~~~~
#25 16.40 /azerothcore/modules/mod-playerbots/src/RandomPlayerbotFactory.cpp:947:16: warning: moving a local object in a return statement prevents copy elision [-Wpessimizing-move]
#25 16.40         return std::move(guildName);
#25 16.40                ^
#25 16.40 /azerothcore/modules/mod-playerbots/src/RandomPlayerbotFactory.cpp:947:16: note: remove std::move call here
#25 16.40         return std::move(guildName);
#25 16.40                ^~~~~~~~~~         ~
#25 16.40 /azerothcore/modules/mod-playerbots/src/RandomPlayerbotFactory.cpp:961:16: warning: moving a local object in a return statement prevents copy elision [-Wpessimizing-move]
#25 16.40         return std::move(guildName);
#25 16.40                ^
#25 16.40 /azerothcore/modules/mod-playerbots/src/RandomPlayerbotFactory.cpp:961:16: note: remove std::move call here
#25 16.40         return std::move(guildName);
#25 16.40                ^~~~~~~~~~         ~
#25 16.40 /azerothcore/modules/mod-playerbots/src/RandomPlayerbotFactory.cpp:967:12: warning: moving a local object in a return statement prevents copy elision [-Wpessimizing-move]
#25 16.40     return std::move(guildName);
#25 16.40            ^
#25 16.40 /azerothcore/modules/mod-playerbots/src/RandomPlayerbotFactory.cpp:967:12: note: remove std::move call here
#25 16.40     return std::move(guildName);
#25 16.40            ^~~~~~~~~~         ~
#25 16.40 /azerothcore/modules/mod-playerbots/src/RandomPlayerbotFactory.cpp:1089:16: warning: moving a local object in a return statement prevents copy elision [-Wpessimizing-move]
#25 16.40         return std::move(arenaTeamName);
#25 16.40                ^
#25 16.40 /azerothcore/modules/mod-playerbots/src/RandomPlayerbotFactory.cpp:1089:16: note: remove std::move call here
#25 16.40         return std::move(arenaTeamName);
#25 16.40                ^~~~~~~~~~             ~
#25 16.40 /azerothcore/modules/mod-playerbots/src/RandomPlayerbotFactory.cpp:1104:16: warning: moving a local object in a return statement prevents copy elision [-Wpessimizing-move]
#25 16.40         return std::move(arenaTeamName);
#25 16.40                ^
#25 16.40 /azerothcore/modules/mod-playerbots/src/RandomPlayerbotFactory.cpp:1104:16: note: remove std::move call here
#25 16.40         return std::move(arenaTeamName);
#25 16.40                ^~~~~~~~~~             ~
#25 16.40 /azerothcore/modules/mod-playerbots/src/RandomPlayerbotFactory.cpp:1110:12: warning: moving a local object in a return statement prevents copy elision [-Wpessimizing-move]
#25 16.40     return std::move(arenaTeamName);
#25 16.40            ^
#25 16.40 /azerothcore/modules/mod-playerbots/src/RandomPlayerbotFactory.cpp:1110:12: note: remove std::move call here
#25 16.40     return std::move(arenaTeamName);
#25 16.40            ^~~~~~~~~~             ~
#25 16.40 10 warnings generated.
#25 16.43 [ 19%] Building CXX object modules/CMakeFiles/modules.dir/mod-playerbots/src/RandomPlayerbotMgr.cpp.o
#25 16.49 /azerothcore/modules/mod-playerbots/src/RandomPlayerbotMgr.cpp:357:50: warning: unused parameter 'elapsed' [-Wunused-parameter]
#25 16.49 void RandomPlayerbotMgr::UpdateAIInternal(uint32 elapsed, bool /*minimal*/)
#25 16.49                                                  ^
#25 16.49 /azerothcore/modules/mod-playerbots/src/RandomPlayerbotMgr.cpp:1729:33: warning: lambda capture 'bot' is not used [-Wunused-lambda-capture]
#25 16.49                                [bot](WorldPosition l)
#25 16.49                                 ^~~
#25 16.49 /azerothcore/modules/mod-playerbots/src/RandomPlayerbotMgr.cpp:1984:32: warning: comparison of integers of different signs: 'int32' (aka 'int') and 'uint32' (aka 'unsigned int') [-Wsign-compare]
#25 16.49                 if (l < 1 || l > maxLevel)
#25 16.49                              ~ ^ ~~~~~~~~
#25 16.49 /azerothcore/modules/mod-playerbots/src/RandomPlayerbotMgr.cpp:2063:45: warning: comparison of integers of different signs: 'int' and 'uint32' (aka 'unsigned int') [-Wsign-compare]
#25 16.49                 for (int i = bracket.low; i <= bracket.high; i++)
#25 16.49                                           ~ ^  ~~~~~~~~~~~~
#25 16.49 /azerothcore/modules/mod-playerbots/src/RandomPlayerbotMgr.cpp:2143:33: warning: comparison of integers of different signs: 'int32' (aka 'int') and 'uint32' (aka 'unsigned int') [-Wsign-compare]
#25 16.49             for (int32 l = 1; l <= maxLevel; l++)
#25 16.49                               ~ ^  ~~~~~~~~
#25 16.49 /azerothcore/modules/mod-playerbots/src/RandomPlayerbotMgr.cpp:2612:87: warning: unused parameter 'teleZ' [-Wunused-parameter]
#25 16.49 uint32 RandomPlayerbotMgr::GetZoneLevel(uint16 mapId, float teleX, float teleY, float teleZ)
#25 16.49                                                                                       ^
#25 16.49 /azerothcore/modules/mod-playerbots/src/RandomPlayerbotMgr.cpp:2805:12: warning: moving a local object in a return statement prevents copy elision [-Wpessimizing-move]
#25 16.49     return std::move(BgBots);
#25 16.49            ^
#25 16.49 /azerothcore/modules/mod-playerbots/src/RandomPlayerbotMgr.cpp:2805:12: note: remove std::move call here
#25 16.49     return std::move(BgBots);
#25 16.49            ^~~~~~~~~~      ~
#25 16.49 In file included from /azerothcore/modules/mod-playerbots/src/RandomPlayerbotMgr.cpp:6:
#25 16.49 /azerothcore/modules/mod-playerbots/src/RandomPlayerbotMgr.h:52:5: warning: definition of implicit copy assignment operator for 'CachedEvent' is deprecated because it has a user-provided copy constructor [-Wdeprecated-copy-with-user-provided-copy]
#25 16.49     CachedEvent(const CachedEvent& other)
#25 16.49     ^
#25 16.49 /azerothcore/modules/mod-playerbots/src/RandomPlayerbotMgr.cpp:2829:44: note: in implicit copy assignment operator for 'CachedEvent' first required here
#25 16.49                 eventCache[bot][eventName] = std::move(e);
#25 16.49                                            ^
#25 16.49 /azerothcore/modules/mod-playerbots/src/RandomPlayerbotMgr.cpp:2927:69: warning: unused parameter 'handler' [-Wunused-parameter]
#25 16.49 bool RandomPlayerbotMgr::HandlePlayerbotConsoleCommand(ChatHandler* handler, char const* args)
#25 16.49                                                                     ^
#25 16.49 9 warnings generated.
#25 16.50 [ 19%] Building CXX object src/server/game/CMakeFiles/game.dir/AuctionHouse/AuctionHouseMgr.cpp.o
#25 16.53 [ 19%] Building CXX object modules/CMakeFiles/modules.dir/mod-playerbots/src/ServerFacade.cpp.o
#25 16.55 [ 19%] Building CXX object src/server/scripts/CMakeFiles/scripts.dir/Commands/cs_lfg.cpp.o
#25 16.58 /azerothcore/modules/mod-playerbots/src/ServerFacade.cpp:42:67: warning: unused parameter 'force' [-Wunused-parameter]
#25 16.58 void ServerFacade::SetFacingTo(Player* bot, WorldObject* wo, bool force)
#25 16.58                                                                   ^
#25 16.58 1 warning generated.
#25 16.61 [ 19%] Building CXX object modules/CMakeFiles/modules.dir/mod-playerbots/src/Talentspec.cpp.o
#25 16.65 [ 19%] Building CXX object src/server/game/CMakeFiles/game.dir/AuctionHouse/AuctionHouseSearcher.cpp.o
#25 16.68 [ 19%] Building CXX object src/server/scripts/CMakeFiles/scripts.dir/Commands/cs_list.cpp.o
#25 16.70 [ 19%] Building CXX object src/server/scripts/CMakeFiles/scripts.dir/Commands/cs_lookup.cpp.o
#25 16.80 [ 19%] Building CXX object src/server/scripts/CMakeFiles/scripts.dir/Commands/cs_message.cpp.o
#25 16.81 /azerothcore/modules/mod-playerbots/src/Talentspec.cpp:143:64: warning: unused parameter 'out' [-Wunused-parameter]
#25 16.81 void TalentSpec::ApplyTalents(Player* bot, std::ostringstream* out)
#25 16.81                                                                ^
#25 16.81 /azerothcore/modules/mod-playerbots/src/Talentspec.cpp:320:12: warning: moving a local object in a return statement prevents copy elision [-Wpessimizing-move]
#25 16.81     return std::move(retList);
#25 16.81            ^
#25 16.81 /azerothcore/modules/mod-playerbots/src/Talentspec.cpp:320:12: note: remove std::move call here
#25 16.81     return std::move(retList);
#25 16.81            ^~~~~~~~~~       ~
#25 16.81 /azerothcore/modules/mod-playerbots/src/Talentspec.cpp:333:29: warning: comparison of integers of different signs: 'uint32' (aka 'unsigned int') and 'int32' (aka 'int') [-Wsign-compare]
#25 16.81         if (entry.tabPage() == tabpage)
#25 16.81             ~~~~~~~~~~~~~~~ ^  ~~~~~~~
#25 16.81 /azerothcore/modules/mod-playerbots/src/Talentspec.cpp:371:12: warning: moving a local object in a return statement prevents copy elision [-Wpessimizing-move]
#25 16.81     return std::move(link);
#25 16.81            ^
#25 16.81 /azerothcore/modules/mod-playerbots/src/Talentspec.cpp:371:12: note: remove std::move call here
#25 16.81     return std::move(link);
#25 16.81            ^~~~~~~~~~    ~
#25 16.81 /azerothcore/modules/mod-playerbots/src/Talentspec.cpp:398:50: warning: unused parameter 'bot' [-Wunused-parameter]
#25 16.81 std::string const TalentSpec::FormatSpec(Player* bot)
#25 16.81                                                  ^
#25 16.81 /azerothcore/modules/mod-playerbots/src/Talentspec.cpp:449:61: warning: comparison of integers of different signs: 'uint32' (aka 'unsigned int') and 'int' [-Wsign-compare]
#25 16.81                 else if (reverse == ADDED_POINTS || reverse == REMOVED_POINTS)
#25 16.81                                                     ~~~~~~~ ^  ~~~~~~~~~~~~~~
#25 16.81 6 warnings generated.
#25 16.86 [ 19%] Building CXX object modules/CMakeFiles/modules.dir/mod-playerbots/src/TravelMgr.cpp.o
#25 16.88 [ 19%] Building CXX object src/server/game/CMakeFiles/game.dir/Autobroadcast/AutobroadcastMgr.cpp.o
#25 16.89 [ 19%] Building CXX object src/server/scripts/CMakeFiles/scripts.dir/Commands/cs_misc.cpp.o
#25 16.92 [ 19%] Building CXX object src/server/game/CMakeFiles/game.dir/Battlefield/Battlefield.cpp.o
#25 17.01 [ 19%] Building CXX object modules/CMakeFiles/modules.dir/mod-playerbots/src/TravelNode.cpp.o
#25 17.03 [ 19%] Building CXX object src/server/game/CMakeFiles/game.dir/Battlefield/BattlefieldHandler.cpp.o
#25 17.06 /azerothcore/modules/mod-playerbots/src/TravelMgr.cpp:477:12: warning: moving a local object in a return statement prevents copy elision [-Wpessimizing-move]
#25 17.06     return std::move(areaName);
#25 17.06            ^
#25 17.06 /azerothcore/modules/mod-playerbots/src/TravelMgr.cpp:477:12: note: remove std::move call here
#25 17.06     return std::move(areaName);
#25 17.06            ^~~~~~~~~~        ~
#25 17.06 /azerothcore/modules/mod-playerbots/src/TravelMgr.cpp:480:58: warning: unused parameter 'entry' [-Wunused-parameter]
#25 17.06 std::set<Transport*> WorldPosition::getTransports(uint32 entry)
#25 17.06                                                          ^
#25 17.06 /azerothcore/modules/mod-playerbots/src/TravelMgr.cpp:646:33: warning: unused variable 'i_mapEntry' [-Wunused-variable]
#25 17.06                 const MapEntry* i_mapEntry = sMapStore.LookupEntry(mapId);
#25 17.06                                 ^
#25 17.06 /azerothcore/modules/mod-playerbots/src/TravelMgr.cpp:1205:35: warning: comparison of integers of different signs: 'uint32' (aka 'unsigned int') and 'int32' (aka 'int') [-Wsign-compare]
#25 17.06             if (target.GetEntry() == getEntry() && target.IsCreature() && botAI->GetCreature(target) &&
#25 17.06                 ~~~~~~~~~~~~~~~~~ ^  ~~~~~~~~~~
#25 17.06 /azerothcore/modules/mod-playerbots/src/TravelMgr.cpp:1257:29: warning: comparison of integers of different signs: 'uint32' (aka 'unsigned int') and 'int32' (aka 'int') [-Wsign-compare]
#25 17.06         if (guid.GetEntry() == getEntry())
#25 17.06             ~~~~~~~~~~~~~~~ ^  ~~~~~~~~~~
#25 17.06 /azerothcore/modules/mod-playerbots/src/TravelMgr.cpp:1403:35: warning: comparison of integers of different signs: 'uint32' (aka 'unsigned int') and 'int32' (aka 'int') [-Wsign-compare]
#25 17.06             if (target.GetEntry() == getEntry() && target.IsCreature() && botAI->GetCreature(target) &&
#25 17.06                 ~~~~~~~~~~~~~~~~~ ^  ~~~~~~~~~~
#25 17.06 /azerothcore/modules/mod-playerbots/src/TravelMgr.cpp:3783:60: warning: unused parameter 'amount' [-Wunused-parameter]
#25 17.06                                                     uint32 amount)
#25 17.06                                                            ^
#25 17.06 /azerothcore/modules/mod-playerbots/src/TravelMgr.cpp:4037:12: warning: moving a local object in a return statement prevents copy elision [-Wpessimizing-move]
#25 17.06     return std::move(retTravelLocations);
#25 17.06            ^
#25 17.06 /azerothcore/modules/mod-playerbots/src/TravelMgr.cpp:4037:12: note: remove std::move call here
#25 17.06     return std::move(retTravelLocations);
#25 17.06            ^~~~~~~~~~                  ~
#25 17.06 8 warnings generated.
#25 17.09 /azerothcore/modules/mod-playerbots/src/TravelNode.cpp:367:12: warning: moving a local object in a return statement prevents copy elision [-Wpessimizing-move]
#25 17.09     return std::move(closeList);
#25 17.09            ^
#25 17.09 /azerothcore/modules/mod-playerbots/src/TravelNode.cpp:367:12: note: remove std::move call here
#25 17.09     return std::move(closeList);
#25 17.09            ^~~~~~~~~~         ~
#25 17.09 /azerothcore/modules/mod-playerbots/src/TravelNode.cpp:1166:12: warning: moving a local object in a return statement prevents copy elision [-Wpessimizing-move]
#25 17.09     return std::move(retVec);
#25 17.09            ^
#25 17.09 /azerothcore/modules/mod-playerbots/src/TravelNode.cpp:1166:12: note: remove std::move call here
#25 17.09     return std::move(retVec);
#25 17.09            ^~~~~~~~~~      ~
#25 17.09 2 warnings generated.
#25 17.14 [ 19%] Building CXX object src/server/scripts/CMakeFiles/scripts.dir/Commands/cs_mmaps.cpp.o
#25 17.14 [ 19%] Building CXX object modules/CMakeFiles/modules.dir/mod-playerbots/src/cs_playerbots.cpp.o
#25 17.18 In file included from /azerothcore/modules/mod-playerbots/src/cs_playerbots.cpp:16:
#25 17.18 In file included from /azerothcore/modules/mod-playerbots/src/strategy/actions/BattleGroundTactics.h:10:
#25 17.18 /azerothcore/modules/mod-playerbots/src/strategy/actions/MovementActions.h:279:27: warning: comparison of integers of different signs: 'int' and 'uint32' (aka 'unsigned int') [-Wsign-compare]
#25 17.18         for (int i = 0; i < intervals; i++)
#25 17.18                         ~ ^ ~~~~~~~~~
#25 17.18 /azerothcore/modules/mod-playerbots/src/cs_playerbots.cpp:75:51: warning: unused parameter 'handler' [-Wunused-parameter]
#25 17.18     static bool HandlePerfMonCommand(ChatHandler* handler, char const* args)
#25 17.18                                                   ^
#25 17.18 2 warnings generated.
#25 17.19 [ 19%] Building CXX object modules/CMakeFiles/modules.dir/mod-playerbots/src/playerbots_loader.cpp.o
#25 17.21 [ 19%] Building CXX object src/server/scripts/CMakeFiles/scripts.dir/Commands/cs_modify.cpp.o
#25 17.23 [ 19%] Building CXX object modules/CMakeFiles/modules.dir/mod-playerbots/src/factory/PlayerbotFactory.cpp.o
#25 17.24 [ 19%] Building CXX object src/server/game/CMakeFiles/game.dir/Battlefield/BattlefieldMgr.cpp.o
#25 17.27 /azerothcore/modules/mod-playerbots/src/factory/PlayerbotFactory.cpp:239:60: warning: comparison of integers of different signs: 'uint32' (aka 'unsigned int') and 'int32' (aka 'int') [-Wsign-compare]
#25 17.27     if (!sPlayerbotAIConfig->equipmentPersistence || level < sPlayerbotAIConfig->equipmentPersistenceLevel)
#25 17.27                                                      ~~~~~ ^ ~~~~~~~~~~~~~~~~~~~~~~~~~~~~~~~~~~~~~~~~~~~~~
#25 17.27 /azerothcore/modules/mod-playerbots/src/factory/PlayerbotFactory.cpp:248:64: warning: comparison of integers of different signs: 'uint32' (aka 'unsigned int') and 'int32' (aka 'int') [-Wsign-compare]
#25 17.27         if (!sPlayerbotAIConfig->equipmentPersistence || level < sPlayerbotAIConfig->equipmentPersistenceLevel)
#25 17.27                                                          ~~~~~ ^ ~~~~~~~~~~~~~~~~~~~~~~~~~~~~~~~~~~~~~~~~~~~~~
#25 17.27 /azerothcore/modules/mod-playerbots/src/factory/PlayerbotFactory.cpp:815:41: warning: comparison of integers of different signs: 'int' and 'const unsigned int' [-Wsign-compare]
#25 17.27                 for (int rank = 0; rank < std::min((uint32)MAX_TALENT_RANK, (uint32)pet->GetFreeTalentPoints()); ++rank)
#25 17.27                                    ~~~~ ^ ~~~~~~~~~~~~~~~~~~~~~~~~~~~~~~~~~~~~~~~~~~~~~~~~~~~~~~~~~~~~~~~~~~~~~
#25 17.27 /azerothcore/modules/mod-playerbots/src/factory/PlayerbotFactory.cpp:952:20: warning: unused variable 'guid' [-Wunused-variable]
#25 17.27             uint32 guid = map->GenerateLowGuid<HighGuid::Pet>();
#25 17.27                    ^
#25 17.27 /azerothcore/modules/mod-playerbots/src/factory/PlayerbotFactory.cpp:953:20: warning: unused variable 'pet_number' [-Wunused-variable]
#25 17.27             uint32 pet_number = sObjectMgr->GeneratePetNumber();
#25 17.27                    ^
#25 17.27 /azerothcore/modules/mod-playerbots/src/factory/PlayerbotFactory.cpp:1916:15: warning: unused variable 'newItem' [-Wunused-variable]
#25 17.27         Item* newItem = bot->EquipNewItem(dest, bestItemForSlot, true);
#25 17.27               ^
#25 17.27 /azerothcore/modules/mod-playerbots/src/factory/PlayerbotFactory.cpp:1985:19: warning: unused variable 'newItem' [-Wunused-variable]
#25 17.27             Item* newItem = bot->EquipNewItem(dest, bestItemForSlot, true);
#25 17.27                   ^
#25 17.27 /azerothcore/modules/mod-playerbots/src/factory/PlayerbotFactory.cpp:1792:72: warning: comparison of integers of different signs: 'uint32' (aka 'unsigned int') and 'const int' [-Wsign-compare]
#25 17.27             for (uint32 requiredLevel = bot->GetLevel(); requiredLevel > std::max((int32)bot->GetLevel() - delta, 0);
#25 17.27                                                          ~~~~~~~~~~~~~ ^ ~~~~~~~~~~~~~~~~~~~~~~~~~~~~~~~~~~~~~~~~~~~
#25 17.27 /azerothcore/modules/mod-playerbots/src/factory/PlayerbotFactory.cpp:1831:44: warning: comparison of integers of different signs: 'const uint32' (aka 'const unsigned int') and 'int32' (aka 'int') [-Wsign-compare]
#25 17.27                         if (proto->Quality != desiredQuality)
#25 17.27                             ~~~~~~~~~~~~~~ ^  ~~~~~~~~~~~~~~
#25 17.27 /azerothcore/modules/mod-playerbots/src/factory/PlayerbotFactory.cpp:1862:35: warning: comparison of integers of different signs: 'int' and 'std::vector::size_type' (aka 'unsigned long') [-Wsign-compare]
#25 17.27         for (int index = 0; index < ids.size(); index++)
#25 17.27                             ~~~~~ ^ ~~~~~~~~~~
#25 17.27 /azerothcore/modules/mod-playerbots/src/factory/PlayerbotFactory.cpp:1956:39: warning: comparison of integers of different signs: 'int' and 'std::vector::size_type' (aka 'unsigned long') [-Wsign-compare]
#25 17.27             for (int index = 0; index < ids.size(); index++)
#25 17.27                                 ~~~~~ ^ ~~~~~~~~~~
#25 17.27 /azerothcore/modules/mod-playerbots/src/factory/PlayerbotFactory.cpp:2013:89: warning: comparison of integers of different signs: 'int32' (aka 'int') and 'uint32' (aka 'unsigned int') [-Wsign-compare]
#25 17.27     return proto->Quality < ITEM_QUALITY_RARE || int32(bot->GetLevel() - requiredLevel) > delta;
#25 17.27                                                  ~~~~~~~~~~~~~~~~~~~~~~~~~~~~~~~~~~~~~~ ^ ~~~~~
#25 17.27 /azerothcore/modules/mod-playerbots/src/factory/PlayerbotFactory.cpp:2162:15: warning: unused variable 'newItem' [-Wunused-variable]
#25 17.27         Item* newItem = bot->EquipNewItem(dest, newItemId, true);
#25 17.27               ^
#25 17.27 /azerothcore/modules/mod-playerbots/src/factory/PlayerbotFactory.cpp:2754:37: warning: comparison of integers of different signs: 'int' and 'const unsigned int' [-Wsign-compare]
#25 17.27             for (int rank = 0; rank < std::min((uint32)MAX_TALENT_RANK, bot->GetFreeTalentPoints()); ++rank)
#25 17.27                                ~~~~ ^ ~~~~~~~~~~~~~~~~~~~~~~~~~~~~~~~~~~~~~~~~~~~~~~~~~~~~~~~~~~~~~
#25 17.27 /azerothcore/modules/mod-playerbots/src/factory/PlayerbotFactory.cpp:2916:12: warning: unused variable 'count' [-Wunused-variable]
#25 17.27     uint32 count = 0;
#25 17.27            ^
#25 17.27 /azerothcore/modules/mod-playerbots/src/factory/PlayerbotFactory.cpp:3288:23: warning: comparison of integers of different signs: 'int' and 'unsigned long' [-Wsign-compare]
#25 17.27     for (int i = 0; i < sizeof(categories) / sizeof(uint32); ++i)
#25 17.27                     ~ ^ ~~~~~~~~~~~~~~~~~~~~~~~~~~~~~~~~~~~
#25 17.27 /azerothcore/modules/mod-playerbots/src/factory/PlayerbotFactory.cpp:3321:9: warning: unused variable 'specTab' [-Wunused-variable]
#25 17.27     int specTab = AiFactory::GetPlayerSpecTab(bot);
#25 17.27         ^
#25 17.27 /azerothcore/modules/mod-playerbots/src/factory/PlayerbotFactory.cpp:4431:19: warning: variable 'colorChosen' set but not used [-Wunused-but-set-variable]
#25 17.27             int32 colorChosen;
#25 17.27                   ^
#25 17.27 /azerothcore/modules/mod-playerbots/src/factory/PlayerbotFactory.cpp:4294:52: warning: unused parameter 'destroyOld' [-Wunused-parameter]
#25 17.27 void PlayerbotFactory::ApplyEnchantAndGemsNew(bool destroyOld)
#25 17.27                                                    ^
#25 17.27 /azerothcore/modules/mod-playerbots/src/factory/PlayerbotFactory.cpp:4462:39: warning: comparison of integers of different signs: 'int' and 'std::vector::size_type' (aka 'unsigned long') [-Wsign-compare]
#25 17.27                     for (int i = 1; i < curCount.size(); i++)
#25 17.27                                     ~ ^ ~~~~~~~~~~~~~~~
#25 17.27 /azerothcore/modules/mod-playerbots/src/factory/PlayerbotFactory.cpp:4464:41: warning: comparison of integers of different signs: '__gnu_cxx::__alloc_traits<std::allocator<unsigned int>, unsigned int>::value_type' (aka 'unsigned int') and 'int' [-Wsign-compare]
#25 17.27                         if (curCount[i] < requiredActive && (gemProperties->color & (1 << i)))
#25 17.27                             ~~~~~~~~~~~ ^ ~~~~~~~~~~~~~~
#25 17.27 21 warnings generated.
#25 17.29 [ 19%] Building CXX object modules/CMakeFiles/modules.dir/mod-playerbots/src/factory/StatsCollector.cpp.o
#25 17.30 [ 20%] Building CXX object src/server/game/CMakeFiles/game.dir/Battlefield/Zones/BattlefieldWG.cpp.o
#25 17.34 [ 20%] Building CXX object src/server/game/CMakeFiles/game.dir/Battlegrounds/Arena.cpp.o
#25 17.39 /azerothcore/modules/mod-playerbots/src/factory/StatsCollector.cpp:42:23: warning: comparison of integers of different signs: 'int' and 'const uint32' (aka 'const unsigned int') [-Wsign-compare]
#25 17.39     for (int i = 0; i < proto->StatsCount; i++)
#25 17.39                     ~ ^ ~~~~~~~~~~~~~~~~~
#25 17.39 1 warning generated.
#25 17.44 [ 21%] Building CXX object modules/CMakeFiles/modules.dir/mod-playerbots/src/factory/StatsWeightCalculator.cpp.o
#25 17.49 /azerothcore/modules/mod-playerbots/src/factory/StatsWeightCalculator.cpp:502:58: warning: unused parameter 'player' [-Wunused-parameter]
#25 17.49 void StatsWeightCalculator::CalculateSocketBonus(Player* player, ItemTemplate const* proto)
#25 17.49                                                          ^
#25 17.49 1 warning generated.
#25 17.50 [ 21%] Building CXX object src/server/scripts/CMakeFiles/scripts.dir/Commands/cs_npc.cpp.o
#25 17.54 [ 21%] Building CXX object modules/CMakeFiles/modules.dir/mod-playerbots/src/strategy/Action.cpp.o
#25 17.56 [ 21%] Building CXX object src/server/game/CMakeFiles/game.dir/Battlegrounds/ArenaTeam.cpp.o
#25 17.59 [ 21%] Building CXX object src/server/game/CMakeFiles/game.dir/Battlegrounds/ArenaTeamMgr.cpp.o
#25 17.60 [ 21%] Building CXX object src/server/scripts/CMakeFiles/scripts.dir/Commands/cs_pet.cpp.o
#25 17.68 [ 21%] Building CXX object modules/CMakeFiles/modules.dir/mod-playerbots/src/strategy/AiObject.cpp.o
#25 17.75 [ 21%] Building CXX object modules/CMakeFiles/modules.dir/mod-playerbots/src/strategy/AiObjectContext.cpp.o
#25 17.76 [ 21%] Building CXX object src/server/game/CMakeFiles/game.dir/Battlegrounds/Battleground.cpp.o
#25 17.80 [ 21%] Building CXX object src/server/scripts/CMakeFiles/scripts.dir/Commands/cs_player.cpp.o
#25 17.90 In file included from /azerothcore/modules/mod-playerbots/src/strategy/AiObjectContext.cpp:8:
#25 17.90 In file included from /azerothcore/modules/mod-playerbots/src/strategy/actions/ActionContext.h:10:
#25 17.90 In file included from /azerothcore/modules/mod-playerbots/src/strategy/actions/AttackAction.h:9:
#25 17.90 /azerothcore/modules/mod-playerbots/src/strategy/actions/MovementActions.h:279:27: warning: comparison of integers of different signs: 'int' and 'uint32' (aka 'unsigned int') [-Wsign-compare]
#25 17.90         for (int i = 0; i < intervals; i++)
#25 17.90                         ~ ^ ~~~~~~~~~
#25 17.90 In file included from /azerothcore/modules/mod-playerbots/src/strategy/AiObjectContext.cpp:8:
#25 17.90 In file included from /azerothcore/modules/mod-playerbots/src/strategy/actions/ActionContext.h:17:
#25 17.90 /azerothcore/modules/mod-playerbots/src/strategy/actions/CastCustomSpellAction.h:24:55: warning: unused parameter 'target' [-Wunused-parameter]
#25 17.90     virtual std::string const castString(WorldObject* target) { return "cast"; }
#25 17.90                                                       ^
#25 17.90 /azerothcore/modules/mod-playerbots/src/strategy/actions/CastCustomSpellAction.h:52:54: warning: unused parameter 'spellInfo' [-Wunused-parameter]
#25 17.90     virtual uint32 GetSpellPriority(SpellInfo const* spellInfo) { return 1; }
#25 17.90                                                      ^
#25 17.90 In file included from /azerothcore/modules/mod-playerbots/src/strategy/AiObjectContext.cpp:8:
#25 17.90 In file included from /azerothcore/modules/mod-playerbots/src/strategy/actions/ActionContext.h:59:
#25 17.90 /azerothcore/modules/mod-playerbots/src/strategy/actions/SayAction.h:32:32: warning: unused parameter 'event' [-Wunused-parameter]
#25 17.90     virtual bool Execute(Event event) { return true; }
#25 17.90                                ^
#25 17.90 In file included from /azerothcore/modules/mod-playerbots/src/strategy/AiObjectContext.cpp:25:
#25 17.90 In file included from /azerothcore/modules/mod-playerbots/src/strategy/values/ValueContext.h:40:
#25 17.90 /azerothcore/modules/mod-playerbots/src/strategy/values/ItemCountValue.h:20:24: warning: unused parameter 'event' [-Wunused-parameter]
#25 17.90     bool Execute(Event event) override { return false; }
#25 17.90                        ^
#25 17.90 In file included from /azerothcore/modules/mod-playerbots/src/strategy/AiObjectContext.cpp:25:
#25 17.90 In file included from /azerothcore/modules/mod-playerbots/src/strategy/values/ValueContext.h:66:
#25 17.90 /azerothcore/modules/mod-playerbots/src/strategy/values/PartyMemberWithoutAuraValue.h:20:39: warning: unused parameter 'range' [-Wunused-parameter]
#25 17.90                                 float range = sPlayerbotAIConfig->sightDistance)
#25 17.90                                       ^
#25 17.90 In file included from /azerothcore/modules/mod-playerbots/src/strategy/AiObjectContext.cpp:25:
#25 17.90 In file included from /azerothcore/modules/mod-playerbots/src/strategy/values/ValueContext.h:67:
#25 17.90 /azerothcore/modules/mod-playerbots/src/strategy/values/PartyMemberWithoutItemValue.h:20:39: warning: unused parameter 'range' [-Wunused-parameter]
#25 17.90                                 float range = sPlayerbotAIConfig->farDistance)
#25 17.90                                       ^
#25 17.90 In file included from /azerothcore/modules/mod-playerbots/src/strategy/AiObjectContext.cpp:25:
#25 17.90 In file included from /azerothcore/modules/mod-playerbots/src/strategy/values/ValueContext.h:69:
#25 17.90 /azerothcore/modules/mod-playerbots/src/strategy/values/PositionValue.h:23:5: warning: definition of implicit copy assignment operator for 'PositionInfo' is deprecated because it has a user-provided copy constructor [-Wdeprecated-copy-with-user-provided-copy]
#25 17.90     PositionInfo(PositionInfo const& other)
#25 17.90     ^
#25 17.90 /azerothcore/modules/mod-playerbots/src/strategy/Value.h:77:19: note: in implicit copy assignment operator for 'PositionInfo' first required here
#25 17.90             value = Calculate();
#25 17.90                   ^
#25 17.90 /azerothcore/modules/mod-playerbots/src/strategy/Value.h:61:5: note: in instantiation of member function 'CalculatedValue<PositionInfo>::Get' requested here
#25 17.90     CalculatedValue(PlayerbotAI* botAI, std::string const name = "value", uint32 checkInterval = 1)
#25 17.90     ^
#25 17.90 /azerothcore/modules/mod-playerbots/src/strategy/values/PositionValue.h:83:70: note: in instantiation of member function 'CalculatedValue<PositionInfo>::CalculatedValue' requested here
#25 17.90     SinglePositionValue(PlayerbotAI* ai, std::string name = "pos") : CalculatedValue(ai, name), Qualified() {};
#25 17.90                                                                      ^
#25 17.90 In file included from /azerothcore/modules/mod-playerbots/src/strategy/AiObjectContext.cpp:9:
#25 17.90 In file included from /azerothcore/modules/mod-playerbots/src/strategy/actions/ChatActionContext.h:58:
#25 17.90 In file included from /azerothcore/modules/mod-playerbots/src/strategy/actions/SetCraftAction.h:10:
#25 17.90 /azerothcore/modules/mod-playerbots/src/strategy/values/CraftValue.h:19:5: warning: definition of implicit copy assignment operator for 'CraftData' is deprecated because it has a user-provided copy constructor [-Wdeprecated-copy-with-user-provided-copy]
#25 17.90     CraftData(CraftData const& other) : itemId(other.itemId)
#25 17.90     ^
#25 17.90 /azerothcore/modules/mod-playerbots/src/strategy/Value.h:362:35: note: in implicit copy assignment operator for 'CraftData' first required here
#25 17.90     void Reset() override { value = defaultValue; }
#25 17.90                                   ^
#25 17.90 /azerothcore/modules/mod-playerbots/src/strategy/values/CraftValue.h:66:5: note: in instantiation of member function 'ManualSetValue<CraftData &>::Reset' requested here
#25 17.90     CraftValue(PlayerbotAI* botAI, std::string const name = "craft") : ManualSetValue<CraftData&>(botAI, data, name) {}
#25 17.90     ^
#25 17.90 9 warnings generated.
#25 17.91 [ 21%] Building CXX object src/server/game/CMakeFiles/game.dir/Battlegrounds/BattlegroundMgr.cpp.o
#25 17.94 [ 21%] Building CXX object src/server/game/CMakeFiles/game.dir/Battlegrounds/BattlegroundQueue.cpp.o
#25 17.99 [ 22%] Building CXX object src/server/scripts/CMakeFiles/scripts.dir/Commands/cs_player_settings.cpp.o
#25 18.00 [ 22%] Building CXX object modules/CMakeFiles/modules.dir/mod-playerbots/src/strategy/CustomStrategy.cpp.o
#25 18.06 [ 22%] Building CXX object src/server/game/CMakeFiles/game.dir/Battlegrounds/BattlegroundSpamProtect.cpp.o
#25 18.15 [ 22%] Building CXX object src/server/scripts/CMakeFiles/scripts.dir/Commands/cs_quest.cpp.o
#25 18.17 [ 22%] Building CXX object modules/CMakeFiles/modules.dir/mod-playerbots/src/strategy/Engine.cpp.o
#25 18.19 [ 22%] Building CXX object src/server/scripts/CMakeFiles/scripts.dir/Commands/cs_reload.cpp.o
#25 18.23 /azerothcore/modules/mod-playerbots/src/strategy/Engine.cpp:141:33: warning: unused parameter 'unit' [-Wunused-parameter]
#25 18.23 bool Engine::DoNextAction(Unit* unit, uint32 depth, bool minimal)
#25 18.23                                 ^
#25 18.23 /azerothcore/modules/mod-playerbots/src/strategy/Engine.cpp:141:46: warning: unused parameter 'depth' [-Wunused-parameter]
#25 18.23 bool Engine::DoNextAction(Unit* unit, uint32 depth, bool minimal)
#25 18.23                                              ^
#25 18.23 2 warnings generated.
#25 18.26 [ 22%] Building CXX object modules/CMakeFiles/modules.dir/mod-playerbots/src/strategy/Event.cpp.o
#25 18.28 [ 22%] Building CXX object src/server/scripts/CMakeFiles/scripts.dir/Commands/cs_reset.cpp.o
#25 18.28 [ 22%] Building CXX object src/server/game/CMakeFiles/game.dir/Battlegrounds/BattlegroundUtils.cpp.o
#25 18.38 [ 22%] Building CXX object src/server/scripts/CMakeFiles/scripts.dir/Commands/cs_script_loader.cpp.o
#25 18.43 [ 22%] Building CXX object modules/CMakeFiles/modules.dir/mod-playerbots/src/strategy/ExternalEventHelper.cpp.o
#25 18.50 [ 22%] Building CXX object src/server/scripts/CMakeFiles/scripts.dir/Commands/cs_send.cpp.o
#25 18.55 [ 22%] Building CXX object src/server/game/CMakeFiles/game.dir/Battlegrounds/enuminfo_ArenaTeam.cpp.o
#25 18.59 [ 22%] Building CXX object modules/CMakeFiles/modules.dir/mod-playerbots/src/strategy/ItemVisitors.cpp.o
#25 18.62 [ 22%] Building CXX object src/server/game/CMakeFiles/game.dir/Battlegrounds/ArenaSeason/ArenaSeasonMgr.cpp.o
#25 18.64 [ 22%] Building CXX object src/server/scripts/CMakeFiles/scripts.dir/Commands/cs_server.cpp.o
#25 18.68 [ 22%] Building CXX object src/server/game/CMakeFiles/game.dir/Battlegrounds/ArenaSeason/ArenaSeasonRewardsDistributor.cpp.o
#25 18.72 [ 22%] Building CXX object modules/CMakeFiles/modules.dir/mod-playerbots/src/strategy/NamedObjectContext.cpp.o
#25 18.75 [ 22%] Building CXX object src/server/game/CMakeFiles/game.dir/Battlegrounds/Zones/BattlegroundAB.cpp.o
#25 18.82 [ 22%] Building CXX object modules/CMakeFiles/modules.dir/mod-playerbots/src/strategy/PassiveMultiplier.cpp.o
#25 18.85 [ 22%] Building CXX object src/server/scripts/CMakeFiles/scripts.dir/Commands/cs_spectator.cpp.o
#25 18.87 [ 22%] Building CXX object src/server/game/CMakeFiles/game.dir/Battlegrounds/Zones/BattlegroundAV.cpp.o
#25 18.87 [ 22%] Building CXX object modules/CMakeFiles/modules.dir/mod-playerbots/src/strategy/Queue.cpp.o
#25 18.93 [ 22%] Building CXX object src/server/game/CMakeFiles/game.dir/Battlegrounds/Zones/BattlegroundBE.cpp.o
#25 18.96 [ 22%] Building CXX object modules/CMakeFiles/modules.dir/mod-playerbots/src/strategy/Strategy.cpp.o
#25 19.00 [ 22%] Building CXX object src/server/scripts/CMakeFiles/scripts.dir/Commands/cs_tele.cpp.o
#25 19.08 [ 22%] Building CXX object modules/CMakeFiles/modules.dir/mod-playerbots/src/strategy/Trigger.cpp.o
#25 19.10 [ 22%] Building CXX object modules/CMakeFiles/modules.dir/mod-playerbots/src/strategy/Value.cpp.o
#25 19.11 [ 22%] Building CXX object src/server/game/CMakeFiles/game.dir/Battlegrounds/Zones/BattlegroundDS.cpp.o
#25 19.16 [ 22%] Building CXX object src/server/game/CMakeFiles/game.dir/Battlegrounds/Zones/BattlegroundEY.cpp.o
#25 19.16 /azerothcore/modules/mod-playerbots/src/strategy/Trigger.cpp:40:47: warning: comparison of integers of different signs: 'unsigned int' and 'int32' (aka 'int') [-Wsign-compare]
#25 19.16     if (!lastCheckTime || now - lastCheckTime >= checkInterval)
#25 19.16                           ~~~~~~~~~~~~~~~~~~~ ^  ~~~~~~~~~~~~~
#25 19.16 1 warning generated.
#25 19.19 [ 22%] Building CXX object src/server/scripts/CMakeFiles/scripts.dir/Commands/cs_titles.cpp.o
#25 19.20 [ 22%] Building CXX object src/server/scripts/CMakeFiles/scripts.dir/Commands/cs_ticket.cpp.o
#25 19.22 [ 22%] Building CXX object modules/CMakeFiles/modules.dir/mod-playerbots/src/strategy/actions/AcceptBattlegroundInvitationAction.cpp.o
#25 19.29 /azerothcore/modules/mod-playerbots/src/strategy/actions/AcceptBattlegroundInvitationAction.cpp:11:46: warning: unused parameter 'event' [-Wunused-parameter]
#25 19.29 bool AcceptBgInvitationAction::Execute(Event event)
#25 19.29                                              ^
#25 19.29 1 warning generated.
#25 19.30 [ 23%] Building CXX object src/server/game/CMakeFiles/game.dir/Battlegrounds/Zones/BattlegroundIC.cpp.o
#25 19.31 [ 23%] Building CXX object modules/CMakeFiles/modules.dir/mod-playerbots/src/strategy/actions/AcceptDuelAction.cpp.o
#25 19.38 [ 24%] Building CXX object modules/CMakeFiles/modules.dir/mod-playerbots/src/strategy/actions/AcceptInvitationAction.cpp.o
#25 19.41 [ 24%] Building CXX object src/server/game/CMakeFiles/game.dir/Battlegrounds/Zones/BattlegroundNA.cpp.o
#25 19.43 In file included from /azerothcore/modules/mod-playerbots/src/strategy/actions/AcceptInvitationAction.cpp:6:
#25 19.43 In file included from /azerothcore/modules/mod-playerbots/src/strategy/actions/AcceptInvitationAction.h:10:
#25 19.43 In file included from /azerothcore/modules/mod-playerbots/src/strategy/actions/UseMeetingStoneAction.h:9:
#25 19.43 /azerothcore/modules/mod-playerbots/src/strategy/actions/MovementActions.h:279:27: warning: comparison of integers of different signs: 'int' and 'uint32' (aka 'unsigned int') [-Wsign-compare]
#25 19.43         for (int i = 0; i < intervals; i++)
#25 19.43                         ~ ^ ~~~~~~~~~
#25 19.43 1 warning generated.
#25 19.45 [ 24%] Building CXX object modules/CMakeFiles/modules.dir/mod-playerbots/src/strategy/actions/AcceptQuestAction.cpp.o
#25 19.47 [ 24%] Building CXX object src/server/game/CMakeFiles/game.dir/Battlegrounds/Zones/BattlegroundRL.cpp.o
#25 19.49 [ 24%] Building CXX object src/server/scripts/CMakeFiles/scripts.dir/Commands/cs_worldstate.cpp.o
#25 19.58 [ 24%] Building CXX object modules/CMakeFiles/modules.dir/mod-playerbots/src/strategy/actions/AcceptResurrectAction.cpp.o
#25 19.63 [ 24%] Building CXX object src/server/scripts/CMakeFiles/scripts.dir/Commands/cs_wp.cpp.o
#25 19.66 [ 24%] Building CXX object src/server/game/CMakeFiles/game.dir/Battlegrounds/Zones/BattlegroundRV.cpp.o
#25 19.67 [ 24%] Building CXX object src/server/game/CMakeFiles/game.dir/Battlegrounds/Zones/BattlegroundSA.cpp.o
#25 19.73 [ 24%] Building CXX object modules/CMakeFiles/modules.dir/mod-playerbots/src/strategy/actions/AddLootAction.cpp.o
#25 19.75 [ 24%] Building CXX object src/server/game/CMakeFiles/game.dir/Battlegrounds/Zones/BattlegroundWS.cpp.o
#25 19.82 /azerothcore/modules/mod-playerbots/src/strategy/actions/AddLootAction.cpp:25:38: warning: unused parameter 'event' [-Wunused-parameter]
#25 19.82 bool AddAllLootAction::Execute(Event event)
#25 19.82                                      ^
#25 19.82 1 warning generated.
#25 19.88 [ 24%] Building CXX object modules/CMakeFiles/modules.dir/mod-playerbots/src/strategy/actions/AreaTriggerAction.cpp.o
#25 19.89 [ 24%] Building CXX object src/server/scripts/CMakeFiles/scripts.dir/Custom/custom_script_loader.cpp.o
#25 19.90 [ 24%] Building CXX object src/server/game/CMakeFiles/game.dir/Cache/CharacterCache.cpp.o
#25 19.97 [ 24%] Building CXX object src/server/scripts/CMakeFiles/scripts.dir/EasternKingdoms/eastern_kingdoms_script_loader.cpp.o
#25 19.98 [ 24%] Building CXX object src/server/game/CMakeFiles/game.dir/Cache/WhoListCacheMgr.cpp.o
#25 20.00 In file included from /azerothcore/modules/mod-playerbots/src/strategy/actions/AreaTriggerAction.cpp:6:
#25 20.00 In file included from /azerothcore/modules/mod-playerbots/src/strategy/actions/AreaTriggerAction.h:9:
#25 20.00 /azerothcore/modules/mod-playerbots/src/strategy/actions/MovementActions.h:279:27: warning: comparison of integers of different signs: 'int' and 'uint32' (aka 'unsigned int') [-Wsign-compare]
#25 20.00         for (int i = 0; i < intervals; i++)
#25 20.00                         ~ ^ ~~~~~~~~~
#25 20.00 /azerothcore/modules/mod-playerbots/src/strategy/actions/AreaTriggerAction.cpp:61:39: warning: unused parameter 'event' [-Wunused-parameter]
#25 20.00 bool AreaTriggerAction::Execute(Event event)
#25 20.00                                       ^
#25 20.00 2 warnings generated.
#25 20.05 [ 24%] Building CXX object modules/CMakeFiles/modules.dir/mod-playerbots/src/strategy/actions/ArenaTeamActions.cpp.o
#25 20.12 [ 24%] Building CXX object src/server/game/CMakeFiles/game.dir/Calendar/CalendarMgr.cpp.o
#25 20.12 [ 24%] Building CXX object modules/CMakeFiles/modules.dir/mod-playerbots/src/strategy/actions/AutoMaintenanceOnLevelupAction.cpp.o
#25 20.12 [ 24%] Building CXX object modules/CMakeFiles/modules.dir/mod-playerbots/src/strategy/actions/AttackAction.cpp.o
#25 20.16 /azerothcore/modules/mod-playerbots/src/strategy/actions/AutoMaintenanceOnLevelupAction.cpp:11:52: warning: unused parameter 'event' [-Wunused-parameter]
#25 20.16 bool AutoMaintenanceOnLevelupAction::Execute(Event event)
#25 20.16                                                    ^
#25 20.16 /azerothcore/modules/mod-playerbots/src/strategy/actions/AutoMaintenanceOnLevelupAction.cpp:75:77: warning: unused parameter 'out' [-Wunused-parameter]
#25 20.16 void AutoMaintenanceOnLevelupAction::LearnTrainerSpells(std::ostringstream* out)
#25 20.16                                                                             ^
#25 20.16 2 warnings generated.
#25 20.18 [ 24%] Building CXX object src/server/game/CMakeFiles/game.dir/Chat/Chat.cpp.o
#25 20.20 [ 24%] Building CXX object src/server/game/CMakeFiles/game.dir/Chat/HyperlinkTags.cpp.o
#25 20.27 [ 24%] Building CXX object src/server/game/CMakeFiles/game.dir/Chat/Hyperlinks.cpp.o
#25 20.29 [ 24%] Building CXX object src/server/scripts/CMakeFiles/scripts.dir/EasternKingdoms/zone_arathi_highlands.cpp.o
#25 20.35 In file included from /azerothcore/modules/mod-playerbots/src/strategy/actions/AttackAction.cpp:6:
#25 20.35 In file included from /azerothcore/modules/mod-playerbots/src/strategy/actions/AttackAction.h:9:
#25 20.35 /azerothcore/modules/mod-playerbots/src/strategy/actions/MovementActions.h:279:27: warning: comparison of integers of different signs: 'int' and 'uint32' (aka 'unsigned int') [-Wsign-compare]
#25 20.35         for (int i = 0; i < intervals; i++)
#25 20.35                         ~ ^ ~~~~~~~~~
#25 20.35 /azerothcore/modules/mod-playerbots/src/strategy/actions/AttackAction.cpp:18:34: warning: unused parameter 'event' [-Wunused-parameter]
#25 20.35 bool AttackAction::Execute(Event event)
#25 20.35                                  ^
#25 20.35 /azerothcore/modules/mod-playerbots/src/strategy/actions/AttackAction.cpp:31:42: warning: unused parameter 'event' [-Wunused-parameter]
#25 20.35 bool AttackMyTargetAction::Execute(Event event)
#25 20.35                                          ^
#25 20.35 /azerothcore/modules/mod-playerbots/src/strategy/actions/AttackAction.cpp:54:46: warning: unused parameter 'with_pet' [-Wunused-parameter]
#25 20.35 bool AttackAction::Attack(Unit* target, bool with_pet /*true*/)
#25 20.35                                              ^
#25 20.35 /azerothcore/modules/mod-playerbots/src/strategy/actions/AttackAction.cpp:189:46: warning: unused parameter 'event' [-Wunused-parameter]
#25 20.35 bool AttackDuelOpponentAction::Execute(Event event) { return Attack(AI_VALUE(Unit*, "duel target")); }
#25 20.35                                              ^
#25 20.35 5 warnings generated.
#25 20.35 [ 24%] Building CXX object src/server/game/CMakeFiles/game.dir/Chat/Channels/Channel.cpp.o
#25 20.38 [ 24%] Building CXX object modules/CMakeFiles/modules.dir/mod-playerbots/src/strategy/actions/BankAction.cpp.o
#25 20.47 In file included from /azerothcore/modules/mod-playerbots/src/strategy/actions/BankAction.cpp:9:
#25 20.47 /azerothcore/modules/mod-playerbots/src/strategy/values/ItemCountValue.h:20:24: warning: unused parameter 'event' [-Wunused-parameter]
#25 20.47     bool Execute(Event event) override { return false; }
#25 20.47                        ^
#25 20.47 /azerothcore/modules/mod-playerbots/src/strategy/actions/BankAction.cpp:30:60: warning: unused parameter 'bank' [-Wunused-parameter]
#25 20.47 bool BankAction::ExecuteBank(std::string const text, Unit* bank)
#25 20.47                                                            ^
#25 20.47 2 warnings generated.
#25 20.49 [ 24%] Building CXX object modules/CMakeFiles/modules.dir/mod-playerbots/src/strategy/actions/BattleGroundJoinAction.cpp.o
#25 20.53 /azerothcore/modules/mod-playerbots/src/strategy/actions/BattleGroundJoinAction.cpp:28:31: warning: variable 'bracketId' set but not used [-Wunused-but-set-variable]
#25 20.53         BattlegroundBracketId bracketId;
#25 20.53                               ^
#25 20.53 /azerothcore/modules/mod-playerbots/src/strategy/actions/BattleGroundJoinAction.cpp:29:14: warning: variable 'isArena' set but not used [-Wunused-but-set-variable]
#25 20.53         bool isArena = false;
#25 20.53              ^
#25 20.53 /azerothcore/modules/mod-playerbots/src/strategy/actions/BattleGroundJoinAction.cpp:18:34: warning: unused parameter 'event' [-Wunused-parameter]
#25 20.53 bool BGJoinAction::Execute(Event event)
#25 20.53                                  ^
#25 20.53 /azerothcore/modules/mod-playerbots/src/strategy/actions/BattleGroundJoinAction.cpp:412:12: warning: variable 'BracketSize' set but not used [-Wunused-but-set-variable]
#25 20.53     uint32 BracketSize = bg->GetMaxPlayersPerTeam() * 2;
#25 20.53            ^
#25 20.53 /azerothcore/modules/mod-playerbots/src/strategy/actions/BattleGroundJoinAction.cpp:413:12: warning: variable 'TeamSize' set but not used [-Wunused-but-set-variable]
#25 20.53     uint32 TeamSize = bg->GetMaxPlayersPerTeam();
#25 20.53            ^
#25 20.53 /azerothcore/modules/mod-playerbots/src/strategy/actions/BattleGroundJoinAction.cpp:656:35: warning: unused parameter 'event' [-Wunused-parameter]
#25 20.53 bool BGLeaveAction::Execute(Event event)
#25 20.53                                   ^
#25 20.53 In file included from /azerothcore/modules/mod-playerbots/src/strategy/actions/BattleGroundJoinAction.cpp:15:
#25 20.53 /azerothcore/modules/mod-playerbots/src/strategy/values/PositionValue.h:23:5: warning: definition of implicit copy assignment operator for 'PositionInfo' is deprecated because it has a user-provided copy constructor [-Wdeprecated-copy-with-user-provided-copy]
#25 20.53     PositionInfo(PositionInfo const& other)
#25 20.53     ^
#25 20.53 /azerothcore/modules/mod-playerbots/src/strategy/actions/BattleGroundJoinAction.cpp:749:28: note: in implicit copy assignment operator for 'PositionInfo' first required here
#25 20.53     posMap["bg objective"] = pos;
#25 20.53                            ^
#25 20.53 /azerothcore/modules/mod-playerbots/src/strategy/actions/BattleGroundJoinAction.cpp:1067:41: warning: unused parameter 'event' [-Wunused-parameter]
#25 20.53 bool BGStatusCheckAction::Execute(Event event)
#25 20.53                                         ^
#25 20.53 /azerothcore/modules/mod-playerbots/src/strategy/actions/BattleGroundJoinAction.cpp:1083:43: warning: unused parameter 'event' [-Wunused-parameter]
#25 20.53 bool BGStrategyCheckAction::Execute(Event event)
#25 20.53                                           ^
#25 20.53 9 warnings generated.
#25 20.53 [ 24%] Building CXX object src/server/scripts/CMakeFiles/scripts.dir/EasternKingdoms/zone_blasted_lands.cpp.o
#25 20.55 [ 25%] Building CXX object src/server/scripts/CMakeFiles/scripts.dir/EasternKingdoms/zone_burning_steppes.cpp.o
#25 20.55 [ 25%] Building CXX object modules/CMakeFiles/modules.dir/mod-playerbots/src/strategy/actions/BattleGroundTactics.cpp.o
#25 20.56 [ 25%] Building CXX object src/server/scripts/CMakeFiles/scripts.dir/EasternKingdoms/zone_duskwood.cpp.o
#25 20.59 In file included from /azerothcore/modules/mod-playerbots/src/strategy/actions/BattleGroundTactics.cpp:6:
#25 20.59 In file included from /azerothcore/modules/mod-playerbots/src/strategy/actions/BattleGroundTactics.h:10:
#25 20.59 /azerothcore/modules/mod-playerbots/src/strategy/actions/MovementActions.h:279:27: warning: comparison of integers of different signs: 'int' and 'uint32' (aka 'unsigned int') [-Wsign-compare]
#25 20.59         for (int i = 0; i < intervals; i++)
#25 20.59                         ~ ^ ~~~~~~~~~
#25 20.59 /azerothcore/modules/mod-playerbots/src/strategy/actions/BattleGroundTactics.cpp:1371:21: warning: comparison of integers of different signs: 'int' and 'uint32' (aka 'unsigned int') [-Wsign-compare]
#25 20.59             if (num > max)
#25 20.59                 ~~~ ^ ~~~
#25 20.59 /azerothcore/modules/mod-playerbots/src/strategy/actions/BattleGroundTactics.cpp:1560:31: warning: unused parameter 'event' [-Wunused-parameter]
#25 20.59 bool BGTactics::Execute(Event event)
#25 20.59                               ^
#25 20.59 In file included from /azerothcore/modules/mod-playerbots/src/strategy/actions/BattleGroundTactics.cpp:31:
#25 20.59 /azerothcore/modules/mod-playerbots/src/strategy/values/PositionValue.h:23:5: warning: definition of implicit copy assignment operator for 'PositionInfo' is deprecated because it has a user-provided copy constructor [-Wdeprecated-copy-with-user-provided-copy]
#25 20.59     PositionInfo(PositionInfo const& other)
#25 20.59     ^
#25 20.59 /azerothcore/modules/mod-playerbots/src/strategy/actions/BattleGroundTactics.cpp:1938:44: note: in implicit copy assignment operator for 'PositionInfo' first required here
#25 20.59                     posMap["bg objective"] = pos;
#25 20.59                                            ^
#25 20.59 /azerothcore/modules/mod-playerbots/src/strategy/actions/BattleGroundTactics.cpp:2188:22: warning: case value not in enumerated type 'WSBotStrategy' [-Wswitch]
#25 20.59                 case 4:
#25 20.59                      ^
#25 20.59 /azerothcore/modules/mod-playerbots/src/strategy/actions/BattleGroundTactics.cpp:2189:22: warning: case value not in enumerated type 'WSBotStrategy' [-Wswitch]
#25 20.59                 case 5:
#25 20.59                      ^
#25 20.59 /azerothcore/modules/mod-playerbots/src/strategy/actions/BattleGroundTactics.cpp:2190:22: warning: case value not in enumerated type 'WSBotStrategy' [-Wswitch]
#25 20.59                 case 6:
#25 20.59                      ^
#25 20.59 /azerothcore/modules/mod-playerbots/src/strategy/actions/BattleGroundTactics.cpp:2191:22: warning: case value not in enumerated type 'WSBotStrategy' [-Wswitch]
#25 20.59                 case 7:  // Heavy Offense
#25 20.59                      ^
#25 20.59 /azerothcore/modules/mod-playerbots/src/strategy/actions/BattleGroundTactics.cpp:2194:22: warning: case value not in enumerated type 'WSBotStrategy' [-Wswitch]
#25 20.59                 case 8:
#25 20.59                      ^
#25 20.59 /azerothcore/modules/mod-playerbots/src/strategy/actions/BattleGroundTactics.cpp:2195:22: warning: case value not in enumerated type 'WSBotStrategy' [-Wswitch]
#25 20.59                 case 9:  // Heavy Defense
#25 20.59                      ^
#25 20.59 /azerothcore/modules/mod-playerbots/src/strategy/actions/BattleGroundTactics.cpp:2229:43: warning: '&&' within '||' [-Wlogical-op-parentheses]
#25 20.59             else if (!hasFlag && role < 8 &&
#25 20.59                      ~~~~~~~~~~~~~~~~~~~~~^~
#25 20.59 /azerothcore/modules/mod-playerbots/src/strategy/actions/BattleGroundTactics.cpp:2229:43: note: place parentheses around the '&&' expression to silence this warning
#25 20.59             else if (!hasFlag && role < 8 &&
#25 20.59                                           ^
#25 20.59                      (
#25 20.59 /azerothcore/modules/mod-playerbots/src/strategy/actions/BattleGroundTactics.cpp:2500:27: warning: unused variable 'enemyStrategy' [-Wunused-variable]
#25 20.59             EYBotStrategy enemyStrategy = (team == TEAM_ALLIANCE) ? strategyHorde : strategyAlliance;
#25 20.59                           ^
#25 20.59 /azerothcore/modules/mod-playerbots/src/strategy/actions/BattleGroundTactics.cpp:3234:18: warning: unused variable 'posMap' [-Wunused-variable]
#25 20.59     PositionMap& posMap = context->GetValue<PositionMap&>("position")->Get();
#25 20.59                  ^
#25 20.59 /azerothcore/modules/mod-playerbots/src/strategy/actions/BattleGroundTactics.cpp:3329:31: warning: comparison of integers of different signs: 'int' and 'unsigned long' [-Wsign-compare]
#25 20.59         if (closestPointIndex == (reverse ? 0 : path->size() - 1) || closestPointDistToBot > botDistanceLimit)
#25 20.59             ~~~~~~~~~~~~~~~~~ ^   ~~~~~~~~~~~~~~~~~~~~~~~~~~~~~~
#25 20.59 /azerothcore/modules/mod-playerbots/src/strategy/actions/BattleGroundTactics.cpp:4252:34: warning: unused parameter 'event' [-Wunused-parameter]
#25 20.59 bool ArenaTactics::Execute(Event event)
#25 20.59                                  ^
#25 20.59 15 warnings generated.
#25 20.62 [ 25%] Building CXX object modules/CMakeFiles/modules.dir/mod-playerbots/src/strategy/actions/BossAuraActions.cpp.o
#25 20.65 [ 25%] Building CXX object src/server/game/CMakeFiles/game.dir/Chat/Channels/ChannelMgr.cpp.o
#25 20.70 /azerothcore/modules/mod-playerbots/src/strategy/actions/BossAuraActions.cpp:21:46: warning: unused parameter 'event' [-Wunused-parameter]
#25 20.70 bool BossFireResistanceAction::Execute(Event event)
#25 20.70                                              ^
#25 20.70 /azerothcore/modules/mod-playerbots/src/strategy/actions/BossAuraActions.cpp:35:47: warning: unused parameter 'event' [-Wunused-parameter]
#25 20.70 bool BossFrostResistanceAction::Execute(Event event)
#25 20.70                                               ^
#25 20.70 /azerothcore/modules/mod-playerbots/src/strategy/actions/BossAuraActions.cpp:49:48: warning: unused parameter 'event' [-Wunused-parameter]
#25 20.70 bool BossNatureResistanceAction::Execute(Event event)
#25 20.70                                                ^
#25 20.70 /azerothcore/modules/mod-playerbots/src/strategy/actions/BossAuraActions.cpp:63:48: warning: unused parameter 'event' [-Wunused-parameter]
#25 20.70 bool BossShadowResistanceAction::Execute(Event event)
#25 20.70                                                ^
#25 20.70 4 warnings generated.
#25 20.74 [ 25%] Building CXX object src/server/scripts/CMakeFiles/scripts.dir/EasternKingdoms/zone_eastern_plaguelands.cpp.o
#25 20.75 [ 25%] Building CXX object modules/CMakeFiles/modules.dir/mod-playerbots/src/strategy/actions/BuffAction.cpp.o
#25 20.76 [ 25%] Building CXX object src/server/scripts/CMakeFiles/scripts.dir/EasternKingdoms/zone_elwynn_forest.cpp.o
#25 20.82 In file included from /azerothcore/modules/mod-playerbots/src/strategy/actions/BuffAction.cpp:9:
#25 20.82 /azerothcore/modules/mod-playerbots/src/strategy/values/ItemCountValue.h:20:24: warning: unused parameter 'event' [-Wunused-parameter]
#25 20.82     bool Execute(Event event) override { return false; }
#25 20.82                        ^
#25 20.82 1 warning generated.
#25 20.83 [ 25%] Building CXX object src/server/game/CMakeFiles/game.dir/Chat/Channels/enuminfo_Channel.cpp.o
#25 20.87 [ 25%] Building CXX object modules/CMakeFiles/modules.dir/mod-playerbots/src/strategy/actions/BuyAction.cpp.o
#25 20.90 [ 25%] Building CXX object modules/CMakeFiles/modules.dir/mod-playerbots/src/strategy/actions/CancelChannelAction.cpp.o
#25 20.95 [ 25%] Building CXX object src/server/game/CMakeFiles/game.dir/Chat/ChatCommands/ChatCommand.cpp.o
#25 20.96 In file included from /azerothcore/modules/mod-playerbots/src/strategy/actions/BuyAction.cpp:10:
#25 20.96 /azerothcore/modules/mod-playerbots/src/strategy/values/ItemCountValue.h:20:24: warning: unused parameter 'event' [-Wunused-parameter]
#25 20.96     bool Execute(Event event) override { return false; }
#25 20.96                        ^
#25 20.96 1 warning generated.
#25 20.98 /azerothcore/modules/mod-playerbots/src/strategy/actions/CancelChannelAction.cpp:10:41: warning: unused parameter 'event' [-Wunused-parameter]
#25 20.98 bool CancelChannelAction::Execute(Event event)
#25 20.98                                         ^
#25 20.98 1 warning generated.
#25 20.99 [ 25%] Building CXX object src/server/scripts/CMakeFiles/scripts.dir/EasternKingdoms/zone_eversong_woods.cpp.o
#25 21.00 [ 25%] Building CXX object modules/CMakeFiles/modules.dir/mod-playerbots/src/strategy/actions/CastCustomSpellAction.cpp.o
#25 21.03 In file included from /azerothcore/modules/mod-playerbots/src/strategy/actions/CastCustomSpellAction.cpp:6:
#25 21.03 /azerothcore/modules/mod-playerbots/src/strategy/actions/CastCustomSpellAction.h:24:55: warning: unused parameter 'target' [-Wunused-parameter]
#25 21.03     virtual std::string const castString(WorldObject* target) { return "cast"; }
#25 21.03                                                       ^
#25 21.03 /azerothcore/modules/mod-playerbots/src/strategy/actions/CastCustomSpellAction.h:52:54: warning: unused parameter 'spellInfo' [-Wunused-parameter]
#25 21.03     virtual uint32 GetSpellPriority(SpellInfo const* spellInfo) { return 1; }
#25 21.03                                                      ^
#25 21.03 /azerothcore/modules/mod-playerbots/src/strategy/actions/CastCustomSpellAction.cpp:337:48: warning: unused parameter 'event' [-Wunused-parameter]
#25 21.03 bool DisEnchantRandomItemAction::Execute(Event event)
#25 21.03                                                ^
#25 21.03 3 warnings generated.
#25 21.08 [ 25%] Building CXX object modules/CMakeFiles/modules.dir/mod-playerbots/src/strategy/actions/ChangeChatAction.cpp.o
#25 21.09 [ 25%] Building CXX object src/server/scripts/CMakeFiles/scripts.dir/EasternKingdoms/zone_ghostlands.cpp.o
#25 21.09 [ 25%] Building CXX object src/server/game/CMakeFiles/game.dir/Chat/ChatCommands/ChatCommandArgs.cpp.o
#25 21.09 [ 25%] Building CXX object src/server/game/CMakeFiles/game.dir/Chat/ChatCommands/ChatCommandHelpers.cpp.o
#25 21.23 [ 26%] Building CXX object modules/CMakeFiles/modules.dir/mod-playerbots/src/strategy/actions/ChangeStrategyAction.cpp.o
#25 21.28 [ 26%] Building CXX object modules/CMakeFiles/modules.dir/mod-playerbots/src/strategy/actions/ChangeTalentsAction.cpp.o
#25 21.30 [ 26%] Building CXX object src/server/scripts/CMakeFiles/scripts.dir/EasternKingdoms/zone_hinterlands.cpp.o
#25 21.33 [ 27%] Building CXX object src/server/game/CMakeFiles/game.dir/Chat/ChatCommands/ChatCommandTags.cpp.o
#25 21.34 [ 27%] Building CXX object src/server/game/CMakeFiles/game.dir/Combat/HostileRefMgr.cpp.o
#25 21.35 [ 27%] Building CXX object modules/CMakeFiles/modules.dir/mod-playerbots/src/strategy/actions/ChatShortcutActions.cpp.o
#25 21.35 /azerothcore/modules/mod-playerbots/src/strategy/actions/ChangeTalentsAction.cpp:371:42: warning: unused parameter 'event' [-Wunused-parameter]
#25 21.35 bool AutoSetTalentsAction::Execute(Event event)
#25 21.35                                          ^
#25 21.35 1 warning generated.
#25 21.40 [ 27%] Building CXX object modules/CMakeFiles/modules.dir/mod-playerbots/src/strategy/actions/CheatAction.cpp.o
#25 21.45 In file included from /azerothcore/modules/mod-playerbots/src/strategy/actions/ChatShortcutActions.cpp:6:
#25 21.45 In file included from /azerothcore/modules/mod-playerbots/src/strategy/actions/ChatShortcutActions.h:9:
#25 21.45 /azerothcore/modules/mod-playerbots/src/strategy/actions/MovementActions.h:279:27: warning: comparison of integers of different signs: 'int' and 'uint32' (aka 'unsigned int') [-Wsign-compare]
#25 21.45         for (int i = 0; i < intervals; i++)
#25 21.45                         ~ ^ ~~~~~~~~~
#25 21.45 In file included from /azerothcore/modules/mod-playerbots/src/strategy/actions/ChatShortcutActions.cpp:11:
#25 21.45 /azerothcore/modules/mod-playerbots/src/strategy/values/PositionValue.h:23:5: warning: definition of implicit copy assignment operator for 'PositionInfo' is deprecated because it has a user-provided copy constructor [-Wdeprecated-copy-with-user-provided-copy]
#25 21.45     PositionInfo(PositionInfo const& other)
#25 21.45     ^
#25 21.45 /azerothcore/modules/mod-playerbots/src/strategy/actions/ChatShortcutActions.cpp:18:22: note: in implicit copy assignment operator for 'PositionInfo' first required here
#25 21.45     posMap["return"] = pos;
#25 21.45                      ^
#25 21.45 /azerothcore/modules/mod-playerbots/src/strategy/actions/ChatShortcutActions.cpp:45:46: warning: unused parameter 'event' [-Wunused-parameter]
#25 21.45 bool FollowChatShortcutAction::Execute(Event event)
#25 21.45                                              ^
#25 21.45 /azerothcore/modules/mod-playerbots/src/strategy/actions/ChatShortcutActions.cpp:77:66: warning: comparison of integers of different signs: 'uint32' (aka 'unsigned int') and 'int' [-Wsign-compare]
#25 21.45             if (Formation::IsNullLocation(loc) || loc.GetMapId() == -1)
#25 21.45                                                   ~~~~~~~~~~~~~~ ^  ~~
#25 21.45 /azerothcore/modules/mod-playerbots/src/strategy/actions/ChatShortcutActions.cpp:119:44: warning: unused parameter 'event' [-Wunused-parameter]
#25 21.45 bool StayChatShortcutAction::Execute(Event event)
#25 21.45                                            ^
#25 21.45 /azerothcore/modules/mod-playerbots/src/strategy/actions/ChatShortcutActions.cpp:136:53: warning: unused parameter 'event' [-Wunused-parameter]
#25 21.45 bool MoveFromGroupChatShortcutAction::Execute(Event event)
#25 21.45                                                     ^
#25 21.45 /azerothcore/modules/mod-playerbots/src/strategy/actions/ChatShortcutActions.cpp:151:44: warning: unused parameter 'event' [-Wunused-parameter]
#25 21.45 bool FleeChatShortcutAction::Execute(Event event)
#25 21.45                                            ^
#25 21.45 /azerothcore/modules/mod-playerbots/src/strategy/actions/ChatShortcutActions.cpp:174:46: warning: unused parameter 'event' [-Wunused-parameter]
#25 21.45 bool GoawayChatShortcutAction::Execute(Event event)
#25 21.45                                              ^
#25 21.45 /azerothcore/modules/mod-playerbots/src/strategy/actions/ChatShortcutActions.cpp:191:45: warning: unused parameter 'event' [-Wunused-parameter]
#25 21.45 bool GrindChatShortcutAction::Execute(Event event)
#25 21.45                                             ^
#25 21.45 /azerothcore/modules/mod-playerbots/src/strategy/actions/ChatShortcutActions.cpp:207:50: warning: unused parameter 'event' [-Wunused-parameter]
#25 21.45 bool TankAttackChatShortcutAction::Execute(Event event)
#25 21.45                                                  ^
#25 21.45 /azerothcore/modules/mod-playerbots/src/strategy/actions/ChatShortcutActions.cpp:227:46: warning: unused parameter 'event' [-Wunused-parameter]
#25 21.45 bool MaxDpsChatShortcutAction::Execute(Event event)
#25 21.45                                              ^
#25 21.45 /azerothcore/modules/mod-playerbots/src/strategy/actions/ChatShortcutActions.cpp:244:44: warning: unused parameter 'event' [-Wunused-parameter]
#25 21.45 bool NaxxChatShortcutAction::Execute(Event event)
#25 21.45                                            ^
#25 21.45 /azerothcore/modules/mod-playerbots/src/strategy/actions/ChatShortcutActions.cpp:258:43: warning: unused parameter 'event' [-Wunused-parameter]
#25 21.45 bool BwlChatShortcutAction::Execute(Event event)
#25 21.45                                           ^
#25 21.45 13 warnings generated.
#25 21.50 [ 27%] Building CXX object modules/CMakeFiles/modules.dir/mod-playerbots/src/strategy/actions/CheckMailAction.cpp.o
#25 21.51 [ 27%] Building CXX object modules/CMakeFiles/modules.dir/mod-playerbots/src/strategy/actions/CheckMountStateAction.cpp.o
#25 21.54 [ 27%] Building CXX object src/server/scripts/CMakeFiles/scripts.dir/EasternKingdoms/zone_isle_of_queldanas.cpp.o
#25 21.58 In file included from /azerothcore/modules/mod-playerbots/src/strategy/actions/CheckMountStateAction.cpp:7:
#25 21.58 In file included from /azerothcore/modules/mod-playerbots/src/strategy/actions/BattleGroundTactics.h:10:
#25 21.58 /azerothcore/modules/mod-playerbots/src/strategy/actions/MovementActions.h:279:27: warning: comparison of integers of different signs: 'int' and 'uint32' (aka 'unsigned int') [-Wsign-compare]
#25 21.58         for (int i = 0; i < intervals; i++)
#25 21.58                         ~ ^ ~~~~~~~~~
#25 21.58 1 warning generated.
#25 21.58 [ 27%] Building CXX object src/server/scripts/CMakeFiles/scripts.dir/EasternKingdoms/zone_redridge_mountains.cpp.o
#25 21.61 /azerothcore/modules/mod-playerbots/src/strategy/actions/CheckMailAction.cpp:12:37: warning: unused parameter 'event' [-Wunused-parameter]
#25 21.61 bool CheckMailAction::Execute(Event event)
#25 21.61                                     ^
#25 21.61 1 warning generated.
#25 21.61 [ 27%] Building CXX object modules/CMakeFiles/modules.dir/mod-playerbots/src/strategy/actions/CheckValuesAction.cpp.o
#25 21.64 [ 27%] Building CXX object src/server/game/CMakeFiles/game.dir/Combat/ThreatMgr.cpp.o
#25 21.65 [ 27%] Building CXX object modules/CMakeFiles/modules.dir/mod-playerbots/src/strategy/actions/ChooseRpgTargetAction.cpp.o
#25 21.68 /azerothcore/modules/mod-playerbots/src/strategy/actions/CheckValuesAction.cpp:14:39: warning: unused parameter 'event' [-Wunused-parameter]
#25 21.68 bool CheckValuesAction::Execute(Event event)
#25 21.68                                       ^
#25 21.68 1 warning generated.
#25 21.72 [ 27%] Building CXX object src/server/scripts/CMakeFiles/scripts.dir/EasternKingdoms/zone_silverpine_forest.cpp.o
#25 21.73 In file included from /azerothcore/modules/mod-playerbots/src/strategy/actions/ChooseRpgTargetAction.cpp:8:
#25 21.73 In file included from /azerothcore/modules/mod-playerbots/src/strategy/actions/ChooseRpgTargetAction.h:10:
#25 21.73 In file included from /azerothcore/modules/mod-playerbots/src/strategy/actions/RpgAction.h:9:
#25 21.73 /azerothcore/modules/mod-playerbots/src/strategy/actions/MovementActions.h:279:27: warning: comparison of integers of different signs: 'int' and 'uint32' (aka 'unsigned int') [-Wsign-compare]
#25 21.73         for (int i = 0; i < intervals; i++)
#25 21.73                         ~ ^ ~~~~~~~~~
#25 21.73 /azerothcore/modules/mod-playerbots/src/strategy/actions/ChooseRpgTargetAction.cpp:85:33: warning: comparison of integers of different signs: 'int32' (aka 'int') and 'uint32' (aka 'unsigned int') [-Wsign-compare]
#25 21.73             for (int32 i = 0; i < NextAction::size(nextActions); i++)
#25 21.73                               ~ ^ ~~~~~~~~~~~~~~~~~~~~~~~~~~~~~
#25 21.73 /azerothcore/modules/mod-playerbots/src/strategy/actions/ChooseRpgTargetAction.cpp:125:17: warning: unused variable 'player' [-Wunused-variable]
#25 21.73         Player* player = botAI->GetMaster();
#25 21.73                 ^
#25 21.73 /azerothcore/modules/mod-playerbots/src/strategy/actions/ChooseRpgTargetAction.cpp:118:43: warning: unused parameter 'event' [-Wunused-parameter]
#25 21.73 bool ChooseRpgTargetAction::Execute(Event event)
#25 21.73                                           ^
#25 21.73 /azerothcore/modules/mod-playerbots/src/strategy/actions/ChooseRpgTargetAction.cpp:345:21: warning: '&&' within '||' [-Wlogical-op-parentheses]
#25 21.73         if (gmaster && !gmaster->isMoving() ||
#25 21.73             ~~~~~~~~^~~~~~~~~~~~~~~~~~~~~~~ ~~
#25 21.73 /azerothcore/modules/mod-playerbots/src/strategy/actions/ChooseRpgTargetAction.cpp:345:21: note: place parentheses around the '&&' expression to silence this warning
#25 21.73         if (gmaster && !gmaster->isMoving() ||
#25 21.73                     ^
#25 21.73             (                              )
#25 21.73 5 warnings generated.
#25 21.76 [ 27%] Building CXX object modules/CMakeFiles/modules.dir/mod-playerbots/src/strategy/actions/ChooseTargetActions.cpp.o
#25 21.81 In file included from /azerothcore/modules/mod-playerbots/src/strategy/actions/ChooseTargetActions.cpp:6:
#25 21.81 In file included from /azerothcore/modules/mod-playerbots/src/strategy/actions/ChooseTargetActions.h:9:
#25 21.81 In file included from /azerothcore/modules/mod-playerbots/src/strategy/actions/AttackAction.h:9:
#25 21.81 /azerothcore/modules/mod-playerbots/src/strategy/actions/MovementActions.h:279:27: warning: comparison of integers of different signs: 'int' and 'uint32' (aka 'unsigned int') [-Wsign-compare]
#25 21.81         for (int i = 0; i < intervals; i++)
#25 21.81                         ~ ^ ~~~~~~~~~
#25 21.81 /azerothcore/modules/mod-playerbots/src/strategy/actions/ChooseTargetActions.cpp:63:38: warning: unused parameter 'event' [-Wunused-parameter]
#25 21.81 bool DropTargetAction::Execute(Event event)
#25 21.81                                      ^
#25 21.81 /azerothcore/modules/mod-playerbots/src/strategy/actions/ChooseTargetActions.cpp:141:43: warning: unused parameter 'event' [-Wunused-parameter]
#25 21.81 bool AttackRtiTargetAction::Execute(Event event)
#25 21.81                                           ^
#25 21.81 3 warnings generated.
#25 21.82 [ 27%] Building CXX object src/server/scripts/CMakeFiles/scripts.dir/EasternKingdoms/zone_stormwind_city.cpp.o
#25 21.84 [ 27%] Building CXX object modules/CMakeFiles/modules.dir/mod-playerbots/src/strategy/actions/ChooseTravelTargetAction.cpp.o
#25 21.85 [ 27%] Building CXX object src/server/game/CMakeFiles/game.dir/Conditions/ConditionMgr.cpp.o
#25 21.90 In file included from /azerothcore/modules/mod-playerbots/src/strategy/actions/ChooseTravelTargetAction.cpp:6:
#25 21.90 In file included from /azerothcore/modules/mod-playerbots/src/strategy/actions/ChooseTravelTargetAction.h:9:
#25 21.90 /azerothcore/modules/mod-playerbots/src/strategy/actions/MovementActions.h:279:27: warning: comparison of integers of different signs: 'int' and 'uint32' (aka 'unsigned int') [-Wsign-compare]
#25 21.90         for (int i = 0; i < intervals; i++)
#25 21.90                         ~ ^ ~~~~~~~~~
#25 21.90 /azerothcore/modules/mod-playerbots/src/strategy/actions/ChooseTravelTargetAction.cpp:12:46: warning: unused parameter 'event' [-Wunused-parameter]
#25 21.90 bool ChooseTravelTargetAction::Execute(Event event)
#25 21.90                                              ^
#25 21.90 /azerothcore/modules/mod-playerbots/src/strategy/actions/ChooseTravelTargetAction.cpp:237:35: warning: variable 'gInfo' set but not used [-Wunused-but-set-variable]
#25 21.90         GameObjectTemplate const* gInfo = nullptr;
#25 21.90                                   ^
#25 21.90 /azerothcore/modules/mod-playerbots/src/strategy/actions/ChooseTravelTargetAction.cpp:236:33: warning: variable 'cInfo' set but not used [-Wunused-but-set-variable]
#25 21.90         CreatureTemplate const* cInfo = nullptr;
#25 21.90                                 ^
#25 21.90 /azerothcore/modules/mod-playerbots/src/strategy/actions/ChooseTravelTargetAction.cpp:481:74: warning: unused parameter 'onlyCompleted' [-Wunused-parameter]
#25 21.90 bool ChooseTravelTargetAction::SetQuestTarget(TravelTarget* target, bool onlyCompleted, bool newQuests, bool activeQuests, bool completedQuests)
#25 21.90                                                                          ^
#25 21.90 /azerothcore/modules/mod-playerbots/src/strategy/actions/ChooseTravelTargetAction.cpp:826:18: warning: unused variable 'botAI' [-Wunused-variable]
#25 21.90     PlayerbotAI* botAI = GET_PLAYERBOT_AI(bot);
#25 21.90                  ^
#25 21.90 /azerothcore/modules/mod-playerbots/src/strategy/actions/ChooseTravelTargetAction.cpp:944:81: warning: comparison of integers of different signs: 'uint32' (aka 'unsigned int') and 'int32' (aka 'int') [-Wsign-compare]
#25 21.90                     if (required && available < required && (target->GetEntry() == entry || justCheck))
#25 21.90                                                              ~~~~~~~~~~~~~~~~~~ ^  ~~~~~
#25 21.90 7 warnings generated.
#25 21.92 [ 27%] Building CXX object src/server/game/CMakeFiles/game.dir/Conditions/DisableMgr.cpp.o
#25 21.94 [ 27%] Building CXX object src/server/scripts/CMakeFiles/scripts.dir/EasternKingdoms/zone_undercity.cpp.o
#25 21.95 [ 27%] Building CXX object modules/CMakeFiles/modules.dir/mod-playerbots/src/strategy/actions/CombatActions.cpp.o
#25 22.11 [ 27%] Building CXX object src/server/game/CMakeFiles/game.dir/DataStores/DBCStores.cpp.o
#25 22.16 [ 27%] Building CXX object src/server/game/CMakeFiles/game.dir/DataStores/M2Stores.cpp.o
#25 22.19 [ 27%] Building CXX object modules/CMakeFiles/modules.dir/mod-playerbots/src/strategy/actions/CustomStrategyEditAction.cpp.o
#25 22.22 [ 27%] Building CXX object src/server/scripts/CMakeFiles/scripts.dir/EasternKingdoms/zone_western_plaguelands.cpp.o
#25 22.33 [ 27%] Building CXX object src/server/game/CMakeFiles/game.dir/DungeonFinding/LFG.cpp.o
#25 22.34 [ 27%] Building CXX object modules/CMakeFiles/modules.dir/mod-playerbots/src/strategy/actions/DebugAction.cpp.o
#25 22.39 [ 27%] Building CXX object src/server/game/CMakeFiles/game.dir/DungeonFinding/LFGGroupData.cpp.o
#25 22.40 [ 27%] Building CXX object src/server/game/CMakeFiles/game.dir/DungeonFinding/LFGMgr.cpp.o
#25 22.47 In file included from /azerothcore/modules/mod-playerbots/src/strategy/actions/DebugAction.cpp:8:
#25 22.47 In file included from /azerothcore/modules/mod-playerbots/src/strategy/actions/ChooseTravelTargetAction.h:9:
#25 22.47 /azerothcore/modules/mod-playerbots/src/strategy/actions/MovementActions.h:279:27: warning: comparison of integers of different signs: 'int' and 'uint32' (aka 'unsigned int') [-Wsign-compare]
#25 22.47         for (int i = 0; i < intervals; i++)
#25 22.47                         ~ ^ ~~~~~~~~~
#25 22.47 /azerothcore/modules/mod-playerbots/src/strategy/actions/DebugAction.cpp:519:27: warning: unused variable 'wpCreature' [-Wunused-variable]
#25 22.47                 Creature* wpCreature = bot->SummonCreature(effect, botPos.getX(), botPos.getY(), botPos.getZ(), 0,
#25 22.47                           ^
#25 22.47 2 warnings generated.
#25 22.49 [ 27%] Building CXX object src/server/scripts/CMakeFiles/scripts.dir/EasternKingdoms/zone_westfall.cpp.o
#25 22.54 [ 27%] Building CXX object modules/CMakeFiles/modules.dir/mod-playerbots/src/strategy/actions/DelayAction.cpp.o
#25 22.58 /azerothcore/modules/mod-playerbots/src/strategy/actions/DelayAction.cpp:11:33: warning: unused parameter 'event' [-Wunused-parameter]
#25 22.58 bool DelayAction::Execute(Event event)
#25 22.58                                 ^
#25 22.58 1 warning generated.
#25 22.59 [ 27%] Building CXX object modules/CMakeFiles/modules.dir/mod-playerbots/src/strategy/actions/DestroyItemAction.cpp.o
#25 22.63 In file included from /azerothcore/modules/mod-playerbots/src/strategy/actions/DestroyItemAction.cpp:9:
#25 22.63 /azerothcore/modules/mod-playerbots/src/strategy/values/ItemCountValue.h:20:24: warning: unused parameter 'event' [-Wunused-parameter]
#25 22.63     bool Execute(Event event) override { return false; }
#25 22.63                        ^
#25 22.63 /azerothcore/modules/mod-playerbots/src/strategy/actions/DestroyItemAction.cpp:42:44: warning: unused parameter 'event' [-Wunused-parameter]
#25 22.63 bool SmartDestroyItemAction::Execute(Event event)
#25 22.63                                            ^
#25 22.63 2 warnings generated.
#25 22.66 [ 27%] Building CXX object modules/CMakeFiles/modules.dir/mod-playerbots/src/strategy/actions/DropQuestAction.cpp.o
#25 22.68 [ 27%] Building CXX object src/server/scripts/CMakeFiles/scripts.dir/EasternKingdoms/zone_wetlands.cpp.o
#25 22.69 [ 27%] Building CXX object src/server/scripts/CMakeFiles/scripts.dir/EasternKingdoms/AlteracValley/alterac_valley.cpp.o
#25 22.74 [ 27%] Building CXX object src/server/game/CMakeFiles/game.dir/DungeonFinding/LFGPlayerData.cpp.o
#25 22.77 [ 27%] Building CXX object modules/CMakeFiles/modules.dir/mod-playerbots/src/strategy/actions/EmoteAction.cpp.o
#25 22.78 [ 27%] Building CXX object src/server/game/CMakeFiles/game.dir/DungeonFinding/LFGQueue.cpp.o
#25 22.87 /azerothcore/modules/mod-playerbots/src/strategy/actions/EmoteAction.cpp:790:32: warning: unused parameter 'event' [-Wunused-parameter]
#25 22.87 bool TalkAction::Execute(Event event)
#25 22.87                                ^
#25 22.87 1 warning generated.
#25 22.88 [ 27%] Building CXX object src/server/game/CMakeFiles/game.dir/DungeonFinding/LFGScripts.cpp.o
#25 22.91 [ 27%] Building CXX object modules/CMakeFiles/modules.dir/mod-playerbots/src/strategy/actions/EquipAction.cpp.o
#25 22.91 [ 27%] Building CXX object src/server/scripts/CMakeFiles/scripts.dir/EasternKingdoms/AlteracValley/boss_balinda.cpp.o
#25 23.00 In file included from /azerothcore/modules/mod-playerbots/src/strategy/actions/EquipAction.cpp:10:
#25 23.00 /azerothcore/modules/mod-playerbots/src/strategy/values/ItemCountValue.h:20:24: warning: unused parameter 'event' [-Wunused-parameter]
#25 23.00     bool Execute(Event event) override { return false; }
#25 23.00                        ^
#25 23.00 /azerothcore/modules/mod-playerbots/src/strategy/actions/EquipAction.cpp:88:14: warning: unused variable 'pBag' [-Wunused-variable]
#25 23.00         Bag* pBag = reinterpret_cast<Bag*>(item);
#25 23.00              ^
#25 23.00 /azerothcore/modules/mod-playerbots/src/strategy/actions/EquipAction.cpp:379:40: warning: unused parameter 'event' [-Wunused-parameter]
#25 23.00 bool EquipUpgradeAction::Execute(Event event)
#25 23.00                                        ^
#25 23.00 3 warnings generated.
#25 23.02 [ 28%] Building CXX object modules/CMakeFiles/modules.dir/mod-playerbots/src/strategy/actions/EquipGlyphsAction.cpp.o
#25 23.02 [ 28%] Building CXX object src/server/game/CMakeFiles/game.dir/Entities/Corpse/Corpse.cpp.o
#25 23.03 [ 29%] Building CXX object src/server/scripts/CMakeFiles/scripts.dir/EasternKingdoms/AlteracValley/boss_drekthar.cpp.o
#25 23.10 [ 29%] Building CXX object modules/CMakeFiles/modules.dir/mod-playerbots/src/strategy/actions/FlagAction.cpp.o
#25 23.13 [ 29%] Building CXX object modules/CMakeFiles/modules.dir/mod-playerbots/src/strategy/actions/FollowActions.cpp.o
#25 23.19 [ 29%] Building CXX object src/server/game/CMakeFiles/game.dir/Entities/Creature/Creature.cpp.o
#25 23.19 [ 29%] Building CXX object src/server/game/CMakeFiles/game.dir/Entities/Creature/CreatureGroups.cpp.o
#25 23.21 In file included from /azerothcore/modules/mod-playerbots/src/strategy/actions/FollowActions.cpp:6:
#25 23.21 In file included from /azerothcore/modules/mod-playerbots/src/strategy/actions/FollowActions.h:9:
#25 23.21 /azerothcore/modules/mod-playerbots/src/strategy/actions/MovementActions.h:279:27: warning: comparison of integers of different signs: 'int' and 'uint32' (aka 'unsigned int') [-Wsign-compare]
#25 23.21         for (int i = 0; i < intervals; i++)
#25 23.21                         ~ ^ ~~~~~~~~~
#25 23.21 /azerothcore/modules/mod-playerbots/src/strategy/actions/FollowActions.cpp:18:34: warning: unused parameter 'event' [-Wunused-parameter]
#25 23.21 bool FollowAction::Execute(Event event)
#25 23.21                                  ^
#25 23.21 /azerothcore/modules/mod-playerbots/src/strategy/actions/FollowActions.cpp:31:62: warning: comparison of integers of different signs: 'uint32' (aka 'unsigned int') and 'int' [-Wsign-compare]
#25 23.21         if (Formation::IsNullLocation(loc) || loc.GetMapId() == -1)
#25 23.21                                               ~~~~~~~~~~~~~~ ^  ~~
#25 23.21 /azerothcore/modules/mod-playerbots/src/strategy/actions/FollowActions.cpp:117:40: warning: unused parameter 'event' [-Wunused-parameter]
#25 23.21 bool FleeToMasterAction::Execute(Event event)
#25 23.21                                        ^
#25 23.21 4 warnings generated.
#25 23.23 [ 29%] Building CXX object src/server/scripts/CMakeFiles/scripts.dir/EasternKingdoms/AlteracValley/boss_galvangar.cpp.o
#25 23.25 [ 29%] Building CXX object modules/CMakeFiles/modules.dir/mod-playerbots/src/strategy/actions/GenericActions.cpp.o
#25 23.31 In file included from /azerothcore/modules/mod-playerbots/src/strategy/actions/GenericActions.cpp:6:
#25 23.31 In file included from /azerothcore/modules/mod-playerbots/src/strategy/actions/GenericActions.h:9:
#25 23.31 In file included from /azerothcore/modules/mod-playerbots/src/strategy/actions/AttackAction.h:9:
#25 23.31 /azerothcore/modules/mod-playerbots/src/strategy/actions/MovementActions.h:279:27: warning: comparison of integers of different signs: 'int' and 'uint32' (aka 'unsigned int') [-Wsign-compare]
#25 23.31         for (int i = 0; i < intervals; i++)
#25 23.31                         ~ ^ ~~~~~~~~~
#25 23.31 /azerothcore/modules/mod-playerbots/src/strategy/actions/GenericActions.cpp:57:50: warning: unused parameter 'event' [-Wunused-parameter]
#25 23.31 bool TogglePetSpellAutoCastAction::Execute(Event event)
#25 23.31                                                  ^
#25 23.31 /azerothcore/modules/mod-playerbots/src/strategy/actions/GenericActions.cpp:122:37: warning: unused parameter 'event' [-Wunused-parameter]
#25 23.31 bool PetAttackAction::Execute(Event event)
#25 23.31                                     ^
#25 23.31 3 warnings generated.
#25 23.33 [ 29%] Building CXX object modules/CMakeFiles/modules.dir/mod-playerbots/src/strategy/actions/GenericBuffUtils.cpp.o
#25 23.34 [ 29%] Building CXX object src/server/game/CMakeFiles/game.dir/Entities/Creature/GossipDef.cpp.o
#25 23.44 [ 29%] Building CXX object src/server/scripts/CMakeFiles/scripts.dir/EasternKingdoms/AlteracValley/boss_vanndar.cpp.o
#25 23.44 [ 29%] Building CXX object modules/CMakeFiles/modules.dir/mod-playerbots/src/strategy/actions/GenericSpellActions.cpp.o
#25 23.46 [ 30%] Building CXX object src/server/game/CMakeFiles/game.dir/Entities/Creature/TemporarySummon.cpp.o
#25 23.49 [ 30%] Building CXX object src/server/scripts/CMakeFiles/scripts.dir/EasternKingdoms/BlackrockMountain/BlackrockDepths/blackrock_depths.cpp.o
#25 23.50 /azerothcore/modules/mod-playerbots/src/strategy/actions/GenericSpellActions.cpp:29:29: warning: field 'range' will be initialized after field 'spell' [-Wreorder-ctor]
#25 23.50     : Action(botAI, spell), range(botAI->GetRange("spell")), spell(spell)
#25 23.50                             ^~~~~~~~~~~~~~~~~~~~~~~~~~~~~~~  ~~~~~~~~~~~~
#25 23.50                             spell(spell)                     range(botAI->GetRange("spell"))
#25 23.50 /azerothcore/modules/mod-playerbots/src/strategy/actions/GenericSpellActions.cpp:33:37: warning: unused parameter 'event' [-Wunused-parameter]
#25 23.50 bool CastSpellAction::Execute(Event event)
#25 23.50                                     ^
#25 23.50 /azerothcore/modules/mod-playerbots/src/strategy/actions/GenericSpellActions.cpp:181:47: warning: comparison of integers of different signs: 'int32' (aka 'int') and 'uint32' (aka 'unsigned int') [-Wsign-compare]
#25 23.50     if (beforeDuration && aura->GetDuration() < beforeDuration)
#25 23.50                           ~~~~~~~~~~~~~~~~~~~ ^ ~~~~~~~~~~~~~~
#25 23.50 /azerothcore/modules/mod-playerbots/src/strategy/actions/GenericSpellActions.cpp:211:51: warning: field 'estAmount' will be initialized after field 'manaEfficiency' [-Wreorder-ctor]
#25 23.50     : CastAuraSpellAction(botAI, spell, isOwner), estAmount(estAmount), manaEfficiency(manaEfficiency)
#25 23.50                                                   ^~~~~~~~~~~~~~~~~~~~  ~~~~~~~~~~~~~~~~~~~~~~~~~~~~~~
#25 23.50                                                   manaEfficiency(manaEfficiency) estAmount(estAmount)
#25 23.50 /azerothcore/modules/mod-playerbots/src/strategy/actions/GenericSpellActions.cpp:237:39: warning: unused parameter 'event' [-Wunused-parameter]
#25 23.50 bool BuffOnPartyAction::Execute(Event event)
#25 23.50                                       ^
#25 23.50 /azerothcore/modules/mod-playerbots/src/strategy/actions/GenericSpellActions.cpp:299:49: warning: unused parameter 'event' [-Wunused-parameter]
#25 23.50 bool CastCrowdControlSpellAction::Execute(Event event) { return botAI->CastSpell(getName(), GetTarget()); }
#25 23.50                                                 ^
#25 23.50 /azerothcore/modules/mod-playerbots/src/strategy/actions/GenericSpellActions.cpp:317:44: warning: unused parameter 'event' [-Wunused-parameter]
#25 23.50 bool CastVehicleSpellAction::Execute(Event event)
#25 23.50                                            ^
#25 23.50 /azerothcore/modules/mod-playerbots/src/strategy/actions/GenericSpellActions.cpp:323:38: warning: unused parameter 'event' [-Wunused-parameter]
#25 23.50 bool UseTrinketAction::Execute(Event event)
#25 23.50                                      ^
#25 23.50 8 warnings generated.
#25 23.53 [ 30%] Building CXX object modules/CMakeFiles/modules.dir/mod-playerbots/src/strategy/actions/GiveItemAction.cpp.o
#25 23.55 [ 30%] Building CXX object src/server/game/CMakeFiles/game.dir/Entities/Creature/enuminfo_CreatureData.cpp.o
#25 23.62 In file included from /azerothcore/modules/mod-playerbots/src/strategy/actions/GiveItemAction.cpp:9:
#25 23.62 /azerothcore/modules/mod-playerbots/src/strategy/values/ItemCountValue.h:20:24: warning: unused parameter 'event' [-Wunused-parameter]
#25 23.62     bool Execute(Event event) override { return false; }
#25 23.62                        ^
#25 23.62 /azerothcore/modules/mod-playerbots/src/strategy/actions/GiveItemAction.cpp:31:10: warning: variable 'moved' set but not used [-Wunused-but-set-variable]
#25 23.62     bool moved = false;
#25 23.62          ^
#25 23.62 /azerothcore/modules/mod-playerbots/src/strategy/actions/GiveItemAction.cpp:14:36: warning: unused parameter 'event' [-Wunused-parameter]
#25 23.62 bool GiveItemAction::Execute(Event event)
#25 23.62                                    ^
#25 23.62 3 warnings generated.
#25 23.67 [ 30%] Building CXX object modules/CMakeFiles/modules.dir/mod-playerbots/src/strategy/actions/GoAction.cpp.o
#25 23.70 [ 30%] Building CXX object src/server/scripts/CMakeFiles/scripts.dir/EasternKingdoms/BlackrockMountain/BlackrockDepths/boss_ambassador_flamelash.cpp.o
#25 23.71 [ 30%] Building CXX object src/server/scripts/CMakeFiles/scripts.dir/EasternKingdoms/BlackrockMountain/BlackrockDepths/boss_anubshiah.cpp.o
#25 23.81 [ 30%] Building CXX object src/server/scripts/CMakeFiles/scripts.dir/EasternKingdoms/BlackrockMountain/BlackrockDepths/boss_emperor_dagran_thaurissan.cpp.o
#25 23.81 In file included from /azerothcore/modules/mod-playerbots/src/strategy/actions/GoAction.cpp:6:
#25 23.81 In file included from /azerothcore/modules/mod-playerbots/src/strategy/actions/GoAction.h:9:
#25 23.81 /azerothcore/modules/mod-playerbots/src/strategy/actions/MovementActions.h:279:27: warning: comparison of integers of different signs: 'int' and 'uint32' (aka 'unsigned int') [-Wsign-compare]
#25 23.81         for (int i = 0; i < intervals; i++)
#25 23.81                         ~ ^ ~~~~~~~~~
#25 23.81 In file included from /azerothcore/modules/mod-playerbots/src/strategy/actions/GoAction.cpp:13:
#25 23.81 /azerothcore/modules/mod-playerbots/src/strategy/values/PositionValue.h:23:5: warning: definition of implicit copy assignment operator for 'PositionInfo' is deprecated because it has a user-provided copy constructor [-Wdeprecated-copy-with-user-provided-copy]
#25 23.81     PositionInfo(PositionInfo const& other)
#25 23.81     ^
#25 23.81 /azerothcore/modules/mod-playerbots/src/strategy/Value.h:77:19: note: in implicit copy assignment operator for 'PositionInfo' first required here
#25 23.81             value = Calculate();
#25 23.81                   ^
#25 23.81 /azerothcore/modules/mod-playerbots/src/strategy/Value.h:61:5: note: in instantiation of member function 'CalculatedValue<PositionInfo>::Get' requested here
#25 23.81     CalculatedValue(PlayerbotAI* botAI, std::string const name = "value", uint32 checkInterval = 1)
#25 23.81     ^
#25 23.81 /azerothcore/modules/mod-playerbots/src/strategy/values/PositionValue.h:83:70: note: in instantiation of member function 'CalculatedValue<PositionInfo>::CalculatedValue' requested here
#25 23.81     SinglePositionValue(PlayerbotAI* ai, std::string name = "pos") : CalculatedValue(ai, name), Qualified() {};
#25 23.81                                                                      ^
#25 23.81 2 warnings generated.
#25 23.85 [ 30%] Building CXX object modules/CMakeFiles/modules.dir/mod-playerbots/src/strategy/actions/GossipHelloAction.cpp.o
#25 23.85 [ 30%] Building CXX object src/server/game/CMakeFiles/game.dir/Entities/DynamicObject/DynamicObject.cpp.o
#25 23.93 [ 30%] Building CXX object modules/CMakeFiles/modules.dir/mod-playerbots/src/strategy/actions/GreetAction.cpp.o
#25 23.95 [ 30%] Building CXX object src/server/scripts/CMakeFiles/scripts.dir/EasternKingdoms/BlackrockMountain/BlackrockDepths/boss_eviscerator.cpp.o
#25 23.97 [ 30%] Building CXX object src/server/scripts/CMakeFiles/scripts.dir/EasternKingdoms/BlackrockMountain/BlackrockDepths/boss_general_angerforge.cpp.o
#25 23.99 [ 30%] Building CXX object src/server/scripts/CMakeFiles/scripts.dir/EasternKingdoms/BlackrockMountain/BlackrockDepths/boss_gorosh_the_dervish.cpp.o
#25 24.02 /azerothcore/modules/mod-playerbots/src/strategy/actions/GreetAction.cpp:13:33: warning: unused parameter 'event' [-Wunused-parameter]
#25 24.02 bool GreetAction::Execute(Event event)
#25 24.02                                 ^
#25 24.02 1 warning generated.
#25 24.06 [ 30%] Building CXX object modules/CMakeFiles/modules.dir/mod-playerbots/src/strategy/actions/GuildAcceptAction.cpp.o
#25 24.12 [ 30%] Building CXX object src/server/game/CMakeFiles/game.dir/Entities/GameObject/GameObject.cpp.o
#25 24.18 [ 30%] Building CXX object modules/CMakeFiles/modules.dir/mod-playerbots/src/strategy/actions/GuildBankAction.cpp.o
#25 24.19 [ 30%] Building CXX object src/server/game/CMakeFiles/game.dir/Entities/Item/Item.cpp.o
#25 24.25 /azerothcore/modules/mod-playerbots/src/strategy/actions/GuildBankAction.cpp:55:66: warning: unused parameter 'bank' [-Wunused-parameter]
#25 24.25 bool GuildBankAction::MoveFromCharToBank(Item* item, GameObject* bank)
#25 24.25                                                                  ^
#25 24.25 1 warning generated.
#25 24.27 [ 30%] Building CXX object src/server/scripts/CMakeFiles/scripts.dir/EasternKingdoms/BlackrockMountain/BlackrockDepths/boss_grizzle.cpp.o
#25 24.28 [ 30%] Building CXX object modules/CMakeFiles/modules.dir/mod-playerbots/src/strategy/actions/GuildCreateActions.cpp.o
#25 24.32 [ 30%] Building CXX object modules/CMakeFiles/modules.dir/mod-playerbots/src/strategy/actions/GuildManagementActions.cpp.o
#25 24.37 /azerothcore/modules/mod-playerbots/src/strategy/actions/GuildManagementActions.cpp:152:28: warning: unused variable 'member' [-Wunused-variable]
#25 24.37             Guild::Member* member = guild->GetMember(player->GetGUID());
#25 24.37                            ^
#25 24.37 /azerothcore/modules/mod-playerbots/src/strategy/actions/GuildManagementActions.cpp:131:45: warning: unused parameter 'event' [-Wunused-parameter]
#25 24.37 bool GuildManageNearbyAction::Execute(Event event)
#25 24.37                                             ^
#25 24.37 2 warnings generated.
#25 24.38 [ 30%] Building CXX object src/server/game/CMakeFiles/game.dir/Entities/Item/ItemEnchantmentMgr.cpp.o
#25 24.38 In file included from /azerothcore/modules/mod-playerbots/src/strategy/actions/GuildCreateActions.cpp:6:
#25 24.38 In file included from /azerothcore/modules/mod-playerbots/src/strategy/actions/GuildCreateActions.h:9:
#25 24.38 In file included from /azerothcore/modules/mod-playerbots/src/strategy/actions/ChooseTravelTargetAction.h:9:
#25 24.38 /azerothcore/modules/mod-playerbots/src/strategy/actions/MovementActions.h:279:27: warning: comparison of integers of different signs: 'int' and 'uint32' (aka 'unsigned int') [-Wsign-compare]
#25 24.38         for (int i = 0; i < intervals; i++)
#25 24.38                         ~ ^ ~~~~~~~~~
#25 24.38 /azerothcore/modules/mod-playerbots/src/strategy/actions/GuildCreateActions.cpp:20:28: warning: unused variable 'result' [-Wunused-variable]
#25 24.38     bool vendored = false, result = false;
#25 24.38                            ^
#25 24.38 /azerothcore/modules/mod-playerbots/src/strategy/actions/GuildCreateActions.cpp:20:10: warning: unused variable 'vendored' [-Wunused-variable]
#25 24.38     bool vendored = false, result = false;
#25 24.38          ^
#25 24.38 /azerothcore/modules/mod-playerbots/src/strategy/actions/GuildCreateActions.cpp:17:39: warning: unused parameter 'event' [-Wunused-parameter]
#25 24.38 bool BuyPetitionAction::Execute(Event event)
#25 24.38                                       ^
#25 24.38 /azerothcore/modules/mod-playerbots/src/strategy/actions/GuildCreateActions.cpp:100:12: warning: unused variable 'petitionEntry' [-Wunused-variable]
#25 24.38     uint32 petitionEntry = 5863;  // GUILD_CHARTER
#25 24.38            ^
#25 24.38 /azerothcore/modules/mod-playerbots/src/strategy/actions/GuildCreateActions.cpp:155:47: warning: unused parameter 'event' [-Wunused-parameter]
#25 24.38 bool PetitionOfferNearbyAction::Execute(Event event)
#25 24.38                                               ^
#25 24.38 /azerothcore/modules/mod-playerbots/src/strategy/actions/GuildCreateActions.cpp:215:10: warning: unused variable 'vendored' [-Wunused-variable]
#25 24.38     bool vendored = false, result = false;
#25 24.38          ^
#25 24.38 /azerothcore/modules/mod-playerbots/src/strategy/actions/GuildCreateActions.cpp:215:28: warning: unused variable 'result' [-Wunused-variable]
#25 24.38     bool vendored = false, result = false;
#25 24.38                            ^
#25 24.38 /azerothcore/modules/mod-playerbots/src/strategy/actions/GuildCreateActions.cpp:212:42: warning: unused parameter 'event' [-Wunused-parameter]
#25 24.38 bool PetitionTurnInAction::Execute(Event event)
#25 24.38                                          ^
#25 24.38 /azerothcore/modules/mod-playerbots/src/strategy/actions/GuildCreateActions.cpp:300:37: warning: unused parameter 'event' [-Wunused-parameter]
#25 24.38 bool BuyTabardAction::Execute(Event event)
#25 24.38                                     ^
#25 24.38 10 warnings generated.
#25 24.43 [ 30%] Building CXX object modules/CMakeFiles/modules.dir/mod-playerbots/src/strategy/actions/HelpAction.cpp.o
#25 24.51 In file included from /azerothcore/modules/mod-playerbots/src/strategy/actions/HelpAction.cpp:8:
#25 24.51 In file included from /azerothcore/modules/mod-playerbots/src/strategy/actions/ChatActionContext.h:10:
#25 24.51 In file included from /azerothcore/modules/mod-playerbots/src/strategy/actions/AttackAction.h:9:
#25 24.51 /azerothcore/modules/mod-playerbots/src/strategy/actions/MovementActions.h:279:27: warning: comparison of integers of different signs: 'int' and 'uint32' (aka 'unsigned int') [-Wsign-compare]
#25 24.51         for (int i = 0; i < intervals; i++)
#25 24.51                         ~ ^ ~~~~~~~~~
#25 24.51 In file included from /azerothcore/modules/mod-playerbots/src/strategy/actions/HelpAction.cpp:8:
#25 24.51 In file included from /azerothcore/modules/mod-playerbots/src/strategy/actions/ChatActionContext.h:14:
#25 24.51 /azerothcore/modules/mod-playerbots/src/strategy/actions/CastCustomSpellAction.h:24:55: warning: unused parameter 'target' [-Wunused-parameter]
#25 24.51     virtual std::string const castString(WorldObject* target) { return "cast"; }
#25 24.51                                                       ^
#25 24.51 /azerothcore/modules/mod-playerbots/src/strategy/actions/CastCustomSpellAction.h:52:54: warning: unused parameter 'spellInfo' [-Wunused-parameter]
#25 24.51     virtual uint32 GetSpellPriority(SpellInfo const* spellInfo) { return 1; }
#25 24.51                                                      ^
#25 24.51 /azerothcore/modules/mod-playerbots/src/strategy/actions/HelpAction.cpp:16:32: warning: unused parameter 'event' [-Wunused-parameter]
#25 24.51 bool HelpAction::Execute(Event event)
#25 24.51                                ^
#25 24.51 In file included from /azerothcore/modules/mod-playerbots/src/strategy/actions/HelpAction.cpp:8:
#25 24.51 In file included from /azerothcore/modules/mod-playerbots/src/strategy/actions/ChatActionContext.h:58:
#25 24.51 In file included from /azerothcore/modules/mod-playerbots/src/strategy/actions/SetCraftAction.h:10:
#25 24.51 /azerothcore/modules/mod-playerbots/src/strategy/values/CraftValue.h:19:5: warning: definition of implicit copy assignment operator for 'CraftData' is deprecated because it has a user-provided copy constructor [-Wdeprecated-copy-with-user-provided-copy]
#25 24.51     CraftData(CraftData const& other) : itemId(other.itemId)
#25 24.51     ^
#25 24.51 /azerothcore/modules/mod-playerbots/src/strategy/Value.h:362:35: note: in implicit copy assignment operator for 'CraftData' first required here
#25 24.51     void Reset() override { value = defaultValue; }
#25 24.51                                   ^
#25 24.51 /azerothcore/modules/mod-playerbots/src/strategy/values/CraftValue.h:66:5: note: in instantiation of member function 'ManualSetValue<CraftData &>::Reset' requested here
#25 24.51     CraftValue(PlayerbotAI* botAI, std::string const name = "craft") : ManualSetValue<CraftData&>(botAI, data, name) {}
#25 24.51     ^
#25 24.51 5 warnings generated.
#25 24.54 [ 30%] Building CXX object modules/CMakeFiles/modules.dir/mod-playerbots/src/strategy/actions/HireAction.cpp.o
#25 24.55 [ 30%] Building CXX object src/server/game/CMakeFiles/game.dir/Entities/Item/enuminfo_Item.cpp.o
#25 24.56 [ 30%] Building CXX object src/server/scripts/CMakeFiles/scripts.dir/EasternKingdoms/BlackrockMountain/BlackrockDepths/boss_hedrum.cpp.o
#25 24.59 /azerothcore/modules/mod-playerbots/src/strategy/actions/HireAction.cpp:11:32: warning: unused parameter 'event' [-Wunused-parameter]
#25 24.59 bool HireAction::Execute(Event event)
#25 24.59                                ^
#25 24.59 1 warning generated.
#25 24.61 [ 30%] Building CXX object modules/CMakeFiles/modules.dir/mod-playerbots/src/strategy/actions/ImbueAction.cpp.o
#25 24.62 [ 30%] Building CXX object src/server/game/CMakeFiles/game.dir/Entities/Object/Object.cpp.o
#25 24.63 [ 30%] Building CXX object src/server/game/CMakeFiles/game.dir/Entities/Item/Container/Bag.cpp.o
#25 24.67 /azerothcore/modules/mod-playerbots/src/strategy/actions/ImbueAction.cpp:13:43: warning: unused parameter 'event' [-Wunused-parameter]
#25 24.67 bool ImbueWithPoisonAction::Execute(Event event)
#25 24.67                                           ^
#25 24.67 /azerothcore/modules/mod-playerbots/src/strategy/actions/ImbueAction.cpp:106:42: warning: unused parameter 'event' [-Wunused-parameter]
#25 24.67 bool ImbueWithStoneAction::Execute(Event event)
#25 24.67                                          ^
#25 24.67 /azerothcore/modules/mod-playerbots/src/strategy/actions/ImbueAction.cpp:151:40: warning: unused parameter 'event' [-Wunused-parameter]
#25 24.67 bool ImbueWithOilAction::Execute(Event event)
#25 24.67                                        ^
#25 24.67 /azerothcore/modules/mod-playerbots/src/strategy/actions/ImbueAction.cpp:204:40: warning: unused parameter 'event' [-Wunused-parameter]
#25 24.67 bool TryEmergencyAction::Execute(Event event)
#25 24.67                                        ^
#25 24.67 4 warnings generated.
#25 24.69 [ 31%] Building CXX object modules/CMakeFiles/modules.dir/mod-playerbots/src/strategy/actions/InventoryAction.cpp.o
#25 24.74 [ 31%] Building CXX object src/server/game/CMakeFiles/game.dir/Entities/Object/ObjectGuid.cpp.o
#25 24.75 In file included from /azerothcore/modules/mod-playerbots/src/strategy/actions/InventoryAction.cpp:9:
#25 24.75 /azerothcore/modules/mod-playerbots/src/strategy/values/ItemCountValue.h:20:24: warning: unused parameter 'event' [-Wunused-parameter]
#25 24.75     bool Execute(Event event) override { return false; }
#25 24.75                        ^
#25 24.75 /azerothcore/modules/mod-playerbots/src/strategy/actions/InventoryAction.cpp:377:13: warning: comparison of integers of different signs: 'uint32' (aka 'unsigned int') and 'int' [-Wsign-compare]
#25 24.75     if (pos == -1)
#25 24.75         ~~~ ^  ~~
#25 24.75 /azerothcore/modules/mod-playerbots/src/strategy/actions/InventoryAction.cpp:391:20: warning: comparison of integers of different signs: 'uint32' (aka 'unsigned int') and 'int' [-Wsign-compare]
#25 24.75         if (endPos == -1)
#25 24.75             ~~~~~~ ^  ~~
#25 24.75 3 warnings generated.
#25 24.80 [ 31%] Building CXX object modules/CMakeFiles/modules.dir/mod-playerbots/src/strategy/actions/InventoryChangeFailureAction.cpp.o
#25 24.85 [ 31%] Building CXX object src/server/game/CMakeFiles/game.dir/Entities/Object/ObjectPosSelector.cpp.o
#25 24.86 [ 31%] Building CXX object src/server/scripts/CMakeFiles/scripts.dir/EasternKingdoms/BlackrockMountain/BlackrockDepths/boss_high_interrogator_gerstahn.cpp.o
#25 24.91 [ 31%] Building CXX object modules/CMakeFiles/modules.dir/mod-playerbots/src/strategy/actions/InviteToGroupAction.cpp.o
#25 24.96 [ 31%] Building CXX object modules/CMakeFiles/modules.dir/mod-playerbots/src/strategy/actions/LeaveGroupAction.cpp.o
#25 24.99 [ 31%] Building CXX object src/server/scripts/CMakeFiles/scripts.dir/EasternKingdoms/BlackrockMountain/BlackrockDepths/boss_magmus.cpp.o
#25 25.00 /azerothcore/modules/mod-playerbots/src/strategy/actions/InviteToGroupAction.cpp:47:47: warning: unused parameter 'event' [-Wunused-parameter]
#25 25.00 bool InviteNearbyToGroupAction::Execute(Event event)
#25 25.00                                               ^
#25 25.00 /azerothcore/modules/mod-playerbots/src/strategy/actions/InviteToGroupAction.cpp:171:12: warning: unused variable 'guild' [-Wunused-variable]
#25 25.00     Guild* guild = sGuildMgr->GetGuildById(bot->GetGuildId());
#25 25.00            ^
#25 25.00 /azerothcore/modules/mod-playerbots/src/strategy/actions/InviteToGroupAction.cpp:169:46: warning: unused parameter 'event' [-Wunused-parameter]
#25 25.00 bool InviteGuildToGroupAction::Execute(Event event)
#25 25.00                                              ^
#25 25.00 3 warnings generated.
#25 25.02 /azerothcore/modules/mod-playerbots/src/strategy/actions/LeaveGroupAction.cpp:95:40: warning: unused parameter 'event' [-Wunused-parameter]
#25 25.02 bool LeaveFarAwayAction::Execute(Event event)
#25 25.02                                        ^
#25 25.02 1 warning generated.
#25 25.03 [ 31%] Building CXX object src/server/game/CMakeFiles/game.dir/Entities/Object/ObjectVisibilityContainer.cpp.o
#25 25.04 [ 31%] Building CXX object modules/CMakeFiles/modules.dir/mod-playerbots/src/strategy/actions/LfgActions.cpp.o
#25 25.05 [ 31%] Building CXX object src/server/scripts/CMakeFiles/scripts.dir/EasternKingdoms/BlackrockMountain/BlackrockDepths/boss_moira_bronzebeard.cpp.o
#25 25.11 /azerothcore/modules/mod-playerbots/src/strategy/actions/LfgActions.cpp:19:35: warning: unused parameter 'event' [-Wunused-parameter]
#25 25.11 bool LfgJoinAction::Execute(Event event) { return JoinLFG(); }
#25 25.11                                   ^
#25 25.11 /azerothcore/modules/mod-playerbots/src/strategy/actions/LfgActions.cpp:118:31: warning: '&&' within '||' [-Wlogical-op-parentheses]
#25 25.11         if (dungeon->MinLevel && (botLevel < dungeon->MinLevel || botLevel > dungeon->MaxLevel) ||
#25 25.11             ~~~~~~~~~~~~~~~~~~^~~~~~~~~~~~~~~~~~~~~~~~~~~~~~~~~~~~~~~~~~~~~~~~~~~~~~~~~~~~~~~~~ ~~
#25 25.11 /azerothcore/modules/mod-playerbots/src/strategy/actions/LfgActions.cpp:118:31: note: place parentheses around the '&&' expression to silence this warning
#25 25.11         if (dungeon->MinLevel && (botLevel < dungeon->MinLevel || botLevel > dungeon->MaxLevel) ||
#25 25.11                               ^
#25 25.11             (                                                                                  )
#25 25.11 /azerothcore/modules/mod-playerbots/src/strategy/actions/LfgActions.cpp:177:16: warning: unused variable 'currentRoles' [-Wunused-variable]
#25 25.11         uint32 currentRoles = sLFGMgr->GetRoles(bot->GetGUID());
#25 25.11                ^
#25 25.11 /azerothcore/modules/mod-playerbots/src/strategy/actions/LfgActions.cpp:173:40: warning: unused parameter 'event' [-Wunused-parameter]
#25 25.11 bool LfgRoleCheckAction::Execute(Event event)
#25 25.11                                        ^
#25 25.11 /azerothcore/modules/mod-playerbots/src/strategy/actions/LfgActions.cpp:268:36: warning: unused parameter 'event' [-Wunused-parameter]
#25 25.11 bool LfgLeaveAction::Execute(Event event)
#25 25.11                                    ^
#25 25.11 5 warnings generated.
#25 25.19 [ 31%] Building CXX object src/server/game/CMakeFiles/game.dir/Entities/Object/Position.cpp.o
#25 25.20 [ 31%] Building CXX object modules/CMakeFiles/modules.dir/mod-playerbots/src/strategy/actions/ListQuestsActions.cpp.o
#25 25.21 [ 31%] Building CXX object src/server/scripts/CMakeFiles/scripts.dir/EasternKingdoms/BlackrockMountain/BlackrockDepths/boss_okthor.cpp.o
#25 25.25 [ 31%] Building CXX object src/server/scripts/CMakeFiles/scripts.dir/EasternKingdoms/BlackrockMountain/BlackrockDepths/boss_tomb_of_seven.cpp.o
#25 25.28 [ 31%] Building CXX object modules/CMakeFiles/modules.dir/mod-playerbots/src/strategy/actions/ListSpellsAction.cpp.o
#25 25.33 /azerothcore/modules/mod-playerbots/src/strategy/actions/ListSpellsAction.cpp:196:58: warning: comparison of integers of different signs: 'int32' (aka 'int') and 'uint32' (aka 'unsigned int') [-Wsign-compare]
#25 25.33                         if (craftCount < 0 || craftCount > craftable)
#25 25.33                                               ~~~~~~~~~~ ^ ~~~~~~~~~
#25 25.33 /azerothcore/modules/mod-playerbots/src/strategy/actions/ListSpellsAction.cpp:303:12: warning: unused variable 'count' [-Wunused-variable]
#25 25.33     uint32 count = 0;
#25 25.33            ^
#25 25.33 2 warnings generated.
#25 25.37 [ 31%] Building CXX object modules/CMakeFiles/modules.dir/mod-playerbots/src/strategy/actions/LogLevelAction.cpp.o
#25 25.39 [ 31%] Building CXX object src/server/game/CMakeFiles/game.dir/Entities/Object/Updates/UpdateFieldFlags.cpp.o
#25 25.42 [ 31%] Building CXX object src/server/game/CMakeFiles/game.dir/Entities/Object/Updates/UpdateData.cpp.o
#25 25.47 [ 31%] Building CXX object src/server/scripts/CMakeFiles/scripts.dir/EasternKingdoms/BlackrockMountain/BlackrockDepths/instance_blackrock_depths.cpp.o
#25 25.49 [ 32%] Building CXX object src/server/scripts/CMakeFiles/scripts.dir/EasternKingdoms/BlackrockMountain/BlackrockSpire/boss_drakkisath.cpp.o
#25 25.54 [ 32%] Building CXX object modules/CMakeFiles/modules.dir/mod-playerbots/src/strategy/actions/LootAction.cpp.o
#25 25.58 [ 32%] Building CXX object modules/CMakeFiles/modules.dir/mod-playerbots/src/strategy/actions/LootRollAction.cpp.o
#25 25.59 [ 32%] Building CXX object src/server/scripts/CMakeFiles/scripts.dir/EasternKingdoms/BlackrockMountain/BlackrockSpire/boss_gyth.cpp.o
#25 25.60 In file included from /azerothcore/modules/mod-playerbots/src/strategy/actions/LootAction.cpp:6:
#25 25.60 In file included from /azerothcore/modules/mod-playerbots/src/strategy/actions/LootAction.h:10:
#25 25.60 /azerothcore/modules/mod-playerbots/src/strategy/actions/MovementActions.h:279:27: warning: comparison of integers of different signs: 'int' and 'uint32' (aka 'unsigned int') [-Wsign-compare]
#25 25.60         for (int i = 0; i < intervals; i++)
#25 25.60                         ~ ^ ~~~~~~~~~
#25 25.60 1 warning generated.
#25 25.62 [ 32%] Building CXX object modules/CMakeFiles/modules.dir/mod-playerbots/src/strategy/actions/LootStrategyAction.cpp.o
#25 25.69 [ 32%] Building CXX object src/server/scripts/CMakeFiles/scripts.dir/EasternKingdoms/BlackrockMountain/BlackrockSpire/boss_halycon.cpp.o
#25 25.73 In file included from /azerothcore/modules/mod-playerbots/src/strategy/actions/LootStrategyAction.cpp:10:
#25 25.73 In file included from /azerothcore/modules/mod-playerbots/src/strategy/actions/LootAction.h:10:
#25 25.73 /azerothcore/modules/mod-playerbots/src/strategy/actions/MovementActions.h:279:27: warning: comparison of integers of different signs: 'int' and 'uint32' (aka 'unsigned int') [-Wsign-compare]
#25 25.73         for (int i = 0; i < intervals; i++)
#25 25.73                         ~ ^ ~~~~~~~~~
#25 25.73 /azerothcore/modules/mod-playerbots/src/strategy/actions/LootStrategyAction.cpp:19:22: warning: unused variable 'lootItems' [-Wunused-variable]
#25 25.73     LootObjectStack* lootItems = AI_VALUE(LootObjectStack*, "available loot");
#25 25.73                      ^
#25 25.73 2 warnings generated.
#25 25.77 [ 32%] Building CXX object modules/CMakeFiles/modules.dir/mod-playerbots/src/strategy/actions/MailAction.cpp.o
#25 25.79 [ 32%] Building CXX object src/server/game/CMakeFiles/game.dir/Entities/Pet/Pet.cpp.o
#25 25.83 /azerothcore/modules/mod-playerbots/src/strategy/actions/MailAction.cpp:81:25: warning: unused parameter 'index' [-Wunused-parameter]
#25 25.83     bool Process(uint32 index, Mail* mail, PlayerbotAI* botAI) override
#25 25.83                         ^
#25 25.83 /azerothcore/modules/mod-playerbots/src/strategy/actions/MailAction.cpp:137:31: warning: unused variable 'total' [-Wunused-variable]
#25 25.83         uint32 totalused = 0, total = 16;
#25 25.83                               ^
#25 25.83 /azerothcore/modules/mod-playerbots/src/strategy/actions/MailAction.cpp:160:25: warning: unused parameter 'index' [-Wunused-parameter]
#25 25.83     bool Process(uint32 index, Mail* mail, PlayerbotAI* botAI) override
#25 25.83                         ^
#25 25.83 /azerothcore/modules/mod-playerbots/src/strategy/actions/MailAction.cpp:175:25: warning: unused parameter 'index' [-Wunused-parameter]
#25 25.83     bool Process(uint32 index, Mail* mail, PlayerbotAI* botAI) override
#25 25.83                         ^
#25 25.83 4 warnings generated.
#25 25.86 [ 32%] Building CXX object src/server/scripts/CMakeFiles/scripts.dir/EasternKingdoms/BlackrockMountain/BlackrockSpire/boss_highlord_omokk.cpp.o
#25 25.87 [ 32%] Building CXX object src/server/game/CMakeFiles/game.dir/Entities/Player/CinematicMgr.cpp.o
#25 25.88 [ 33%] Building CXX object src/server/game/CMakeFiles/game.dir/Entities/Player/KillRewarder.cpp.o
#25 25.97 [ 33%] Building CXX object src/server/game/CMakeFiles/game.dir/Entities/Player/Player.cpp.o
#25 26.00 [ 33%] Building CXX object src/server/scripts/CMakeFiles/scripts.dir/EasternKingdoms/BlackrockMountain/BlackrockSpire/boss_lord_valthalak.cpp.o
#25 26.05 /azerothcore/src/server/game/Entities/Player/Player.cpp:11286:48: warning: comparison of integers of different signs: 'int' and 'EquipmentSlots' [-Wsign-compare]
#25 26.05     for (int slot = EQUIPMENT_SLOT_START; slot < EQUIPMENT_SLOT_END; ++slot)
#25 26.05                                           ~~~~ ^ ~~~~~~~~~~~~~~~~~~
#25 26.05 /azerothcore/src/server/game/Entities/Player/Player.cpp:15880:42: warning: comparison of integers of different signs: 'int' and 'EquipmentSlots' [-Wsign-compare]
#25 26.05     for (int i = EQUIPMENT_SLOT_START; i < EQUIPMENT_SLOT_END; ++i)
#25 26.05                                        ~ ^ ~~~~~~~~~~~~~~~~~~
#25 26.05 2 warnings generated.
#25 26.08 [ 33%] Building CXX object src/server/game/CMakeFiles/game.dir/Entities/Player/PlayerGossip.cpp.o
#25 26.24 [ 33%] Building CXX object modules/CMakeFiles/modules.dir/mod-playerbots/src/strategy/actions/MoveToRpgTargetAction.cpp.o
#25 26.32 [ 33%] Building CXX object modules/CMakeFiles/modules.dir/mod-playerbots/src/strategy/actions/MoveToTravelTargetAction.cpp.o
#25 26.33 [ 33%] Building CXX object src/server/scripts/CMakeFiles/scripts.dir/EasternKingdoms/BlackrockMountain/BlackrockSpire/boss_mor_grayhoof.cpp.o
#25 26.35 [ 33%] Building CXX object src/server/game/CMakeFiles/game.dir/Entities/Player/PlayerMisc.cpp.o
#25 26.36 In file included from /azerothcore/modules/mod-playerbots/src/strategy/actions/MoveToRpgTargetAction.cpp:6:
#25 26.36 In file included from /azerothcore/modules/mod-playerbots/src/strategy/actions/MoveToRpgTargetAction.h:9:
#25 26.36 /azerothcore/modules/mod-playerbots/src/strategy/actions/MovementActions.h:279:27: warning: comparison of integers of different signs: 'int' and 'uint32' (aka 'unsigned int') [-Wsign-compare]
#25 26.36         for (int i = 0; i < intervals; i++)
#25 26.36                         ~ ^ ~~~~~~~~~
#25 26.36 /azerothcore/modules/mod-playerbots/src/strategy/actions/MoveToRpgTargetAction.cpp:27:13: warning: unused variable 'player' [-Wunused-variable]
#25 26.36     Player* player = guidP.GetPlayer();
#25 26.36             ^
#25 26.36 /azerothcore/modules/mod-playerbots/src/strategy/actions/MoveToRpgTargetAction.cpp:14:43: warning: unused parameter 'event' [-Wunused-parameter]
#25 26.36 bool MoveToRpgTargetAction::Execute(Event event)
#25 26.36                                           ^
#25 26.36 3 warnings generated.
#25 26.38 [ 33%] Building CXX object modules/CMakeFiles/modules.dir/mod-playerbots/src/strategy/actions/MovementActions.cpp.o
#25 26.51 In file included from /azerothcore/modules/mod-playerbots/src/strategy/actions/MoveToTravelTargetAction.cpp:6:
#25 26.51 In file included from /azerothcore/modules/mod-playerbots/src/strategy/actions/MoveToTravelTargetAction.h:9:
#25 26.51 /azerothcore/modules/mod-playerbots/src/strategy/actions/MovementActions.h:279:27: warning: comparison of integers of different signs: 'int' and 'uint32' (aka 'unsigned int') [-Wsign-compare]
#25 26.51         for (int i = 0; i < intervals; i++)
#25 26.51                         ~ ^ ~~~~~~~~~
#25 26.51 /azerothcore/modules/mod-playerbots/src/strategy/actions/MoveToTravelTargetAction.cpp:13:46: warning: unused parameter 'event' [-Wunused-parameter]
#25 26.51 bool MoveToTravelTargetAction::Execute(Event event)
#25 26.51                                              ^
#25 26.51 2 warnings generated.
#25 26.52 [ 33%] Building CXX object src/server/scripts/CMakeFiles/scripts.dir/EasternKingdoms/BlackrockMountain/BlackrockSpire/boss_overlord_wyrmthalak.cpp.o
#25 26.54 [ 33%] Building CXX object modules/CMakeFiles/modules.dir/mod-playerbots/src/strategy/actions/NonCombatActions.cpp.o
#25 26.59 In file included from /azerothcore/modules/mod-playerbots/src/strategy/actions/MovementActions.cpp:6:
#25 26.59 /azerothcore/modules/mod-playerbots/src/strategy/actions/MovementActions.h:279:27: warning: comparison of integers of different signs: 'int' and 'uint32' (aka 'unsigned int') [-Wsign-compare]
#25 26.59         for (int i = 0; i < intervals; i++)
#25 26.59                         ~ ^ ~~~~~~~~~
#25 26.59 /azerothcore/modules/mod-playerbots/src/strategy/actions/MovementActions.cpp:81:11: warning: unused variable 'botZ' [-Wunused-variable]
#25 26.59     float botZ = bot->GetPositionZ();
#25 26.59           ^
#25 26.59 /azerothcore/modules/mod-playerbots/src/strategy/actions/MovementActions.cpp:105:11: warning: unused variable 'z' [-Wunused-variable]
#25 26.59     float z = target->GetPositionZ();
#25 26.59           ^
#25 26.59 /azerothcore/modules/mod-playerbots/src/strategy/actions/MovementActions.cpp:104:11: warning: unused variable 'y' [-Wunused-variable]
#25 26.59     float y = target->GetPositionY();
#25 26.59           ^
#25 26.59 /azerothcore/modules/mod-playerbots/src/strategy/actions/MovementActions.cpp:103:11: warning: unused variable 'x' [-Wunused-variable]
#25 26.59     float x = target->GetPositionX();
#25 26.59           ^
#25 26.59 /azerothcore/modules/mod-playerbots/src/strategy/actions/MovementActions.cpp:267:26: warning: unused variable 'endP' [-Wunused-variable]
#25 26.59             G3D::Vector3 endP = path.back();
#25 26.59                          ^
#25 26.59 /azerothcore/modules/mod-playerbots/src/strategy/actions/MovementActions.cpp:179:75: warning: unused parameter 'idle' [-Wunused-parameter]
#25 26.59 bool MovementAction::MoveTo(uint32 mapId, float x, float y, float z, bool idle, bool react, bool normal_only,
#25 26.59                                                                           ^
#25 26.59 /azerothcore/modules/mod-playerbots/src/strategy/actions/MovementActions.cpp:179:86: warning: unused parameter 'react' [-Wunused-parameter]
#25 26.59 bool MovementAction::MoveTo(uint32 mapId, float x, float y, float z, bool idle, bool react, bool normal_only,
#25 26.59                                                                                      ^
#25 26.59 /azerothcore/modules/mod-playerbots/src/strategy/actions/MovementActions.cpp:782:11: warning: unused variable 'tx' [-Wunused-variable]
#25 26.59     float tx = target->GetPositionX();
#25 26.59           ^
#25 26.59 /azerothcore/modules/mod-playerbots/src/strategy/actions/MovementActions.cpp:783:11: warning: unused variable 'ty' [-Wunused-variable]
#25 26.59     float ty = target->GetPositionY();
#25 26.59           ^
#25 26.59 /azerothcore/modules/mod-playerbots/src/strategy/actions/MovementActions.cpp:817:11: warning: unused variable 'bz' [-Wunused-variable]
#25 26.59     float bz = bot->GetPositionZ();
#25 26.59           ^
#25 26.59 /azerothcore/modules/mod-playerbots/src/strategy/actions/MovementActions.cpp:816:11: warning: unused variable 'by' [-Wunused-variable]
#25 26.59     float by = bot->GetPositionY();
#25 26.59           ^
#25 26.59 /azerothcore/modules/mod-playerbots/src/strategy/actions/MovementActions.cpp:815:11: warning: unused variable 'bx' [-Wunused-variable]
#25 26.59     float bx = bot->GetPositionX();
#25 26.59           ^
#25 26.59 /azerothcore/modules/mod-playerbots/src/strategy/actions/MovementActions.cpp:908:45: warning: unused parameter 'mapId' [-Wunused-parameter]
#25 26.59 bool MovementAction::IsMovingAllowed(uint32 mapId, float x, float y, float z)
#25 26.59                                             ^
#25 26.59 /azerothcore/modules/mod-playerbots/src/strategy/actions/MovementActions.cpp:908:58: warning: unused parameter 'x' [-Wunused-parameter]
#25 26.59 bool MovementAction::IsMovingAllowed(uint32 mapId, float x, float y, float z)
#25 26.59                                                          ^
#25 26.59 /azerothcore/modules/mod-playerbots/src/strategy/actions/MovementActions.cpp:908:67: warning: unused parameter 'y' [-Wunused-parameter]
#25 26.59 bool MovementAction::IsMovingAllowed(uint32 mapId, float x, float y, float z)
#25 26.59                                                                   ^
#25 26.59 /azerothcore/modules/mod-playerbots/src/strategy/actions/MovementActions.cpp:908:76: warning: unused parameter 'z' [-Wunused-parameter]
#25 26.59 bool MovementAction::IsMovingAllowed(uint32 mapId, float x, float y, float z)
#25 26.59                                                                            ^
#25 26.59 /azerothcore/modules/mod-playerbots/src/strategy/actions/MovementActions.cpp:921:45: warning: unused parameter 'mapId' [-Wunused-parameter]
#25 26.59 bool MovementAction::IsDuplicateMove(uint32 mapId, float x, float y, float z)
#25 26.59                                             ^
#25 26.59 /azerothcore/modules/mod-playerbots/src/strategy/actions/MovementActions.cpp:1309:70: warning: unused parameter 'angle' [-Wunused-parameter]
#25 26.59 bool MovementAction::ChaseTo(WorldObject* obj, float distance, float angle)
#25 26.59                                                                      ^
#25 26.59 /azerothcore/modules/mod-playerbots/src/strategy/actions/MovementActions.cpp:1440:27: warning: unused variable 'distanceToTarget' [-Wunused-variable]
#25 26.59                     float distanceToTarget = sServerFacade->GetDistance2d(bot, target);
#25 26.59                           ^
#25 26.59 /azerothcore/modules/mod-playerbots/src/strategy/actions/MovementActions.cpp:1461:14: warning: unused variable 'isDps' [-Wunused-variable]
#25 26.59         bool isDps = !isHealer && !botAI->IsTank(bot);
#25 26.59              ^
#25 26.59 /azerothcore/modules/mod-playerbots/src/strategy/actions/MovementActions.cpp:1462:14: warning: unused variable 'isTank' [-Wunused-variable]
#25 26.59         bool isTank = botAI->IsTank(bot);
#25 26.59              ^
#25 26.59 /azerothcore/modules/mod-playerbots/src/strategy/actions/MovementActions.cpp:1867:32: warning: unused parameter 'event' [-Wunused-parameter]
#25 26.59 bool FleeAction::Execute(Event event)
#25 26.59                                ^
#25 26.59 /azerothcore/modules/mod-playerbots/src/strategy/actions/MovementActions.cpp:1885:39: warning: unused parameter 'event' [-Wunused-parameter]
#25 26.59 bool FleeWithPetAction::Execute(Event event)
#25 26.59                                       ^
#25 26.59 /azerothcore/modules/mod-playerbots/src/strategy/actions/MovementActions.cpp:1897:36: warning: comparison of integers of different signs: 'unsigned int' and 'int' [-Wsign-compare]
#25 26.59     if (getMSTime() - moveInterval < lastMoveTimer)
#25 26.59         ~~~~~~~~~~~~~~~~~~~~~~~~~~ ^ ~~~~~~~~~~~~~
#25 26.59 /azerothcore/modules/mod-playerbots/src/strategy/actions/MovementActions.cpp:1906:36: warning: unused parameter 'event' [-Wunused-parameter]
#25 26.59 bool AvoidAoeAction::Execute(Event event)
#25 26.59                                    ^
#25 26.59 /azerothcore/modules/mod-playerbots/src/strategy/actions/MovementActions.cpp:2329:36: warning: comparison of integers of different signs: 'unsigned int' and 'int' [-Wsign-compare]
#25 26.59     if (getMSTime() - moveInterval < lastMoveTimer)
#25 26.59         ~~~~~~~~~~~~~~~~~~~~~~~~~~ ^ ~~~~~~~~~~~~~
#25 26.59 /azerothcore/modules/mod-playerbots/src/strategy/actions/MovementActions.cpp:2340:47: warning: unused parameter 'event' [-Wunused-parameter]
#25 26.59 bool CombatFormationMoveAction::Execute(Event event)
#25 26.59                                               ^
#25 26.59 /azerothcore/modules/mod-playerbots/src/strategy/actions/MovementActions.cpp:2471:36: warning: unused parameter 'event' [-Wunused-parameter]
#25 26.59 bool TankFaceAction::Execute(Event event)
#25 26.59                                    ^
#25 26.59 /azerothcore/modules/mod-playerbots/src/strategy/actions/MovementActions.cpp:2555:37: warning: unused parameter 'event' [-Wunused-parameter]
#25 26.59 bool RearFlankAction::Execute(Event event)
#25 26.59                                     ^
#25 26.59 /azerothcore/modules/mod-playerbots/src/strategy/actions/MovementActions.cpp:2666:35: warning: unused parameter 'event' [-Wunused-parameter]
#25 26.59 bool RunAwayAction::Execute(Event event) { return Flee(AI_VALUE(Unit*, "master target")); }
#25 26.59                                   ^
#25 26.59 /azerothcore/modules/mod-playerbots/src/strategy/actions/MovementActions.cpp:2668:38: warning: unused parameter 'event' [-Wunused-parameter]
#25 26.59 bool MoveToLootAction::Execute(Event event)
#25 26.59                                      ^
#25 26.59 /azerothcore/modules/mod-playerbots/src/strategy/actions/MovementActions.cpp:2677:49: warning: unused parameter 'event' [-Wunused-parameter]
#25 26.59 bool MoveOutOfEnemyContactAction::Execute(Event event)
#25 26.59                                                 ^
#25 26.59 /azerothcore/modules/mod-playerbots/src/strategy/actions/MovementActions.cpp:2688:43: warning: unused parameter 'event' [-Wunused-parameter]
#25 26.59 bool SetFacingTargetAction::Execute(Event event)
#25 26.59                                           ^
#25 26.59 /azerothcore/modules/mod-playerbots/src/strategy/actions/MovementActions.cpp:2714:43: warning: unused parameter 'event' [-Wunused-parameter]
#25 26.59 bool SetBehindTargetAction::Execute(Event event)
#25 26.59                                           ^
#25 26.59 /azerothcore/modules/mod-playerbots/src/strategy/actions/MovementActions.cpp:2774:46: warning: unused parameter 'event' [-Wunused-parameter]
#25 26.59 bool MoveOutOfCollisionAction::Execute(Event event)
#25 26.59                                              ^
#25 26.59 /azerothcore/modules/mod-playerbots/src/strategy/actions/MovementActions.cpp:2806:15: warning: unused variable 'oy' [-Wunused-variable]
#25 26.59         float oy = y;
#25 26.59               ^
#25 26.59 /azerothcore/modules/mod-playerbots/src/strategy/actions/MovementActions.cpp:2805:15: warning: unused variable 'ox' [-Wunused-variable]
#25 26.59         float ox = x;
#25 26.59               ^
#25 26.59 /azerothcore/modules/mod-playerbots/src/strategy/actions/MovementActions.cpp:2807:15: warning: unused variable 'oz' [-Wunused-variable]
#25 26.59         float oz = z;
#25 26.59               ^
#25 26.59 /azerothcore/modules/mod-playerbots/src/strategy/actions/MovementActions.cpp:2792:38: warning: unused parameter 'event' [-Wunused-parameter]
#25 26.59 bool MoveRandomAction::Execute(Event event)
#25 26.59                                      ^
#25 26.59 /azerothcore/modules/mod-playerbots/src/strategy/actions/MovementActions.cpp:2824:38: warning: unused parameter 'event' [-Wunused-parameter]
#25 26.59 bool MoveInsideAction::Execute(Event event) { return MoveInside(bot->GetMapId(), x, y, bot->GetPositionZ(), distance); }
#25 26.59                                      ^
#25 26.59 /azerothcore/modules/mod-playerbots/src/strategy/actions/MovementActions.cpp:2826:54: warning: unused parameter 'event' [-Wunused-parameter]
#25 26.59 bool RotateAroundTheCenterPointAction::Execute(Event event)
#25 26.59                                                      ^
#25 26.59 /azerothcore/modules/mod-playerbots/src/strategy/actions/MovementActions.cpp:2849:15: warning: unused variable 'nearestCreature' [-Wunused-variable]
#25 26.59     Creature* nearestCreature = bot->FindNearestCreature(creatureId, range, alive);
#25 26.59               ^
#25 26.59 /azerothcore/modules/mod-playerbots/src/strategy/actions/MovementActions.cpp:2846:48: warning: unused parameter 'event' [-Wunused-parameter]
#25 26.59 bool MoveAwayFromCreatureAction::Execute(Event event)
#25 26.59                                                ^
#25 26.59 /azerothcore/modules/mod-playerbots/src/strategy/actions/MovementActions.cpp:2929:13: warning: unused variable 'closestPlayer' [-Wunused-variable]
#25 26.59     Player* closestPlayer = nullptr;
#25 26.59             ^
#25 26.59 /azerothcore/modules/mod-playerbots/src/strategy/actions/MovementActions.cpp:2930:11: warning: unused variable 'minDistance' [-Wunused-variable]
#25 26.59     float minDistance = 0.0f;
#25 26.59           ^
#25 26.59 /azerothcore/modules/mod-playerbots/src/strategy/actions/MovementActions.cpp:2927:56: warning: unused parameter 'event' [-Wunused-parameter]
#25 26.59 bool MoveAwayFromPlayerWithDebuffAction::Execute(Event event)
#25 26.59                                                        ^
#25 26.59 In file included from /azerothcore/modules/mod-playerbots/src/strategy/actions/MovementActions.cpp:32:
#25 26.59 /azerothcore/modules/mod-playerbots/src/strategy/values/PositionValue.h:23:5: warning: definition of implicit copy assignment operator for 'PositionInfo' is deprecated because it has a user-provided copy constructor [-Wdeprecated-copy-with-user-provided-copy]
#25 26.59     PositionInfo(PositionInfo const& other)
#25 26.59     ^
#25 26.59 /azerothcore/modules/mod-playerbots/src/strategy/Value.h:77:19: note: in implicit copy assignment operator for 'PositionInfo' first required here
#25 26.59             value = Calculate();
#25 26.59                   ^
#25 26.59 /azerothcore/modules/mod-playerbots/src/strategy/Value.h:61:5: note: in instantiation of member function 'CalculatedValue<PositionInfo>::Get' requested here
#25 26.59     CalculatedValue(PlayerbotAI* botAI, std::string const name = "value", uint32 checkInterval = 1)
#25 26.59     ^
#25 26.59 /azerothcore/modules/mod-playerbots/src/strategy/values/PositionValue.h:83:70: note: in instantiation of member function 'CalculatedValue<PositionInfo>::CalculatedValue' requested here
#25 26.59     SinglePositionValue(PlayerbotAI* ai, std::string name = "pos") : CalculatedValue(ai, name), Qualified() {};
#25 26.59                                                                      ^
#25 26.59 48 warnings generated.
#25 26.60 [ 33%] Building CXX object src/server/game/CMakeFiles/game.dir/Entities/Player/PlayerQuest.cpp.o
#25 26.64 [ 33%] Building CXX object modules/CMakeFiles/modules.dir/mod-playerbots/src/strategy/actions/OpenItemAction.cpp.o
#25 26.69 /azerothcore/modules/mod-playerbots/src/strategy/actions/OpenItemAction.cpp:10:36: warning: unused parameter 'event' [-Wunused-parameter]
#25 26.69 bool OpenItemAction::Execute(Event event)
#25 26.69                                    ^
#25 26.69 1 warning generated.
#25 26.70 [ 33%] Building CXX object src/server/scripts/CMakeFiles/scripts.dir/EasternKingdoms/BlackrockMountain/BlackrockSpire/boss_pyroguard_emberseer.cpp.o
#25 26.78 [ 33%] Building CXX object src/server/game/CMakeFiles/game.dir/Entities/Player/PlayerSettings.cpp.o
#25 26.83 [ 33%] Building CXX object src/server/game/CMakeFiles/game.dir/Entities/Player/PlayerStorage.cpp.o
#25 26.86 [ 34%] Building CXX object modules/CMakeFiles/modules.dir/mod-playerbots/src/strategy/actions/OutfitAction.cpp.o
#25 26.91 [ 34%] Building CXX object src/server/game/CMakeFiles/game.dir/Entities/Player/PlayerTaxi.cpp.o
#25 26.97 [ 34%] Building CXX object src/server/scripts/CMakeFiles/scripts.dir/EasternKingdoms/BlackrockMountain/BlackrockSpire/boss_quartermaster_zigris.cpp.o
#25 27.04 [ 34%] Building CXX object src/server/scripts/CMakeFiles/scripts.dir/EasternKingdoms/BlackrockMountain/BlackrockSpire/boss_rend_blackhand.cpp.o
#25 27.14 [ 34%] Building CXX object src/server/scripts/CMakeFiles/scripts.dir/EasternKingdoms/BlackrockMountain/BlackrockSpire/boss_solakar_flamewreath.cpp.o
#25 27.22 [ 34%] Building CXX object src/server/scripts/CMakeFiles/scripts.dir/EasternKingdoms/BlackrockMountain/BlackrockSpire/boss_the_beast.cpp.o
#25 27.27 [ 34%] Building CXX object src/server/scripts/CMakeFiles/scripts.dir/EasternKingdoms/BlackrockMountain/BlackrockSpire/boss_urok_doomhowl.cpp.o
#25 27.34 [ 34%] Building CXX object src/server/scripts/CMakeFiles/scripts.dir/EasternKingdoms/BlackrockMountain/BlackrockSpire/boss_warmaster_voone.cpp.o
#25 27.37 [ 34%] Building CXX object src/server/scripts/CMakeFiles/scripts.dir/EasternKingdoms/BlackrockMountain/BlackrockSpire/instance_blackrock_spire.cpp.o
#25 27.50 [ 34%] Building CXX object src/server/game/CMakeFiles/game.dir/Entities/Player/PlayerUpdates.cpp.o
#25 27.52 [ 34%] Building CXX object modules/CMakeFiles/modules.dir/mod-playerbots/src/strategy/actions/PassLeadershipToMasterAction.cpp.o
#25 27.59 /azerothcore/modules/mod-playerbots/src/strategy/actions/PassLeadershipToMasterAction.cpp:13:50: warning: unused parameter 'event' [-Wunused-parameter]
#25 27.59 bool PassLeadershipToMasterAction::Execute(Event event)
#25 27.59                                                  ^
#25 27.59 1 warning generated.
#25 27.60 [ 34%] Building CXX object src/server/game/CMakeFiles/game.dir/Entities/Player/SocialMgr.cpp.o
#25 27.63 [ 34%] Building CXX object src/server/scripts/CMakeFiles/scripts.dir/EasternKingdoms/BlackrockMountain/BlackwingLair/boss_broodlord_lashlayer.cpp.o
#25 27.74 [ 34%] Building CXX object src/server/scripts/CMakeFiles/scripts.dir/EasternKingdoms/BlackrockMountain/BlackwingLair/boss_chromaggus.cpp.o
#25 27.76 [ 34%] Building CXX object src/server/game/CMakeFiles/game.dir/Entities/Player/TradeData.cpp.o
#25 27.86 [ 34%] Building CXX object modules/CMakeFiles/modules.dir/mod-playerbots/src/strategy/actions/PetitionSignAction.cpp.o
#25 27.91 [ 35%] Building CXX object src/server/scripts/CMakeFiles/scripts.dir/EasternKingdoms/BlackrockMountain/BlackwingLair/boss_ebonroc.cpp.o
#25 27.95 [ 35%] Building CXX object src/server/scripts/CMakeFiles/scripts.dir/EasternKingdoms/BlackrockMountain/BlackwingLair/boss_firemaw.cpp.o
#25 27.99 [ 35%] Building CXX object src/server/game/CMakeFiles/game.dir/Entities/Totem/Totem.cpp.o
#25 28.03 [ 35%] Building CXX object src/server/game/CMakeFiles/game.dir/Entities/Transport/Transport.cpp.o
#25 28.13 [ 35%] Building CXX object src/server/game/CMakeFiles/game.dir/Entities/Unit/CharmInfo.cpp.o
#25 28.20 [ 35%] Building CXX object src/server/scripts/CMakeFiles/scripts.dir/EasternKingdoms/BlackrockMountain/BlackwingLair/boss_flamegor.cpp.o
#25 28.24 [ 35%] Building CXX object modules/CMakeFiles/modules.dir/mod-playerbots/src/strategy/actions/PetsAction.cpp.o
#25 28.30 [ 35%] Building CXX object src/server/game/CMakeFiles/game.dir/Entities/Unit/StatSystem.cpp.o
#25 28.30 In file included from /azerothcore/modules/mod-playerbots/src/strategy/actions/PetsAction.cpp:6:
#25 28.30 /azerothcore/modules/mod-playerbots/src/strategy/actions/PetsAction.h:25:10: warning: private field 'warningEnabled' is not used [-Wunused-private-field]
#25 28.30     bool warningEnabled = true;
#25 28.30          ^
#25 28.30 1 warning generated.
#25 28.33 [ 35%] Building CXX object modules/CMakeFiles/modules.dir/mod-playerbots/src/strategy/actions/PositionAction.cpp.o
#25 28.35 [ 35%] Building CXX object src/server/scripts/CMakeFiles/scripts.dir/EasternKingdoms/BlackrockMountain/BlackwingLair/boss_nefarian.cpp.o
#25 28.42 In file included from /azerothcore/modules/mod-playerbots/src/strategy/actions/PositionAction.cpp:6:
#25 28.42 In file included from /azerothcore/modules/mod-playerbots/src/strategy/actions/PositionAction.h:9:
#25 28.42 /azerothcore/modules/mod-playerbots/src/strategy/actions/MovementActions.h:279:27: warning: comparison of integers of different signs: 'int' and 'uint32' (aka 'unsigned int') [-Wsign-compare]
#25 28.42         for (int i = 0; i < intervals; i++)
#25 28.42                         ~ ^ ~~~~~~~~~
#25 28.42 In file included from /azerothcore/modules/mod-playerbots/src/strategy/actions/PositionAction.cpp:10:
#25 28.42 /azerothcore/modules/mod-playerbots/src/strategy/values/PositionValue.h:23:5: warning: definition of implicit copy assignment operator for 'PositionInfo' is deprecated because it has a user-provided copy constructor [-Wdeprecated-copy-with-user-provided-copy]
#25 28.42     PositionInfo(PositionInfo const& other)
#25 28.42     ^
#25 28.42 /azerothcore/modules/mod-playerbots/src/strategy/actions/PositionAction.cpp:72:22: note: in implicit copy assignment operator for 'PositionInfo' first required here
#25 28.42         posMap[name] = pos;
#25 28.42                      ^
#25 28.42 /azerothcore/modules/mod-playerbots/src/strategy/actions/PositionAction.cpp:105:42: warning: unused parameter 'event' [-Wunused-parameter]
#25 28.42 bool MoveToPositionAction::Execute(Event event)
#25 28.42                                          ^
#25 28.42 /azerothcore/modules/mod-playerbots/src/strategy/actions/PositionAction.cpp:126:45: warning: unused parameter 'event' [-Wunused-parameter]
#25 28.42 bool SetReturnPositionAction::Execute(Event event)
#25 28.42                                             ^
#25 28.42 4 warnings generated.
#25 28.44 [ 35%] Building CXX object src/server/game/CMakeFiles/game.dir/Entities/Unit/Unit.cpp.o
#25 28.47 [ 35%] Building CXX object modules/CMakeFiles/modules.dir/mod-playerbots/src/strategy/actions/QueryItemUsageAction.cpp.o
#25 28.57 /azerothcore/src/server/game/Entities/Unit/Unit.cpp:21298:60: warning: unused parameter 'isChase' [-Wunused-parameter]
#25 28.57 void Unit::SetCannotReachTargetUnit(bool cannotReach, bool isChase)
#25 28.57                                                            ^
#25 28.57 1 warning generated.
#25 28.61 [ 35%] Building CXX object modules/CMakeFiles/modules.dir/mod-playerbots/src/strategy/actions/QueryQuestAction.cpp.o
#25 28.63 [ 35%] Building CXX object src/server/game/CMakeFiles/game.dir/Entities/Unit/enuminfo_Unit.cpp.o
#25 28.64 [ 35%] Building CXX object modules/CMakeFiles/modules.dir/mod-playerbots/src/strategy/actions/QuestAction.cpp.o
#25 28.65 /azerothcore/modules/mod-playerbots/src/strategy/actions/QueryQuestAction.cpp:19:13: warning: unused variable 'requester' [-Wunused-variable]
#25 28.65     Player* requester = event.getOwner() ? event.getOwner() : GetMaster();
#25 28.65             ^
#25 28.65 1 warning generated.
#25 28.67 [ 35%] Building CXX object modules/CMakeFiles/modules.dir/mod-playerbots/src/strategy/actions/QuestConfirmAcceptAction.cpp.o
#25 28.71 /azerothcore/modules/mod-playerbots/src/strategy/actions/QuestAction.cpp:353:13: warning: unused variable 'requester' [-Wunused-variable]
#25 28.71     Player* requester = event.getOwner() ? event.getOwner() : GetMaster();
#25 28.71             ^
#25 28.71 /azerothcore/modules/mod-playerbots/src/strategy/actions/QuestAction.cpp:408:32: warning: unused variable 'q_status' [-Wunused-variable]
#25 28.71         const QuestStatusData& q_status = bot->getQuestStatusMap().at(questId);
#25 28.71                                ^
#25 28.71 /azerothcore/modules/mod-playerbots/src/strategy/actions/QuestAction.cpp:417:54: warning: comparison of integers of different signs: 'int32' (aka 'int') and 'const uint32' (aka 'const unsigned int') [-Wsign-compare]
#25 28.71             if (itemId == itemEntry && previousCount < quest->RequiredItemCount[i])
#25 28.71                                        ~~~~~~~~~~~~~ ^ ~~~~~~~~~~~~~~~~~~~~~~~~~~~
#25 28.71 /azerothcore/modules/mod-playerbots/src/strategy/actions/QuestAction.cpp:435:45: warning: unused parameter 'event' [-Wunused-parameter]
#25 28.71 bool QuestUpdateFailedAction::Execute(Event event)
#25 28.71                                             ^
#25 28.71 /azerothcore/modules/mod-playerbots/src/strategy/actions/QuestAction.cpp:449:13: warning: unused variable 'requester' [-Wunused-variable]
#25 28.71     Player* requester = event.getOwner() ? event.getOwner() : GetMaster();
#25 28.71             ^
#25 28.71 5 warnings generated.
#25 28.71 [ 35%] Building CXX object src/server/scripts/CMakeFiles/scripts.dir/EasternKingdoms/BlackrockMountain/BlackwingLair/boss_razorgore.cpp.o
#25 28.74 [ 36%] Building CXX object src/server/game/CMakeFiles/game.dir/Entities/Vehicle/Vehicle.cpp.o
#25 28.76 [ 36%] Building CXX object src/server/game/CMakeFiles/game.dir/Events/GameEventMgr.cpp.o
#25 28.87 [ 36%] Building CXX object src/server/scripts/CMakeFiles/scripts.dir/EasternKingdoms/BlackrockMountain/BlackwingLair/boss_vaelastrasz.cpp.o
#25 28.91 [ 36%] Building CXX object src/server/game/CMakeFiles/game.dir/Globals/ObjectAccessor.cpp.o
#25 29.02 [ 36%] Building CXX object src/server/game/CMakeFiles/game.dir/Globals/ObjectMgr.cpp.o
#25 29.06 [ 36%] Building CXX object src/server/scripts/CMakeFiles/scripts.dir/EasternKingdoms/BlackrockMountain/BlackwingLair/instance_blackwing_lair.cpp.o
#25 29.08 [ 36%] Building CXX object modules/CMakeFiles/modules.dir/mod-playerbots/src/strategy/actions/RandomBotUpdateAction.cpp.o
#25 29.18 /azerothcore/modules/mod-playerbots/src/strategy/actions/RandomBotUpdateAction.cpp:11:43: warning: unused parameter 'event' [-Wunused-parameter]
#25 29.18 bool RandomBotUpdateAction::Execute(Event event)
#25 29.18                                           ^
#25 29.18 1 warning generated.
#25 29.20 [ 36%] Building CXX object modules/CMakeFiles/modules.dir/mod-playerbots/src/strategy/actions/RangeAction.cpp.o
#25 29.25 [ 36%] Building CXX object modules/CMakeFiles/modules.dir/mod-playerbots/src/strategy/actions/ReachTargetActions.cpp.o
#25 29.28 [ 36%] Building CXX object src/server/game/CMakeFiles/game.dir/Globals/WorldGlobals.cpp.o
#25 29.29 [ 36%] Building CXX object src/server/scripts/CMakeFiles/scripts.dir/EasternKingdoms/BlackrockMountain/MoltenCore/boss_baron_geddon.cpp.o
#25 29.38 In file included from /azerothcore/modules/mod-playerbots/src/strategy/actions/ReachTargetActions.cpp:6:
#25 29.38 In file included from /azerothcore/modules/mod-playerbots/src/strategy/actions/ReachTargetActions.h:10:
#25 29.38 /azerothcore/modules/mod-playerbots/src/strategy/actions/MovementActions.h:279:27: warning: comparison of integers of different signs: 'int' and 'uint32' (aka 'unsigned int') [-Wsign-compare]
#25 29.38         for (int i = 0; i < intervals; i++)
#25 29.38                         ~ ^ ~~~~~~~~~
#25 29.38 /azerothcore/modules/mod-playerbots/src/strategy/actions/ReachTargetActions.cpp:13:39: warning: unused parameter 'event' [-Wunused-parameter]
#25 29.38 bool ReachTargetAction::Execute(Event event) { return ReachCombatTo(AI_VALUE(Unit*, GetTargetName()), distance); }
#25 29.38                                       ^
#25 29.38 2 warnings generated.
#25 29.39 [ 36%] Building CXX object modules/CMakeFiles/modules.dir/mod-playerbots/src/strategy/actions/ReadyCheckAction.cpp.o
#25 29.43 [ 36%] Building CXX object src/server/game/CMakeFiles/game.dir/Grids/GridObjectLoader.cpp.o
#25 29.46 /azerothcore/modules/mod-playerbots/src/strategy/actions/ReadyCheckAction.cpp:42:29: warning: unused parameter 'botAI' [-Wunused-parameter]
#25 29.46     bool Check(PlayerbotAI* botAI, AiObjectContext* context) override
#25 29.46                             ^
#25 29.46 /azerothcore/modules/mod-playerbots/src/strategy/actions/ReadyCheckAction.cpp:53:29: warning: unused parameter 'botAI' [-Wunused-parameter]
#25 29.46     bool Check(PlayerbotAI* botAI, AiObjectContext* context) override
#25 29.46                             ^
#25 29.46 /azerothcore/modules/mod-playerbots/src/strategy/actions/ReadyCheckAction.cpp:65:53: warning: unused parameter 'context' [-Wunused-parameter]
#25 29.46     bool Check(PlayerbotAI* botAI, AiObjectContext* context) override
#25 29.46                                                     ^
#25 29.46 /azerothcore/modules/mod-playerbots/src/strategy/actions/ReadyCheckAction.cpp:87:53: warning: unused parameter 'context' [-Wunused-parameter]
#25 29.46     bool Check(PlayerbotAI* botAI, AiObjectContext* context) override
#25 29.46                                                     ^
#25 29.46 /azerothcore/modules/mod-playerbots/src/strategy/actions/ReadyCheckAction.cpp:123:29: warning: unused parameter 'botAI' [-Wunused-parameter]
#25 29.46     bool Check(PlayerbotAI* botAI, AiObjectContext* context) override
#25 29.46                             ^
#25 29.46 /azerothcore/modules/mod-playerbots/src/strategy/actions/ReadyCheckAction.cpp:217:44: warning: unused parameter 'event' [-Wunused-parameter]
#25 29.46 bool FinishReadyCheckAction::Execute(Event event) { return ReadyCheck(); }
#25 29.46                                            ^
#25 29.46 6 warnings generated.
#25 29.50 [ 36%] Building CXX object modules/CMakeFiles/modules.dir/mod-playerbots/src/strategy/actions/ReleaseSpiritAction.cpp.o
#25 29.51 [ 36%] Building CXX object src/server/scripts/CMakeFiles/scripts.dir/EasternKingdoms/BlackrockMountain/MoltenCore/boss_garr.cpp.o
#25 29.55 [ 36%] Building CXX object src/server/game/CMakeFiles/game.dir/Grids/GridTerrainData.cpp.o
#25 29.59 In file included from /azerothcore/modules/mod-playerbots/src/strategy/actions/ReleaseSpiritAction.cpp:6:
#25 29.59 In file included from /azerothcore/modules/mod-playerbots/src/strategy/actions/ReleaseSpiritAction.h:10:
#25 29.59 In file included from /azerothcore/modules/mod-playerbots/src/strategy/actions/ReviveFromCorpseAction.h:9:
#25 29.59 /azerothcore/modules/mod-playerbots/src/strategy/actions/MovementActions.h:279:27: warning: comparison of integers of different signs: 'int' and 'uint32' (aka 'unsigned int') [-Wsign-compare]
#25 29.59         for (int i = 0; i < intervals; i++)
#25 29.59                         ~ ^ ~~~~~~~~~
#25 29.59 /azerothcore/modules/mod-playerbots/src/strategy/actions/ReleaseSpiritAction.cpp:68:74: warning: unused parameter 'isAutoRelease' [-Wunused-parameter]
#25 29.59 void ReleaseSpiritAction::LogRelease(const std::string& releaseMsg, bool isAutoRelease) const
#25 29.59                                                                          ^
#25 29.59 /azerothcore/modules/mod-playerbots/src/strategy/actions/ReleaseSpiritAction.cpp:81:45: warning: unused parameter 'event' [-Wunused-parameter]
#25 29.59 bool AutoReleaseSpiritAction::Execute(Event event)
#25 29.59                                             ^
#25 29.59 /azerothcore/modules/mod-playerbots/src/strategy/actions/ReleaseSpiritAction.cpp:217:33: warning: unused parameter 'event' [-Wunused-parameter]
#25 29.59 bool RepopAction::Execute(Event event)
#25 29.59                                 ^
#25 29.59 /azerothcore/modules/mod-playerbots/src/strategy/actions/ReleaseSpiritAction.cpp:253:41: warning: unused parameter 'event' [-Wunused-parameter]
#25 29.59 bool SelfResurrectAction::Execute(Event event)
#25 29.59                                         ^
#25 29.59 5 warnings generated.
#25 29.63 [ 36%] Building CXX object modules/CMakeFiles/modules.dir/mod-playerbots/src/strategy/actions/RememberTaxiAction.cpp.o
#25 29.69 /azerothcore/modules/mod-playerbots/src/strategy/actions/RememberTaxiAction.cpp:31:32: warning: unused variable 'totalcost' [-Wunused-variable]
#25 29.69             uint32 node_count, totalcost;
#25 29.69                                ^
#25 29.69 1 warning generated.
#25 29.70 [ 36%] Building CXX object src/server/scripts/CMakeFiles/scripts.dir/EasternKingdoms/BlackrockMountain/MoltenCore/boss_gehennas.cpp.o
#25 29.73 [ 36%] Building CXX object modules/CMakeFiles/modules.dir/mod-playerbots/src/strategy/actions/RemoveAuraAction.cpp.o
#25 29.80 [ 36%] Building CXX object src/server/game/CMakeFiles/game.dir/Grids/GridTerrainLoader.cpp.o
#25 29.82 [ 36%] Building CXX object src/server/game/CMakeFiles/game.dir/Grids/MapGridManager.cpp.o
#25 29.88 [ 36%] Building CXX object modules/CMakeFiles/modules.dir/mod-playerbots/src/strategy/actions/RepairAllAction.cpp.o
#25 29.95 [ 36%] Building CXX object src/server/scripts/CMakeFiles/scripts.dir/EasternKingdoms/BlackrockMountain/MoltenCore/boss_golemagg.cpp.o
#25 29.96 /azerothcore/modules/mod-playerbots/src/strategy/actions/RepairAllAction.cpp:12:37: warning: unused parameter 'event' [-Wunused-parameter]
#25 29.96 bool RepairAllAction::Execute(Event event)
#25 29.96                                     ^
#25 29.96 1 warning generated.
#25 30.01 [ 37%] Building CXX object modules/CMakeFiles/modules.dir/mod-playerbots/src/strategy/actions/ResetAiAction.cpp.o
#25 30.03 [ 37%] Building CXX object src/server/game/CMakeFiles/game.dir/Grids/Notifiers/GridNotifiers.cpp.o
#25 30.06 [ 37%] Building CXX object src/server/game/CMakeFiles/game.dir/Groups/Group.cpp.o
#25 30.13 [ 37%] Building CXX object src/server/scripts/CMakeFiles/scripts.dir/EasternKingdoms/BlackrockMountain/MoltenCore/boss_lucifron.cpp.o
#25 30.24 [ 37%] Building CXX object src/server/scripts/CMakeFiles/scripts.dir/EasternKingdoms/BlackrockMountain/MoltenCore/boss_magmadar.cpp.o
#25 30.34 [ 37%] Building CXX object src/server/scripts/CMakeFiles/scripts.dir/EasternKingdoms/BlackrockMountain/MoltenCore/boss_majordomo_executus.cpp.o
#25 30.42 [ 37%] Building CXX object src/server/game/CMakeFiles/game.dir/Groups/GroupMgr.cpp.o
#25 30.44 [ 37%] Building CXX object modules/CMakeFiles/modules.dir/mod-playerbots/src/strategy/actions/ResetInstancesAction.cpp.o
#25 30.46 [ 37%] Building CXX object src/server/game/CMakeFiles/game.dir/Groups/GroupReference.cpp.o
#25 30.48 /azerothcore/modules/mod-playerbots/src/strategy/actions/ResetInstancesAction.cpp:10:42: warning: unused parameter 'event' [-Wunused-parameter]
#25 30.48 bool ResetInstancesAction::Execute(Event event)
#25 30.48                                          ^
#25 30.48 1 warning generated.
#25 30.50 [ 37%] Building CXX object modules/CMakeFiles/modules.dir/mod-playerbots/src/strategy/actions/RevealGatheringItemAction.cpp.o
#25 30.54 /azerothcore/modules/mod-playerbots/src/strategy/actions/RevealGatheringItemAction.cpp:17:47: warning: unused parameter 'event' [-Wunused-parameter]
#25 30.54 bool RevealGatheringItemAction::Execute(Event event)
#25 30.54                                               ^
#25 30.54 1 warning generated.
#25 30.55 [ 37%] Building CXX object src/server/game/CMakeFiles/game.dir/Guilds/Guild.cpp.o
#25 30.57 [ 37%] Building CXX object src/server/scripts/CMakeFiles/scripts.dir/EasternKingdoms/BlackrockMountain/MoltenCore/boss_ragnaros.cpp.o
#25 30.58 [ 37%] Building CXX object src/server/game/CMakeFiles/game.dir/Guilds/GuildMgr.cpp.o
#25 30.69 [ 37%] Building CXX object modules/CMakeFiles/modules.dir/mod-playerbots/src/strategy/actions/ReviveFromCorpseAction.cpp.o
#25 30.69 [ 37%] Building CXX object src/server/game/CMakeFiles/game.dir/Handlers/AddonHandler.cpp.o
#25 30.80 [ 37%] Building CXX object src/server/scripts/CMakeFiles/scripts.dir/EasternKingdoms/BlackrockMountain/MoltenCore/boss_shazzrah.cpp.o
#25 30.80 In file included from /azerothcore/modules/mod-playerbots/src/strategy/actions/ReviveFromCorpseAction.cpp:6:
#25 30.80 In file included from /azerothcore/modules/mod-playerbots/src/strategy/actions/ReviveFromCorpseAction.h:9:
#25 30.80 /azerothcore/modules/mod-playerbots/src/strategy/actions/MovementActions.h:279:27: warning: comparison of integers of different signs: 'int' and 'uint32' (aka 'unsigned int') [-Wsign-compare]
#25 30.80         for (int i = 0; i < intervals; i++)
#25 30.80                         ~ ^ ~~~~~~~~~
#25 30.80 /azerothcore/modules/mod-playerbots/src/strategy/actions/ReviveFromCorpseAction.cpp:77:38: warning: unused parameter 'event' [-Wunused-parameter]
#25 30.80 bool FindCorpseAction::Execute(Event event)
#25 30.80                                      ^
#25 30.80 /azerothcore/modules/mod-playerbots/src/strategy/actions/ReviveFromCorpseAction.cpp:296:40: warning: unused parameter 'event' [-Wunused-parameter]
#25 30.80 bool SpiritHealerAction::Execute(Event event)
#25 30.80                                        ^
#25 30.80 3 warnings generated.
#25 30.85 [ 37%] Building CXX object src/server/game/CMakeFiles/game.dir/Handlers/ArenaTeamHandler.cpp.o
#25 30.85 [ 37%] Building CXX object modules/CMakeFiles/modules.dir/mod-playerbots/src/strategy/actions/RewardAction.cpp.o
#25 30.93 [ 37%] Building CXX object modules/CMakeFiles/modules.dir/mod-playerbots/src/strategy/actions/RpgAction.cpp.o
#25 30.94 [ 37%] Building CXX object src/server/scripts/CMakeFiles/scripts.dir/EasternKingdoms/BlackrockMountain/MoltenCore/boss_sulfuron_harbinger.cpp.o
#25 30.97 In file included from /azerothcore/modules/mod-playerbots/src/strategy/actions/RpgAction.cpp:6:
#25 30.97 In file included from /azerothcore/modules/mod-playerbots/src/strategy/actions/RpgAction.h:9:
#25 30.97 /azerothcore/modules/mod-playerbots/src/strategy/actions/MovementActions.h:279:27: warning: comparison of integers of different signs: 'int' and 'uint32' (aka 'unsigned int') [-Wsign-compare]
#25 30.97         for (int i = 0; i < intervals; i++)
#25 30.97                         ~ ^ ~~~~~~~~~
#25 30.97 /azerothcore/modules/mod-playerbots/src/strategy/actions/RpgAction.cpp:19:31: warning: unused parameter 'event' [-Wunused-parameter]
#25 30.97 bool RpgAction::Execute(Event event)
#25 30.97                               ^
#25 30.97 /azerothcore/modules/mod-playerbots/src/strategy/actions/RpgAction.cpp:77:37: warning: comparison of integers of different signs: 'int32' (aka 'int') and 'uint32' (aka 'unsigned int') [-Wsign-compare]
#25 30.97                 for (int32 i = 0; i < NextAction::size(nextActions); i++)
#25 30.97                                   ~ ^ ~~~~~~~~~~~~~~~~~~~~~~~~~~~~~
#25 30.97 /azerothcore/modules/mod-playerbots/src/strategy/actions/RpgAction.cpp:114:27: warning: comparison of integers of different signs: 'int' and 'std::vector::size_type' (aka 'unsigned long') [-Wsign-compare]
#25 30.97         for (int i = 0; i < actions.size(); i++)
#25 30.97                         ~ ^ ~~~~~~~~~~~~~~
#25 30.97 4 warnings generated.
#25 30.99 [ 37%] Building CXX object modules/CMakeFiles/modules.dir/mod-playerbots/src/strategy/actions/RpgSubActions.cpp.o
#25 31.03 In file included from /azerothcore/modules/mod-playerbots/src/strategy/actions/RpgSubActions.cpp:8:
#25 31.03 In file included from /azerothcore/modules/mod-playerbots/src/strategy/actions/ChooseRpgTargetAction.h:10:
#25 31.03 In file included from /azerothcore/modules/mod-playerbots/src/strategy/actions/RpgAction.h:9:
#25 31.03 /azerothcore/modules/mod-playerbots/src/strategy/actions/MovementActions.h:279:27: warning: comparison of integers of different signs: 'int' and 'uint32' (aka 'unsigned int') [-Wsign-compare]
#25 31.03         for (int i = 0; i < intervals; i++)
#25 31.03                         ~ ^ ~~~~~~~~~
#25 31.03 /azerothcore/modules/mod-playerbots/src/strategy/actions/RpgSubActions.cpp:102:35: warning: unused parameter 'event' [-Wunused-parameter]
#25 31.03 bool RpgStayAction::Execute(Event event)
#25 31.03                                   ^
#25 31.03 /azerothcore/modules/mod-playerbots/src/strategy/actions/RpgSubActions.cpp:112:35: warning: unused parameter 'event' [-Wunused-parameter]
#25 31.03 bool RpgWorkAction::Execute(Event event)
#25 31.03                                   ^
#25 31.03 /azerothcore/modules/mod-playerbots/src/strategy/actions/RpgSubActions.cpp:121:36: warning: unused parameter 'event' [-Wunused-parameter]
#25 31.03 bool RpgEmoteAction::Execute(Event event)
#25 31.03                                    ^
#25 31.03 /azerothcore/modules/mod-playerbots/src/strategy/actions/RpgSubActions.cpp:136:37: warning: unused parameter 'event' [-Wunused-parameter]
#25 31.03 bool RpgCancelAction::Execute(Event event)
#25 31.03                                     ^
#25 31.03 /azerothcore/modules/mod-playerbots/src/strategy/actions/RpgSubActions.cpp:145:35: warning: unused parameter 'event' [-Wunused-parameter]
#25 31.03 bool RpgTaxiAction::Execute(Event event)
#25 31.03                                   ^
#25 31.03 /azerothcore/modules/mod-playerbots/src/strategy/actions/RpgSubActions.cpp:206:39: warning: unused parameter 'event' [-Wunused-parameter]
#25 31.03 bool RpgDiscoverAction::Execute(Event event)
#25 31.03                                       ^
#25 31.03 /azerothcore/modules/mod-playerbots/src/strategy/actions/RpgSubActions.cpp:225:46: warning: unused parameter 'event' [-Wunused-parameter]
#25 31.03 Event RpgStartQuestAction::ActionEvent(Event event)
#25 31.03                                              ^
#25 31.03 /azerothcore/modules/mod-playerbots/src/strategy/actions/RpgSubActions.cpp:235:44: warning: unused parameter 'event' [-Wunused-parameter]
#25 31.03 Event RpgEndQuestAction::ActionEvent(Event event)
#25 31.03                                            ^
#25 31.03 /azerothcore/modules/mod-playerbots/src/strategy/actions/RpgSubActions.cpp:245:39: warning: unused parameter 'event' [-Wunused-parameter]
#25 31.03 Event RpgBuyAction::ActionEvent(Event event) { return Event("rpg action", "vendor"); }
#25 31.03                                       ^
#25 31.03 /azerothcore/modules/mod-playerbots/src/strategy/actions/RpgSubActions.cpp:249:40: warning: unused parameter 'event' [-Wunused-parameter]
#25 31.03 Event RpgSellAction::ActionEvent(Event event) { return Event("rpg action", "vendor"); }
#25 31.03                                        ^
#25 31.03 /azerothcore/modules/mod-playerbots/src/strategy/actions/RpgSubActions.cpp:255:35: warning: unused parameter 'event' [-Wunused-parameter]
#25 31.03 bool RpgHealAction::Execute(Event event)
#25 31.03                                   ^
#25 31.03 /azerothcore/modules/mod-playerbots/src/strategy/actions/RpgSubActions.cpp:290:39: warning: unused parameter 'event' [-Wunused-parameter]
#25 31.03 Event RpgUseAction::ActionEvent(Event event)
#25 31.03                                       ^
#25 31.03 /azerothcore/modules/mod-playerbots/src/strategy/actions/RpgSubActions.cpp:297:41: warning: unused parameter 'event' [-Wunused-parameter]
#25 31.03 Event RpgSpellAction::ActionEvent(Event event)
#25 31.03                                         ^
#25 31.03 /azerothcore/modules/mod-playerbots/src/strategy/actions/RpgSubActions.cpp:304:41: warning: unused parameter 'event' [-Wunused-parameter]
#25 31.03 Event RpgCraftAction::ActionEvent(Event event)
#25 31.03                                         ^
#25 31.03 /azerothcore/modules/mod-playerbots/src/strategy/actions/RpgSubActions.cpp:344:42: warning: unused parameter 'event' [-Wunused-parameter]
#25 31.03 bool RpgTradeUsefulAction::Execute(Event event)
#25 31.03                                          ^
#25 31.03 /azerothcore/modules/mod-playerbots/src/strategy/actions/RpgSubActions.cpp:419:35: warning: unused parameter 'event' [-Wunused-parameter]
#25 31.03 bool RpgDuelAction::Execute(Event event)
#25 31.03                                   ^
#25 31.03 /azerothcore/modules/mod-playerbots/src/strategy/actions/RpgSubActions.cpp:437:40: warning: unused parameter 'event' [-Wunused-parameter]
#25 31.03 bool RpgMountAnimAction::Execute(Event event)
#25 31.03                                        ^
#25 31.03 18 warnings generated.
#25 31.06 [ 37%] Building CXX object modules/CMakeFiles/modules.dir/mod-playerbots/src/strategy/actions/RtiAction.cpp.o
#25 31.09 [ 37%] Building CXX object src/server/game/CMakeFiles/game.dir/Handlers/AuctionHouseHandler.cpp.o
#25 31.10 /azerothcore/modules/mod-playerbots/src/strategy/actions/RtiAction.cpp:58:35: warning: unused parameter 'event' [-Wunused-parameter]
#25 31.10 bool MarkRtiAction::Execute(Event event)
#25 31.10                                   ^
#25 31.10 1 warning generated.
#25 31.11 [ 37%] Building CXX object src/server/scripts/CMakeFiles/scripts.dir/EasternKingdoms/BlackrockMountain/MoltenCore/molten_core.cpp.o
#25 31.13 [ 38%] Building CXX object src/server/scripts/CMakeFiles/scripts.dir/EasternKingdoms/BlackrockMountain/MoltenCore/instance_molten_core.cpp.o
#25 31.18 [ 39%] Building CXX object src/server/game/CMakeFiles/game.dir/Handlers/AuthHandler.cpp.o
#25 31.29 [ 39%] Building CXX object src/server/scripts/CMakeFiles/scripts.dir/EasternKingdoms/Deadmines/boss_mr_smite.cpp.o
#25 31.45 [ 39%] Building CXX object modules/CMakeFiles/modules.dir/mod-playerbots/src/strategy/actions/RtscAction.cpp.o
#25 31.46 [ 39%] Building CXX object src/server/scripts/CMakeFiles/scripts.dir/EasternKingdoms/Deadmines/instance_deadmines.cpp.o
#25 31.51 [ 39%] Building CXX object src/server/game/CMakeFiles/game.dir/Handlers/BankHandler.cpp.o
#25 31.56 In file included from /azerothcore/modules/mod-playerbots/src/strategy/actions/RtscAction.cpp:6:
#25 31.56 In file included from /azerothcore/modules/mod-playerbots/src/strategy/actions/RtscAction.h:9:
#25 31.56 In file included from /azerothcore/modules/mod-playerbots/src/strategy/actions/SeeSpellAction.h:9:
#25 31.56 /azerothcore/modules/mod-playerbots/src/strategy/actions/MovementActions.h:279:27: warning: comparison of integers of different signs: 'int' and 'uint32' (aka 'unsigned int') [-Wsign-compare]
#25 31.56         for (int i = 0; i < intervals; i++)
#25 31.56                         ~ ^ ~~~~~~~~~
#25 31.56 1 warning generated.
#25 31.60 [ 39%] Building CXX object src/server/scripts/CMakeFiles/scripts.dir/EasternKingdoms/Gnomeregan/instance_gnomeregan.cpp.o
#25 31.63 [ 39%] Building CXX object src/server/game/CMakeFiles/game.dir/Handlers/BattleGroundHandler.cpp.o
#25 31.72 [ 39%] Building CXX object src/server/scripts/CMakeFiles/scripts.dir/EasternKingdoms/Karazhan/boss_chess_event.cpp.o
#25 31.84 [ 39%] Building CXX object modules/CMakeFiles/modules.dir/mod-playerbots/src/strategy/actions/SaveManaAction.cpp.o
#25 31.88 [ 39%] Building CXX object src/server/game/CMakeFiles/game.dir/Handlers/CalendarHandler.cpp.o
#25 31.90 [ 39%] Building CXX object src/server/scripts/CMakeFiles/scripts.dir/EasternKingdoms/Karazhan/boss_curator.cpp.o
#25 31.97 [ 39%] Building CXX object src/server/scripts/CMakeFiles/scripts.dir/EasternKingdoms/Karazhan/boss_maiden_of_virtue.cpp.o
#25 32.06 [ 39%] Building CXX object src/server/game/CMakeFiles/game.dir/Handlers/ChannelHandler.cpp.o
#25 32.06 [ 39%] Building CXX object src/server/scripts/CMakeFiles/scripts.dir/EasternKingdoms/Karazhan/boss_midnight.cpp.o
#25 32.17 [ 39%] Building CXX object modules/CMakeFiles/modules.dir/mod-playerbots/src/strategy/actions/SayAction.cpp.o
#25 32.19 [ 39%] Building CXX object modules/CMakeFiles/modules.dir/mod-playerbots/src/strategy/actions/SecurityCheckAction.cpp.o
#25 32.22 [ 39%] Building CXX object src/server/scripts/CMakeFiles/scripts.dir/EasternKingdoms/Karazhan/boss_moroes.cpp.o
#25 32.24 In file included from /azerothcore/modules/mod-playerbots/src/strategy/actions/SayAction.cpp:7:
#25 32.24 /azerothcore/modules/mod-playerbots/src/strategy/actions/SayAction.h:32:32: warning: unused parameter 'event' [-Wunused-parameter]
#25 32.24     virtual bool Execute(Event event) { return true; }
#25 32.24                                ^
#25 32.24 /azerothcore/modules/mod-playerbots/src/strategy/actions/SayAction.cpp:95:12: warning: unused variable 'lastSaid' [-Wunused-variable]
#25 32.24     time_t lastSaid = AI_VALUE2(time_t, "last said", qualifier);
#25 32.24            ^
#25 32.24 /azerothcore/modules/mod-playerbots/src/strategy/actions/SayAction.cpp:59:31: warning: unused parameter 'event' [-Wunused-parameter]
#25 32.24 bool SayAction::Execute(Event event)
#25 32.24                               ^
#25 32.24 /azerothcore/modules/mod-playerbots/src/strategy/actions/SayAction.cpp:162:19: warning: unused variable 'replyType' [-Wunused-variable]
#25 32.24     ChatReplyType replyType = REPLY_NOT_UNDERSTAND;  // default not understand
#25 32.24                   ^
#25 32.24 /azerothcore/modules/mod-playerbots/src/strategy/actions/SayAction.cpp:160:85: warning: unused parameter 'guid2' [-Wunused-parameter]
#25 32.24 void ChatReplyAction::ChatReplyDo(Player* bot, uint32& type, uint32& guid1, uint32& guid2, std::string& msg, std::string& chanName, std::string& name)
#25 32.24                                                                                     ^
#25 32.24 /azerothcore/modules/mod-playerbots/src/strategy/actions/SayAction.cpp:227:109: warning: unused parameter 'msg' [-Wunused-parameter]
#25 32.24 bool ChatReplyAction::HandleThunderfuryReply(Player* bot, ChatChannelSource chatChannelSource, std::string& msg, std::string& name)
#25 32.24                                                                                                             ^
#25 32.24 /azerothcore/modules/mod-playerbots/src/strategy/actions/SayAction.cpp:227:127: warning: unused parameter 'name' [-Wunused-parameter]
#25 32.24 bool ChatReplyAction::HandleThunderfuryReply(Player* bot, ChatChannelSource chatChannelSource, std::string& msg, std::string& name)
#25 32.24                                                                                                                               ^
#25 32.24 /azerothcore/modules/mod-playerbots/src/strategy/actions/SayAction.cpp:255:108: warning: unused parameter 'msg' [-Wunused-parameter]
#25 32.24 bool ChatReplyAction::HandleToxicLinksReply(Player* bot, ChatChannelSource chatChannelSource, std::string& msg, std::string& name)
#25 32.24                                                                                                            ^
#25 32.24 /azerothcore/modules/mod-playerbots/src/strategy/actions/SayAction.cpp:255:126: warning: unused parameter 'name' [-Wunused-parameter]
#25 32.24 bool ChatReplyAction::HandleToxicLinksReply(Player* bot, ChatChannelSource chatChannelSource, std::string& msg, std::string& name)
#25 32.24                                                                                                                              ^
#25 32.24 9 warnings generated.
#25 32.29 [ 39%] Building CXX object src/server/game/CMakeFiles/game.dir/Handlers/CharacterHandler.cpp.o
#25 32.32 /azerothcore/modules/mod-playerbots/src/strategy/actions/SecurityCheckAction.cpp:17:41: warning: unused parameter 'event' [-Wunused-parameter]
#25 32.32 bool SecurityCheckAction::Execute(Event event)
#25 32.32                                         ^
#25 32.32 1 warning generated.
#25 32.33 [ 39%] Building CXX object modules/CMakeFiles/modules.dir/mod-playerbots/src/strategy/actions/SeeSpellAction.cpp.o
#25 32.35 [ 39%] Building CXX object modules/CMakeFiles/modules.dir/mod-playerbots/src/strategy/actions/SellAction.cpp.o
#25 32.35 [ 39%] Building CXX object src/server/scripts/CMakeFiles/scripts.dir/EasternKingdoms/Karazhan/boss_netherspite.cpp.o
#25 32.42 In file included from /azerothcore/modules/mod-playerbots/src/strategy/actions/SeeSpellAction.cpp:6:
#25 32.42 In file included from /azerothcore/modules/mod-playerbots/src/strategy/actions/SeeSpellAction.h:9:
#25 32.42 /azerothcore/modules/mod-playerbots/src/strategy/actions/MovementActions.h:279:27: warning: comparison of integers of different signs: 'int' and 'uint32' (aka 'unsigned int') [-Wsign-compare]
#25 32.42         for (int i = 0; i < intervals; i++)
#25 32.42                         ~ ^ ~~~~~~~~~
#25 32.42 /azerothcore/modules/mod-playerbots/src/strategy/actions/SeeSpellAction.cpp:17:114: warning: unused parameter 'lastWp' [-Wunused-parameter]
#25 32.42 Creature* SeeSpellAction::CreateWps(Player* wpOwner, float x, float y, float z, float o, uint32 entry, Creature* lastWp,
#25 32.42                                                                                                                  ^
#25 32.42 In file included from /azerothcore/modules/mod-playerbots/src/strategy/actions/SeeSpellAction.cpp:14:
#25 32.42 /azerothcore/modules/mod-playerbots/src/strategy/values/PositionValue.h:23:5: warning: definition of implicit copy assignment operator for 'PositionInfo' is deprecated because it has a user-provided copy constructor [-Wdeprecated-copy-with-user-provided-copy]
#25 32.42     PositionInfo(PositionInfo const& other)
#25 32.42     ^
#25 32.42 /azerothcore/modules/mod-playerbots/src/strategy/actions/SeeSpellAction.cpp:159:24: note: in implicit copy assignment operator for 'PositionInfo' first required here
#25 32.42         posMap["stay"] = stayPosition;
#25 32.42                        ^
#25 32.42 3 warnings generated.
#25 32.45 [ 39%] Building CXX object src/server/scripts/CMakeFiles/scripts.dir/EasternKingdoms/Karazhan/boss_nightbane.cpp.o
#25 32.47 [ 39%] Building CXX object modules/CMakeFiles/modules.dir/mod-playerbots/src/strategy/actions/SendMailAction.cpp.o
#25 32.48 [ 39%] Building CXX object src/server/game/CMakeFiles/game.dir/Handlers/ChatHandler.cpp.o
#25 32.50 [ 39%] Building CXX object src/server/scripts/CMakeFiles/scripts.dir/EasternKingdoms/Karazhan/boss_prince_malchezaar.cpp.o
#25 32.57 [ 39%] Building CXX object src/server/scripts/CMakeFiles/scripts.dir/EasternKingdoms/Karazhan/boss_servant_quarters.cpp.o
#25 32.71 [ 39%] Building CXX object src/server/game/CMakeFiles/game.dir/Handlers/CombatHandler.cpp.o
#25 32.74 [ 39%] Building CXX object modules/CMakeFiles/modules.dir/mod-playerbots/src/strategy/actions/SetCraftAction.cpp.o
#25 32.79 [ 39%] Building CXX object src/server/game/CMakeFiles/game.dir/Handlers/DuelHandler.cpp.o
#25 32.80 In file included from /azerothcore/modules/mod-playerbots/src/strategy/actions/SetCraftAction.cpp:6:
#25 32.80 In file included from /azerothcore/modules/mod-playerbots/src/strategy/actions/SetCraftAction.h:10:
#25 32.80 /azerothcore/modules/mod-playerbots/src/strategy/values/CraftValue.h:19:5: warning: definition of implicit copy assignment operator for 'CraftData' is deprecated because it has a user-provided copy constructor [-Wdeprecated-copy-with-user-provided-copy]
#25 32.80     CraftData(CraftData const& other) : itemId(other.itemId)
#25 32.80     ^
#25 32.80 /azerothcore/modules/mod-playerbots/src/strategy/Value.h:362:35: note: in implicit copy assignment operator for 'CraftData' first required here
#25 32.80     void Reset() override { value = defaultValue; }
#25 32.80                                   ^
#25 32.80 /azerothcore/modules/mod-playerbots/src/strategy/values/CraftValue.h:66:5: note: in instantiation of member function 'ManualSetValue<CraftData &>::Reset' requested here
#25 32.80     CraftValue(PlayerbotAI* botAI, std::string const name = "craft") : ManualSetValue<CraftData&>(botAI, data, name) {}
#25 32.80     ^
#25 32.80 1 warning generated.
#25 32.82 [ 39%] Building CXX object src/server/scripts/CMakeFiles/scripts.dir/EasternKingdoms/Karazhan/boss_shade_of_aran.cpp.o
#25 32.85 [ 39%] Building CXX object src/server/scripts/CMakeFiles/scripts.dir/EasternKingdoms/Karazhan/boss_tenris_mirkblood.cpp.o
#25 32.85 [ 39%] Building CXX object src/server/game/CMakeFiles/game.dir/Handlers/GroupHandler.cpp.o
#25 32.97 [ 39%] Building CXX object modules/CMakeFiles/modules.dir/mod-playerbots/src/strategy/actions/SetHomeAction.cpp.o
#25 32.99 [ 39%] Building CXX object src/server/game/CMakeFiles/game.dir/Handlers/GuildHandler.cpp.o
#25 33.05 In file included from /azerothcore/modules/mod-playerbots/src/strategy/actions/SetHomeAction.cpp:6:
#25 33.05 In file included from /azerothcore/modules/mod-playerbots/src/strategy/actions/SetHomeAction.h:9:
#25 33.05 /azerothcore/modules/mod-playerbots/src/strategy/actions/MovementActions.h:279:27: warning: comparison of integers of different signs: 'int' and 'uint32' (aka 'unsigned int') [-Wsign-compare]
#25 33.05         for (int i = 0; i < intervals; i++)
#25 33.05                         ~ ^ ~~~~~~~~~
#25 33.05 /azerothcore/modules/mod-playerbots/src/strategy/actions/SetHomeAction.cpp:11:35: warning: unused parameter 'event' [-Wunused-parameter]
#25 33.05 bool SetHomeAction::Execute(Event event)
#25 33.05                                   ^
#25 33.05 2 warnings generated.
#25 33.08 [ 39%] Building CXX object src/server/game/CMakeFiles/game.dir/Handlers/ItemHandler.cpp.o
#25 33.09 [ 39%] Building CXX object src/server/scripts/CMakeFiles/scripts.dir/EasternKingdoms/Karazhan/boss_terestian_illhoof.cpp.o
#25 33.18 [ 40%] Building CXX object src/server/scripts/CMakeFiles/scripts.dir/EasternKingdoms/Karazhan/bosses_opera.cpp.o
#25 33.21 [ 40%] Building CXX object src/server/scripts/CMakeFiles/scripts.dir/EasternKingdoms/Karazhan/instance_karazhan.cpp.o
#25 33.31 [ 40%] Building CXX object modules/CMakeFiles/modules.dir/mod-playerbots/src/strategy/actions/ShareQuestAction.cpp.o
#25 33.35 [ 40%] Building CXX object src/server/scripts/CMakeFiles/scripts.dir/EasternKingdoms/Karazhan/karazhan.cpp.o
#25 33.36 /azerothcore/modules/mod-playerbots/src/strategy/actions/ShareQuestAction.cpp:45:13: warning: unused variable 'requester' [-Wunused-variable]
#25 33.36     Player* requester = event.getOwner() ? event.getOwner() : GetMaster();
#25 33.36             ^
#25 33.36 1 warning generated.
#25 33.37 [ 40%] Building CXX object src/server/game/CMakeFiles/game.dir/Handlers/LFGHandler.cpp.o
#25 33.37 [ 40%] Building CXX object src/server/game/CMakeFiles/game.dir/Handlers/LootHandler.cpp.o
#25 33.50 [ 40%] Building CXX object src/server/scripts/CMakeFiles/scripts.dir/EasternKingdoms/MagistersTerrace/boss_felblood_kaelthas.cpp.o
#25 33.50 [ 41%] Building CXX object modules/CMakeFiles/modules.dir/mod-playerbots/src/strategy/actions/SkipSpellsListAction.cpp.o
#25 33.59 In file included from /azerothcore/modules/mod-playerbots/src/strategy/actions/SkipSpellsListAction.cpp:9:
#25 33.59 In file included from /azerothcore/modules/mod-playerbots/src/strategy/actions/LootAction.h:10:
#25 33.59 /azerothcore/modules/mod-playerbots/src/strategy/actions/MovementActions.h:279:27: warning: comparison of integers of different signs: 'int' and 'uint32' (aka 'unsigned int') [-Wsign-compare]
#25 33.59         for (int i = 0; i < intervals; i++)
#25 33.59                         ~ ^ ~~~~~~~~~
#25 33.59 1 warning generated.
#25 33.61 [ 41%] Building CXX object modules/CMakeFiles/modules.dir/mod-playerbots/src/strategy/actions/StatsAction.cpp.o
#25 33.65 [ 41%] Building CXX object src/server/scripts/CMakeFiles/scripts.dir/EasternKingdoms/MagistersTerrace/boss_priestess_delrissa.cpp.o
#25 33.67 /azerothcore/modules/mod-playerbots/src/strategy/actions/StatsAction.cpp:12:33: warning: unused parameter 'event' [-Wunused-parameter]
#25 33.67 bool StatsAction::Execute(Event event)
#25 33.67                                 ^
#25 33.67 1 warning generated.
#25 33.68 [ 41%] Building CXX object src/server/game/CMakeFiles/game.dir/Handlers/MailHandler.cpp.o
#25 33.71 [ 41%] Building CXX object modules/CMakeFiles/modules.dir/mod-playerbots/src/strategy/actions/StayActions.cpp.o
#25 33.76 In file included from /azerothcore/modules/mod-playerbots/src/strategy/actions/StayActions.cpp:6:
#25 33.76 In file included from /azerothcore/modules/mod-playerbots/src/strategy/actions/StayActions.h:9:
#25 33.76 /azerothcore/modules/mod-playerbots/src/strategy/actions/MovementActions.h:279:27: warning: comparison of integers of different signs: 'int' and 'uint32' (aka 'unsigned int') [-Wsign-compare]
#25 33.76         for (int i = 0; i < intervals; i++)
#25 33.76                         ~ ^ ~~~~~~~~~
#25 33.76 /azerothcore/modules/mod-playerbots/src/strategy/actions/StayActions.cpp:42:32: warning: unused parameter 'event' [-Wunused-parameter]
#25 33.76 bool StayAction::Execute(Event event) { return Stay(); }
#25 33.76                                ^
#25 33.76 /azerothcore/modules/mod-playerbots/src/strategy/actions/StayActions.cpp:50:21: warning: unused variable 'distance' [-Wunused-variable]
#25 33.76         const float distance = bot->GetDistance(stayPosition.x, stayPosition.y, stayPosition.z);
#25 33.76                     ^
#25 33.76 /azerothcore/modules/mod-playerbots/src/strategy/actions/StayActions.cpp:67:31: warning: unused parameter 'event' [-Wunused-parameter]
#25 33.76 bool SitAction::Execute(Event event)
#25 33.76                               ^
#25 33.76 In file included from /azerothcore/modules/mod-playerbots/src/strategy/actions/StayActions.cpp:11:
#25 33.76 /azerothcore/modules/mod-playerbots/src/strategy/values/PositionValue.h:23:5: warning: definition of implicit copy assignment operator for 'PositionInfo' is deprecated because it has a user-provided copy constructor [-Wdeprecated-copy-with-user-provided-copy]
#25 33.76     PositionInfo(PositionInfo const& other)
#25 33.76     ^
#25 33.76 /azerothcore/modules/mod-playerbots/src/strategy/Value.h:77:19: note: in implicit copy assignment operator for 'PositionInfo' first required here
#25 33.76             value = Calculate();
#25 33.76                   ^
#25 33.76 /azerothcore/modules/mod-playerbots/src/strategy/Value.h:61:5: note: in instantiation of member function 'CalculatedValue<PositionInfo>::Get' requested here
#25 33.76     CalculatedValue(PlayerbotAI* botAI, std::string const name = "value", uint32 checkInterval = 1)
#25 33.76     ^
#25 33.76 /azerothcore/modules/mod-playerbots/src/strategy/values/PositionValue.h:83:70: note: in instantiation of member function 'CalculatedValue<PositionInfo>::CalculatedValue' requested here
#25 33.76     SinglePositionValue(PlayerbotAI* ai, std::string name = "pos") : CalculatedValue(ai, name), Qualified() {};
#25 33.76                                                                      ^
#25 33.76 5 warnings generated.
#25 33.76 [ 41%] Building CXX object src/server/scripts/CMakeFiles/scripts.dir/EasternKingdoms/MagistersTerrace/boss_selin_fireheart.cpp.o
#25 33.78 [ 41%] Building CXX object src/server/game/CMakeFiles/game.dir/Handlers/MiscHandler.cpp.o
#25 33.91 [ 41%] Building CXX object src/server/game/CMakeFiles/game.dir/Handlers/MovementHandler.cpp.o
#25 33.96 [ 42%] Building CXX object src/server/game/CMakeFiles/game.dir/Handlers/NPCHandler.cpp.o
#25 33.99 [ 42%] Building CXX object src/server/scripts/CMakeFiles/scripts.dir/EasternKingdoms/MagistersTerrace/boss_vexallus.cpp.o
#25 34.07 [ 42%] Building CXX object src/server/game/CMakeFiles/game.dir/Handlers/PetHandler.cpp.o
#25 34.15 [ 42%] Building CXX object modules/CMakeFiles/modules.dir/mod-playerbots/src/strategy/actions/SuggestWhatToDoAction.cpp.o
#25 34.17 [ 42%] Building CXX object src/server/game/CMakeFiles/game.dir/Handlers/PetitionsHandler.cpp.o
#25 34.24 /azerothcore/modules/mod-playerbots/src/strategy/actions/SuggestWhatToDoAction.cpp:72:12: warning: unused variable 'lastSaid' [-Wunused-variable]
#25 34.24     time_t lastSaid = AI_VALUE2(time_t, "last said", qualifier);
#25 34.24            ^
#25 34.24 /azerothcore/modules/mod-playerbots/src/strategy/actions/SuggestWhatToDoAction.cpp:65:43: warning: unused parameter 'event' [-Wunused-parameter]
#25 34.24 bool SuggestWhatToDoAction::Execute(Event event)
#25 34.24                                           ^
#25 34.24 /azerothcore/modules/mod-playerbots/src/strategy/actions/SuggestWhatToDoAction.cpp:230:45: warning: field 'quality' will be initialized after base 'IterateItemsVisitor' [-Wreorder-ctor]
#25 34.24     FindTradeItemsVisitor(uint32 quality) : quality(quality), IterateItemsVisitor() {}
#25 34.24                                             ^~~~~~~~~~~~~~~~  ~~~~~~~~~~~~~~~~~~~~~
#25 34.24                                             IterateItemsVisitor() quality(quality)
#25 34.24 /azerothcore/modules/mod-playerbots/src/strategy/actions/SuggestWhatToDoAction.cpp:261:42: warning: unused parameter 'event' [-Wunused-parameter]
#25 34.24 bool SuggestDungeonAction::Execute(Event event)
#25 34.24                                          ^
#25 34.24 /azerothcore/modules/mod-playerbots/src/strategy/actions/SuggestWhatToDoAction.cpp:328:40: warning: unused parameter 'event' [-Wunused-parameter]
#25 34.24 bool SuggestTradeAction::Execute(Event event)
#25 34.24                                        ^
#25 34.24 5 warnings generated.
#25 34.26 [ 42%] Building CXX object src/server/scripts/CMakeFiles/scripts.dir/EasternKingdoms/MagistersTerrace/instance_magisters_terrace.cpp.o
#25 34.28 [ 42%] Building CXX object src/server/game/CMakeFiles/game.dir/Handlers/QueryHandler.cpp.o
#25 34.37 [ 42%] Building CXX object src/server/scripts/CMakeFiles/scripts.dir/EasternKingdoms/ScarletEnclave/chapter1.cpp.o
#25 34.43 [ 42%] Building CXX object src/server/scripts/CMakeFiles/scripts.dir/EasternKingdoms/ScarletEnclave/chapter2.cpp.o
#25 34.50 [ 42%] Building CXX object src/server/game/CMakeFiles/game.dir/Handlers/QuestHandler.cpp.o
#25 34.52 [ 42%] Building CXX object src/server/scripts/CMakeFiles/scripts.dir/EasternKingdoms/ScarletEnclave/chapter3.cpp.o
#25 34.68 [ 42%] Building CXX object src/server/scripts/CMakeFiles/scripts.dir/EasternKingdoms/ScarletEnclave/chapter5.cpp.o
#25 34.70 [ 42%] Building CXX object src/server/scripts/CMakeFiles/scripts.dir/EasternKingdoms/ScarletEnclave/zone_the_scarlet_enclave.cpp.o
#25 34.78 [ 42%] Building CXX object src/server/scripts/CMakeFiles/scripts.dir/EasternKingdoms/ScarletMonastery/instance_scarlet_monastery.cpp.o
#25 34.82 [ 42%] Building CXX object src/server/game/CMakeFiles/game.dir/Handlers/ReferAFriendHandler.cpp.o
#25 34.86 [ 42%] Building CXX object modules/CMakeFiles/modules.dir/mod-playerbots/src/strategy/actions/TalkToQuestGiverAction.cpp.o
#25 34.88 [ 42%] Building CXX object src/server/game/CMakeFiles/game.dir/Handlers/SkillHandler.cpp.o
#25 34.95 /azerothcore/modules/mod-playerbots/src/strategy/actions/TalkToQuestGiverAction.cpp:234:19: warning: unused variable 'usage' [-Wunused-variable]
#25 34.95         ItemUsage usage = AI_VALUE2(ItemUsage, "item usage", quest->RewardChoiceItemId[i]);
#25 34.95                   ^
#25 34.95 /azerothcore/modules/mod-playerbots/src/strategy/actions/TalkToQuestGiverAction.cpp:251:16: warning: unused variable 'unk1' [-Wunused-variable]
#25 34.95     ObjectGuid unk1;
#25 34.95                ^
#25 34.95 2 warnings generated.
#25 34.97 [ 42%] Building CXX object src/server/scripts/CMakeFiles/scripts.dir/EasternKingdoms/Scholomance/boss_darkmaster_gandling.cpp.o
#25 34.98 [ 42%] Building CXX object modules/CMakeFiles/modules.dir/mod-playerbots/src/strategy/actions/TameAction.cpp.o
#25 35.04 [ 42%] Building CXX object src/server/game/CMakeFiles/game.dir/Handlers/Socialhandler.cpp.o
#25 35.05 /azerothcore/modules/mod-playerbots/src/strategy/actions/TameAction.cpp:56:17: warning: unused variable 'bot' [-Wunused-variable]
#25 35.05         Player* bot = botAI->GetBot();
#25 35.05                 ^
#25 35.05 1 warning generated.
#25 35.08 [ 42%] Building CXX object src/server/scripts/CMakeFiles/scripts.dir/EasternKingdoms/Scholomance/boss_kirtonos_the_herald.cpp.o
#25 35.12 [ 42%] Building CXX object src/server/scripts/CMakeFiles/scripts.dir/EasternKingdoms/Scholomance/boss_kormok.cpp.o
#25 35.16 [ 42%] Building CXX object src/server/scripts/CMakeFiles/scripts.dir/EasternKingdoms/Scholomance/instance_scholomance.cpp.o
#25 35.33 [ 42%] Building CXX object modules/CMakeFiles/modules.dir/mod-playerbots/src/strategy/actions/TaxiAction.cpp.o
#25 35.40 [ 42%] Building CXX object src/server/game/CMakeFiles/game.dir/Handlers/SpellHandler.cpp.o
#25 35.41 [ 43%] Building CXX object src/server/scripts/CMakeFiles/scripts.dir/EasternKingdoms/ShadowfangKeep/boss_apothecary_hummel.cpp.o
#25 35.47 [ 43%] Building CXX object src/server/game/CMakeFiles/game.dir/Handlers/TaxiHandler.cpp.o
#25 35.47 [ 43%] Building CXX object modules/CMakeFiles/modules.dir/mod-playerbots/src/strategy/actions/TeleportAction.cpp.o
#25 35.50 /azerothcore/modules/mod-playerbots/src/strategy/actions/TeleportAction.cpp:12:36: warning: unused parameter 'event' [-Wunused-parameter]
#25 35.50 bool TeleportAction::Execute(Event event)
#25 35.50                                    ^
#25 35.50 1 warning generated.
#25 35.51 [ 43%] Building CXX object src/server/game/CMakeFiles/game.dir/Handlers/TicketHandler.cpp.o
#25 35.53 [ 43%] Building CXX object src/server/game/CMakeFiles/game.dir/Handlers/TradeHandler.cpp.o
#25 35.73 [ 43%] Building CXX object src/server/scripts/CMakeFiles/scripts.dir/EasternKingdoms/ShadowfangKeep/instance_shadowfang_keep.cpp.o
#25 35.78 [ 43%] Building CXX object src/server/game/CMakeFiles/game.dir/Handlers/VehicleHandler.cpp.o
#25 35.78 [ 43%] Building CXX object modules/CMakeFiles/modules.dir/mod-playerbots/src/strategy/actions/TellCastFailedAction.cpp.o
#25 35.83 [ 43%] Building CXX object src/server/game/CMakeFiles/game.dir/Handlers/VoiceChatHandler.cpp.o
#25 35.85 [ 43%] Building CXX object src/server/game/CMakeFiles/game.dir/Instances/InstanceSaveMgr.cpp.o
#25 35.99 [ 43%] Building CXX object src/server/game/CMakeFiles/game.dir/Instances/InstanceScript.cpp.o
#25 36.06 [ 43%] Building CXX object modules/CMakeFiles/modules.dir/mod-playerbots/src/strategy/actions/TellGlyphsAction.cpp.o
#25 36.06 [ 43%] Building CXX object src/server/scripts/CMakeFiles/scripts.dir/EasternKingdoms/Stratholme/boss_baroness_anastari.cpp.o
#25 36.09 [ 43%] Building CXX object src/server/scripts/CMakeFiles/scripts.dir/EasternKingdoms/Stratholme/boss_jarien_and_sothos.cpp.o
#25 36.20 [ 43%] Building CXX object modules/CMakeFiles/modules.dir/mod-playerbots/src/strategy/actions/TellItemCountAction.cpp.o
#25 36.21 [ 43%] Building CXX object src/server/game/CMakeFiles/game.dir/Loot/LootItemStorage.cpp.o
#25 36.31 In file included from /azerothcore/modules/mod-playerbots/src/strategy/actions/TellItemCountAction.cpp:9:
#25 36.31 /azerothcore/modules/mod-playerbots/src/strategy/values/ItemCountValue.h:20:24: warning: unused parameter 'event' [-Wunused-parameter]
#25 36.31     bool Execute(Event event) override { return false; }
#25 36.31                        ^
#25 36.31 1 warning generated.
#25 36.32 [ 43%] Building CXX object modules/CMakeFiles/modules.dir/mod-playerbots/src/strategy/actions/TellLosAction.cpp.o
#25 36.33 [ 43%] Building CXX object modules/CMakeFiles/modules.dir/mod-playerbots/src/strategy/actions/TellMasterAction.cpp.o
#25 36.38 In file included from /azerothcore/modules/mod-playerbots/src/strategy/actions/TellMasterAction.cpp:6:
#25 36.38 In file included from /azerothcore/modules/mod-playerbots/src/strategy/actions/TellMasterAction.h:9:
#25 36.38 /azerothcore/modules/mod-playerbots/src/strategy/actions/MovementActions.h:279:27: warning: comparison of integers of different signs: 'int' and 'uint32' (aka 'unsigned int') [-Wsign-compare]
#25 36.38         for (int i = 0; i < intervals; i++)
#25 36.38                         ~ ^ ~~~~~~~~~
#25 36.38 /azerothcore/modules/mod-playerbots/src/strategy/actions/TellMasterAction.cpp:11:38: warning: unused parameter 'event' [-Wunused-parameter]
#25 36.38 bool TellMasterAction::Execute(Event event)
#25 36.38                                      ^
#25 36.38 /azerothcore/modules/mod-playerbots/src/strategy/actions/TellMasterAction.cpp:17:43: warning: unused parameter 'event' [-Wunused-parameter]
#25 36.38 bool OutOfReactRangeAction::Execute(Event event)
#25 36.38                                           ^
#25 36.38 3 warnings generated.
#25 36.38 /azerothcore/modules/mod-playerbots/src/strategy/actions/TellLosAction.cpp:100:26: warning: unused variable 'spellInfo' [-Wunused-variable]
#25 36.38         const SpellInfo* spellInfo = aura->GetSpellInfo();
#25 36.38                          ^
#25 36.38 /azerothcore/modules/mod-playerbots/src/strategy/actions/TellLosAction.cpp:80:36: warning: unused parameter 'event' [-Wunused-parameter]
#25 36.38 bool TellAuraAction::Execute(Event event)
#25 36.38                                    ^
#25 36.38 /azerothcore/modules/mod-playerbots/src/strategy/actions/TellLosAction.cpp:133:44: warning: unused parameter 'event' [-Wunused-parameter]
#25 36.38 bool TellEstimatedDpsAction::Execute(Event event)
#25 36.38                                            ^
#25 36.38 3 warnings generated.
#25 36.42 [ 43%] Building CXX object src/server/scripts/CMakeFiles/scripts.dir/EasternKingdoms/Stratholme/instance_stratholme.cpp.o
#25 36.43 [ 44%] Building CXX object src/server/game/CMakeFiles/game.dir/Loot/LootMgr.cpp.o
#25 36.43 [ 44%] Building CXX object modules/CMakeFiles/modules.dir/mod-playerbots/src/strategy/actions/TellReputationAction.cpp.o
#25 36.53 /azerothcore/modules/mod-playerbots/src/strategy/actions/TellReputationAction.cpp:12:42: warning: unused parameter 'event' [-Wunused-parameter]
#25 36.53 bool TellReputationAction::Execute(Event event)
#25 36.53                                          ^
#25 36.53 1 warning generated.
#25 36.55 [ 44%] Building CXX object src/server/game/CMakeFiles/game.dir/Mails/Mail.cpp.o
#25 36.56 [ 44%] Building CXX object src/server/scripts/CMakeFiles/scripts.dir/EasternKingdoms/SunkenTemple/instance_sunken_temple.cpp.o
#25 36.63 [ 44%] Building CXX object src/server/scripts/CMakeFiles/scripts.dir/EasternKingdoms/SunwellPlateau/boss_brutallus.cpp.o
#25 36.70 [ 44%] Building CXX object modules/CMakeFiles/modules.dir/mod-playerbots/src/strategy/actions/TellTargetAction.cpp.o
#25 36.71 [ 44%] Building CXX object src/server/scripts/CMakeFiles/scripts.dir/EasternKingdoms/SunwellPlateau/boss_eredar_twins.cpp.o
#25 36.75 /azerothcore/modules/mod-playerbots/src/strategy/actions/TellTargetAction.cpp:12:38: warning: unused parameter 'event' [-Wunused-parameter]
#25 36.75 bool TellTargetAction::Execute(Event event)
#25 36.75                                      ^
#25 36.75 /azerothcore/modules/mod-playerbots/src/strategy/actions/TellTargetAction.cpp:27:41: warning: unused parameter 'event' [-Wunused-parameter]
#25 36.75 bool TellAttackersAction::Execute(Event event)
#25 36.75                                         ^
#25 36.75 2 warnings generated.
#25 36.78 [ 44%] Building CXX object src/server/scripts/CMakeFiles/scripts.dir/EasternKingdoms/SunwellPlateau/boss_felmyst.cpp.o
#25 36.92 [ 44%] Building CXX object src/server/scripts/CMakeFiles/scripts.dir/EasternKingdoms/SunwellPlateau/boss_kalecgos.cpp.o
#25 36.97 [ 44%] Building CXX object src/server/game/CMakeFiles/game.dir/Mails/ServerMailMgr.cpp.o
#25 37.04 [ 44%] Building CXX object src/server/game/CMakeFiles/game.dir/Maps/AreaBoundary.cpp.o
#25 37.09 [ 44%] Building CXX object src/server/scripts/CMakeFiles/scripts.dir/EasternKingdoms/SunwellPlateau/boss_kiljaeden.cpp.o
#25 37.23 [ 44%] Building CXX object src/server/scripts/CMakeFiles/scripts.dir/EasternKingdoms/SunwellPlateau/boss_muru.cpp.o
#25 37.28 [ 44%] Building CXX object src/server/game/CMakeFiles/game.dir/Maps/Map.cpp.o
#25 37.32 [ 44%] Building CXX object modules/CMakeFiles/modules.dir/mod-playerbots/src/strategy/actions/TradeAction.cpp.o
#25 37.36 In file included from /azerothcore/modules/mod-playerbots/src/strategy/actions/TradeAction.cpp:9:
#25 37.36 /azerothcore/modules/mod-playerbots/src/strategy/values/ItemCountValue.h:20:24: warning: unused parameter 'event' [-Wunused-parameter]
#25 37.36     bool Execute(Event event) override { return false; }
#25 37.36                        ^
#25 37.36 /azerothcore/modules/mod-playerbots/src/strategy/actions/TradeAction.cpp:72:79: warning: comparison of integers of different signs: 'uint32' (aka 'unsigned int') and 'int' [-Wsign-compare]
#25 37.36         if (TradeItem(item, slot) && slot != TRADE_SLOT_NONTRADED && ++traded >= count)
#25 37.36                                                                      ~~~~~~~~ ^  ~~~~~
#25 37.36 2 warnings generated.
#25 37.37 [ 44%] Building CXX object src/server/game/CMakeFiles/game.dir/Maps/MapInstanced.cpp.o
#25 37.49 [ 44%] Building CXX object modules/CMakeFiles/modules.dir/mod-playerbots/src/strategy/actions/TradeStatusAction.cpp.o
#25 37.50 [ 44%] Building CXX object src/server/scripts/CMakeFiles/scripts.dir/EasternKingdoms/SunwellPlateau/instance_sunwell_plateau.cpp.o
#25 37.50 [ 44%] Building CXX object src/server/game/CMakeFiles/game.dir/Maps/MapMgr.cpp.o
#25 37.55 /azerothcore/modules/mod-playerbots/src/strategy/actions/TradeStatusAction.cpp:67:19: warning: unused variable 'botMoney' [-Wunused-variable]
#25 37.55             int32 botMoney = CalculateCost(bot, true);
#25 37.55                   ^
#25 37.55 /azerothcore/modules/mod-playerbots/src/strategy/actions/TradeStatusAction.cpp:164:14: warning: variable 'isGivingItem' set but not used [-Wunused-but-set-variable]
#25 37.55         bool isGivingItem = false;
#25 37.55              ^
#25 37.55 In file included from /azerothcore/modules/mod-playerbots/src/strategy/actions/TradeStatusAction.cpp:8:
#25 37.55 /azerothcore/modules/mod-playerbots/src/strategy/values/CraftValue.h:19:5: warning: definition of implicit copy assignment operator for 'CraftData' is deprecated because it has a user-provided copy constructor [-Wdeprecated-copy-with-user-provided-copy]
#25 37.55     CraftData(CraftData const& other) : itemId(other.itemId)
#25 37.55     ^
#25 37.55 /azerothcore/modules/mod-playerbots/src/strategy/Value.h:362:35: note: in implicit copy assignment operator for 'CraftData' first required here
#25 37.55     void Reset() override { value = defaultValue; }
#25 37.55                                   ^
#25 37.55 /azerothcore/modules/mod-playerbots/src/strategy/values/CraftValue.h:66:5: note: in instantiation of member function 'ManualSetValue<CraftData &>::Reset' requested here
#25 37.55     CraftValue(PlayerbotAI* botAI, std::string const name = "craft") : ManualSetValue<CraftData&>(botAI, data, name) {}
#25 37.55     ^
#25 37.55 3 warnings generated.
#25 37.58 [ 45%] Building CXX object modules/CMakeFiles/modules.dir/mod-playerbots/src/strategy/actions/TradeStatusExtendedAction.cpp.o
#25 37.60 [ 45%] Building CXX object src/server/scripts/CMakeFiles/scripts.dir/EasternKingdoms/TheStockade/instance_the_stockade.cpp.o
#25 37.71 [ 45%] Building CXX object src/server/game/CMakeFiles/game.dir/Maps/MapUpdater.cpp.o
#25 37.80 [ 45%] Building CXX object src/server/scripts/CMakeFiles/scripts.dir/EasternKingdoms/Uldaman/instance_uldaman.cpp.o
#25 37.86 [ 45%] Building CXX object src/server/game/CMakeFiles/game.dir/Maps/TransportMgr.cpp.o
#25 37.87 [ 45%] Building CXX object src/server/game/CMakeFiles/game.dir/Misc/BanMgr.cpp.o
#25 38.01 [ 45%] Building CXX object src/server/game/CMakeFiles/game.dir/Misc/DynamicVisibility.cpp.o
#25 38.01 [ 45%] Building CXX object modules/CMakeFiles/modules.dir/mod-playerbots/src/strategy/actions/TradeValues.cpp.o
#25 38.04 [ 45%] Building CXX object src/server/scripts/CMakeFiles/scripts.dir/EasternKingdoms/ZulAman/boss_akilzon.cpp.o
#25 38.08 [ 45%] Building CXX object src/server/scripts/CMakeFiles/scripts.dir/EasternKingdoms/ZulAman/boss_halazzi.cpp.o
#25 38.14 [ 45%] Building CXX object modules/CMakeFiles/modules.dir/mod-playerbots/src/strategy/actions/TrainerAction.cpp.o
#25 38.21 /azerothcore/modules/mod-playerbots/src/strategy/actions/TrainerAction.cpp:163:39: warning: unused parameter 'event' [-Wunused-parameter]
#25 38.21 bool MaintenanceAction::Execute(Event event)
#25 38.21                                       ^
#25 38.21 /azerothcore/modules/mod-playerbots/src/strategy/actions/TrainerAction.cpp:263:39: warning: unused parameter 'event' [-Wunused-parameter]
#25 38.21 bool RemoveGlyphAction::Execute(Event event)
#25 38.21                                       ^
#25 38.21 /azerothcore/modules/mod-playerbots/src/strategy/actions/TrainerAction.cpp:273:36: warning: unused parameter 'event' [-Wunused-parameter]
#25 38.21 bool AutoGearAction::Execute(Event event)
#25 38.21                                    ^
#25 38.21 3 warnings generated.
#25 38.22 [ 45%] Building CXX object src/server/game/CMakeFiles/game.dir/Misc/GameGraveyard.cpp.o
#25 38.24 [ 46%] Building CXX object src/server/scripts/CMakeFiles/scripts.dir/EasternKingdoms/ZulAman/boss_hexlord.cpp.o
#25 38.31 [ 46%] Building CXX object modules/CMakeFiles/modules.dir/mod-playerbots/src/strategy/actions/TravelAction.cpp.o
#25 38.33 [ 46%] Building CXX object src/server/game/CMakeFiles/game.dir/Miscellaneous/Formulas.cpp.o
#25 38.42 In file included from /azerothcore/modules/mod-playerbots/src/strategy/actions/TravelAction.cpp:6:
#25 38.42 In file included from /azerothcore/modules/mod-playerbots/src/strategy/actions/TravelAction.h:9:
#25 38.42 /azerothcore/modules/mod-playerbots/src/strategy/actions/MovementActions.h:279:27: warning: comparison of integers of different signs: 'int' and 'uint32' (aka 'unsigned int') [-Wsign-compare]
#25 38.42         for (int i = 0; i < intervals; i++)
#25 38.42                         ~ ^ ~~~~~~~~~
#25 38.42 /azerothcore/modules/mod-playerbots/src/strategy/actions/TravelAction.cpp:13:34: warning: unused parameter 'event' [-Wunused-parameter]
#25 38.42 bool TravelAction::Execute(Event event)
#25 38.42                                  ^
#25 38.42 /azerothcore/modules/mod-playerbots/src/strategy/actions/TravelAction.cpp:40:35: warning: comparison of integers of different signs: 'uint32' (aka 'unsigned int') and 'int32' (aka 'int') [-Wsign-compare]
#25 38.42         if (newTarget->GetEntry() == target->getDestination()->getEntry())
#25 38.42             ~~~~~~~~~~~~~~~~~~~~~ ^  ~~~~~~~~~~~~~~~~~~~~~~~~~~~~~~~~~~~~
#25 38.42 /azerothcore/modules/mod-playerbots/src/strategy/actions/TravelAction.cpp:63:44: warning: unused parameter 'event' [-Wunused-parameter]
#25 38.42 bool MoveToDarkPortalAction::Execute(Event event)
#25 38.42                                            ^
#25 38.42 /azerothcore/modules/mod-playerbots/src/strategy/actions/TravelAction.cpp:114:45: warning: unused parameter 'event' [-Wunused-parameter]
#25 38.42 bool DarkPortalAzerothAction::Execute(Event event)
#25 38.42                                             ^
#25 38.42 /azerothcore/modules/mod-playerbots/src/strategy/actions/TravelAction.cpp:129:46: warning: unused parameter 'event' [-Wunused-parameter]
#25 38.42 bool MoveFromDarkPortalAction::Execute(Event event)
#25 38.42                                              ^
#25 38.42 6 warnings generated.
#25 38.46 [ 46%] Building CXX object src/server/game/CMakeFiles/game.dir/Modules/ModuleMgr.cpp.o
#25 38.50 [ 46%] Building CXX object src/server/scripts/CMakeFiles/scripts.dir/EasternKingdoms/ZulAman/boss_janalai.cpp.o
#25 38.51 [ 46%] Building CXX object src/server/game/CMakeFiles/game.dir/Motd/MotdMgr.cpp.o
#25 38.60 [ 46%] Building CXX object src/server/game/CMakeFiles/game.dir/Movement/FollowerReference.cpp.o
#25 38.75 [ 46%] Building CXX object src/server/game/CMakeFiles/game.dir/Movement/MotionMaster.cpp.o
#25 38.79 [ 46%] Building CXX object src/server/scripts/CMakeFiles/scripts.dir/EasternKingdoms/ZulAman/boss_nalorakk.cpp.o
#25 38.82 [ 47%] Building CXX object src/server/game/CMakeFiles/game.dir/Movement/MovementGenerator.cpp.o
#25 38.86 [ 47%] Building CXX object modules/CMakeFiles/modules.dir/mod-playerbots/src/strategy/actions/UnequipAction.cpp.o
#25 38.90 In file included from /azerothcore/modules/mod-playerbots/src/strategy/actions/UnequipAction.cpp:9:
#25 38.90 /azerothcore/modules/mod-playerbots/src/strategy/values/ItemCountValue.h:20:24: warning: unused parameter 'event' [-Wunused-parameter]
#25 38.90     bool Execute(Event event) override { return false; }
#25 38.90                        ^
#25 38.90 1 warning generated.
#25 38.92 [ 47%] Building CXX object modules/CMakeFiles/modules.dir/mod-playerbots/src/strategy/actions/UnlockItemAction.cpp.o
#25 38.96 [ 47%] Building CXX object src/server/game/CMakeFiles/game.dir/Movement/MovementGenerators/ConfusedMovementGenerator.cpp.o
#25 38.96 /azerothcore/modules/mod-playerbots/src/strategy/actions/UnlockItemAction.cpp:11:38: warning: unused parameter 'event' [-Wunused-parameter]
#25 38.96 bool UnlockItemAction::Execute(Event event)
#25 38.96                                      ^
#25 38.96 1 warning generated.
#25 38.98 [ 47%] Building CXX object src/server/scripts/CMakeFiles/scripts.dir/EasternKingdoms/ZulAman/boss_zuljin.cpp.o
#25 39.05 [ 47%] Building CXX object src/server/game/CMakeFiles/game.dir/Movement/MovementGenerators/EscortMovementGenerator.cpp.o
#25 39.13 [ 47%] Building CXX object src/server/scripts/CMakeFiles/scripts.dir/EasternKingdoms/ZulAman/instance_zulaman.cpp.o
#25 39.23 [ 47%] Building CXX object src/server/game/CMakeFiles/game.dir/Movement/MovementGenerators/FleeingMovementGenerator.cpp.o
#25 39.24 [ 47%] Building CXX object modules/CMakeFiles/modules.dir/mod-playerbots/src/strategy/actions/UnlockTradedItemAction.cpp.o
#25 39.24 [ 47%] Building CXX object modules/CMakeFiles/modules.dir/mod-playerbots/src/strategy/actions/UseItemAction.cpp.o
#25 39.30 /azerothcore/modules/mod-playerbots/src/strategy/actions/UnlockTradedItemAction.cpp:8:44: warning: unused parameter 'event' [-Wunused-parameter]
#25 39.30 bool UnlockTradedItemAction::Execute(Event event)
#25 39.30                                            ^
#25 39.30 1 warning generated.
#25 39.34 [ 47%] Building CXX object src/server/scripts/CMakeFiles/scripts.dir/EasternKingdoms/ZulAman/zulaman.cpp.o
#25 39.35 /azerothcore/modules/mod-playerbots/src/strategy/actions/UseItemAction.cpp:72:11: warning: unused variable 'spell_index' [-Wunused-variable]
#25 39.35     uint8 spell_index = 0;
#25 39.35           ^
#25 39.35 /azerothcore/modules/mod-playerbots/src/strategy/actions/UseItemAction.cpp:424:37: warning: unused parameter 'event' [-Wunused-parameter]
#25 39.35 bool UseRandomRecipe::Execute(Event event)
#25 39.35                                     ^
#25 39.35 /azerothcore/modules/mod-playerbots/src/strategy/actions/UseItemAction.cpp:453:40: warning: unused parameter 'event' [-Wunused-parameter]
#25 39.35 bool UseRandomQuestItem::Execute(Event event)
#25 39.35                                        ^
#25 39.35 3 warnings generated.
#25 39.40 [ 47%] Building CXX object modules/CMakeFiles/modules.dir/mod-playerbots/src/strategy/actions/UseMeetingStoneAction.cpp.o
#25 39.40 [ 47%] Building CXX object src/server/game/CMakeFiles/game.dir/Movement/MovementGenerators/HomeMovementGenerator.cpp.o
#25 39.44 [ 47%] Building CXX object src/server/scripts/CMakeFiles/scripts.dir/EasternKingdoms/ZulGurub/boss_arlokk.cpp.o
#25 39.49 In file included from /azerothcore/modules/mod-playerbots/src/strategy/actions/UseMeetingStoneAction.cpp:6:
#25 39.49 In file included from /azerothcore/modules/mod-playerbots/src/strategy/actions/UseMeetingStoneAction.h:9:
#25 39.49 /azerothcore/modules/mod-playerbots/src/strategy/actions/MovementActions.h:279:27: warning: comparison of integers of different signs: 'int' and 'uint32' (aka 'unsigned int') [-Wsign-compare]
#25 39.49         for (int i = 0; i < intervals; i++)
#25 39.49                         ~ ^ ~~~~~~~~~
#25 39.49 /azerothcore/modules/mod-playerbots/src/strategy/actions/UseMeetingStoneAction.cpp:58:34: warning: unused parameter 'event' [-Wunused-parameter]
#25 39.49 bool SummonAction::Execute(Event event)
#25 39.49                                  ^
#25 39.49 In file included from /azerothcore/modules/mod-playerbots/src/strategy/actions/UseMeetingStoneAction.cpp:15:
#25 39.49 /azerothcore/modules/mod-playerbots/src/strategy/values/PositionValue.h:23:5: warning: definition of implicit copy assignment operator for 'PositionInfo' is deprecated because it has a user-provided copy constructor [-Wdeprecated-copy-with-user-provided-copy]
#25 39.49     PositionInfo(PositionInfo const& other)
#25 39.49     ^
#25 39.49 /azerothcore/modules/mod-playerbots/src/strategy/actions/UseMeetingStoneAction.cpp:220:36: note: in implicit copy assignment operator for 'PositionInfo' first required here
#25 39.49                     posMap["stay"] = stayPosition;
#25 39.49                                    ^
#25 39.49 3 warnings generated.
#25 39.51 [ 47%] Building CXX object modules/CMakeFiles/modules.dir/mod-playerbots/src/strategy/actions/VehicleActions.cpp.o
#25 39.58 In file included from /azerothcore/modules/mod-playerbots/src/strategy/actions/VehicleActions.cpp:6:
#25 39.58 In file included from /azerothcore/modules/mod-playerbots/src/strategy/actions/VehicleActions.h:10:
#25 39.58 /azerothcore/modules/mod-playerbots/src/strategy/actions/MovementActions.h:279:27: warning: comparison of integers of different signs: 'int' and 'uint32' (aka 'unsigned int') [-Wsign-compare]
#25 39.58         for (int i = 0; i < intervals; i++)
#25 39.58                         ~ ^ ~~~~~~~~~
#25 39.58 /azerothcore/modules/mod-playerbots/src/strategy/actions/VehicleActions.cpp:98:40: warning: unused parameter 'event' [-Wunused-parameter]
#25 39.58 bool LeaveVehicleAction::Execute(Event event)
#25 39.58                                        ^
#25 39.58 2 warnings generated.
#25 39.61 [ 47%] Building CXX object modules/CMakeFiles/modules.dir/mod-playerbots/src/strategy/actions/WhoAction.cpp.o
#25 39.62 [ 47%] Building CXX object modules/CMakeFiles/modules.dir/mod-playerbots/src/strategy/actions/WipeAction.cpp.o
#25 39.65 [ 47%] Building CXX object src/server/scripts/CMakeFiles/scripts.dir/EasternKingdoms/ZulGurub/boss_gahzranka.cpp.o
#25 39.68 /azerothcore/modules/mod-playerbots/src/strategy/actions/WipeAction.cpp:11:13: warning: unused variable 'master' [-Wunused-variable]
#25 39.68     Player* master = event.getOwner();
#25 39.68             ^
#25 39.68 1 warning generated.
#25 39.70 /azerothcore/modules/mod-playerbots/src/strategy/actions/WhoAction.cpp:111:58: warning: unused parameter 'text' [-Wunused-parameter]
#25 39.70 std::string const WhoAction::QuerySpec(std::string const text)
#25 39.70                                                          ^
#25 39.70 1 warning generated.
#25 39.72 [ 47%] Building CXX object modules/CMakeFiles/modules.dir/mod-playerbots/src/strategy/actions/WorldBuffAction.cpp.o
#25 39.72 [ 47%] Building CXX object src/server/game/CMakeFiles/game.dir/Movement/MovementGenerators/IdleMovementGenerator.cpp.o
#25 39.73 [ 47%] Building CXX object src/server/game/CMakeFiles/game.dir/Movement/MovementGenerators/PathGenerator.cpp.o
#25 39.80 [ 47%] Building CXX object src/server/scripts/CMakeFiles/scripts.dir/EasternKingdoms/ZulGurub/boss_grilek.cpp.o
#25 39.89 [ 47%] Building CXX object modules/CMakeFiles/modules.dir/mod-playerbots/src/strategy/actions/WtsAction.cpp.o
#25 39.96 [ 47%] Building CXX object src/server/game/CMakeFiles/game.dir/Movement/MovementGenerators/PointMovementGenerator.cpp.o
#25 39.97 [ 47%] Building CXX object src/server/scripts/CMakeFiles/scripts.dir/EasternKingdoms/ZulGurub/boss_hakkar.cpp.o
#25 40.06 [ 47%] Building CXX object src/server/game/CMakeFiles/game.dir/Movement/MovementGenerators/RandomMovementGenerator.cpp.o
#25 40.13 [ 47%] Building CXX object modules/CMakeFiles/modules.dir/mod-playerbots/src/strategy/actions/XpGainAction.cpp.o
#25 40.16 [ 47%] Building CXX object src/server/scripts/CMakeFiles/scripts.dir/EasternKingdoms/ZulGurub/boss_hazzarah.cpp.o
#25 40.18 [ 47%] Building CXX object src/server/scripts/CMakeFiles/scripts.dir/EasternKingdoms/ZulGurub/boss_jeklik.cpp.o
#25 40.24 [ 47%] Building CXX object modules/CMakeFiles/modules.dir/mod-playerbots/src/strategy/deathknight/BloodDKStrategy.cpp.o
#25 40.32 [ 47%] Building CXX object src/server/game/CMakeFiles/game.dir/Movement/MovementGenerators/TargetedMovementGenerator.cpp.o
#25 40.37 [ 47%] Building CXX object src/server/game/CMakeFiles/game.dir/Movement/MovementGenerators/WaypointMovementGenerator.cpp.o
#25 40.47 [ 47%] Building CXX object src/server/game/CMakeFiles/game.dir/Movement/Spline/MoveSpline.cpp.o
#25 40.49 [ 47%] Building CXX object src/server/scripts/CMakeFiles/scripts.dir/EasternKingdoms/ZulGurub/boss_jindo.cpp.o
#25 40.51 [ 47%] Building CXX object src/server/game/CMakeFiles/game.dir/Movement/Spline/MoveSplineInit.cpp.o
#25 40.60 [ 47%] Building CXX object modules/CMakeFiles/modules.dir/mod-playerbots/src/strategy/deathknight/DKActions.cpp.o
#25 40.61 [ 47%] Building CXX object src/server/game/CMakeFiles/game.dir/Movement/Spline/MovementPacketBuilder.cpp.o
#25 40.63 [ 47%] Building CXX object src/server/scripts/CMakeFiles/scripts.dir/EasternKingdoms/ZulGurub/boss_mandokir.cpp.o
#25 40.68 [ 47%] Building CXX object src/server/scripts/CMakeFiles/scripts.dir/EasternKingdoms/ZulGurub/boss_marli.cpp.o
#25 40.74 [ 47%] Building CXX object src/server/game/CMakeFiles/game.dir/Movement/Spline/MovementUtil.cpp.o
#25 40.79 [ 47%] Building CXX object src/server/scripts/CMakeFiles/scripts.dir/EasternKingdoms/ZulGurub/boss_renataki.cpp.o
#25 40.84 [ 47%] Building CXX object src/server/scripts/CMakeFiles/scripts.dir/EasternKingdoms/ZulGurub/boss_thekal.cpp.o
#25 40.92 [ 47%] Building CXX object src/server/game/CMakeFiles/game.dir/Movement/Spline/Spline.cpp.o
#25 40.97 [ 48%] Building CXX object modules/CMakeFiles/modules.dir/mod-playerbots/src/strategy/deathknight/DKAiObjectContext.cpp.o
#25 41.01 [ 49%] Building CXX object src/server/scripts/CMakeFiles/scripts.dir/EasternKingdoms/ZulGurub/boss_venoxis.cpp.o
#25 41.04 [ 49%] Building CXX object src/server/scripts/CMakeFiles/scripts.dir/EasternKingdoms/ZulGurub/boss_wushoolay.cpp.o
#25 41.13 [ 49%] Building CXX object modules/CMakeFiles/modules.dir/mod-playerbots/src/strategy/deathknight/DKTriggers.cpp.o
#25 41.14 [ 49%] Building CXX object src/server/game/CMakeFiles/game.dir/Movement/Waypoints/WaypointMgr.cpp.o
#25 41.22 [ 49%] Building CXX object src/server/scripts/CMakeFiles/scripts.dir/EasternKingdoms/ZulGurub/instance_zulgurub.cpp.o
#25 41.26 [ 49%] Building CXX object src/server/scripts/CMakeFiles/scripts.dir/EasternKingdoms/ZulGurub/zulgurub.cpp.o
#25 41.37 [ 49%] Building CXX object modules/CMakeFiles/modules.dir/mod-playerbots/src/strategy/deathknight/FrostDKStrategy.cpp.o
#25 41.39 [ 49%] Building CXX object src/server/game/CMakeFiles/game.dir/OutdoorPvP/OutdoorPvP.cpp.o
#25 41.45 [ 49%] Building CXX object src/server/scripts/CMakeFiles/scripts.dir/Events/brewfest.cpp.o
#25 41.46 [ 49%] Building CXX object modules/CMakeFiles/modules.dir/mod-playerbots/src/strategy/deathknight/GenericDKNonCombatStrategy.cpp.o
#25 41.48 [ 50%] Building CXX object src/server/game/CMakeFiles/game.dir/OutdoorPvP/OutdoorPvPMgr.cpp.o
#25 41.51 /azerothcore/modules/mod-playerbots/src/strategy/deathknight/GenericDKNonCombatStrategy.cpp:58:65: warning: unused parameter 'triggers' [-Wunused-parameter]
#25 41.51 void DKBuffDpsStrategy::InitTriggers(std::vector<TriggerNode*>& triggers)
#25 41.51                                                                 ^
#25 41.51 1 warning generated.
#25 41.54 [ 50%] Building CXX object modules/CMakeFiles/modules.dir/mod-playerbots/src/strategy/deathknight/GenericDKStrategy.cpp.o
#25 41.63 [ 50%] Building CXX object modules/CMakeFiles/modules.dir/mod-playerbots/src/strategy/deathknight/UnholyDKStrategy.cpp.o
#25 41.68 [ 50%] Building CXX object src/server/scripts/CMakeFiles/scripts.dir/Events/childrens_week.cpp.o
#25 41.68 [ 50%] Building CXX object modules/CMakeFiles/modules.dir/mod-playerbots/src/strategy/druid/BearTankDruidStrategy.cpp.o
#25 41.71 [ 50%] Building CXX object modules/CMakeFiles/modules.dir/mod-playerbots/src/strategy/druid/CasterDruidStrategy.cpp.o
#25 41.74 [ 50%] Building CXX object src/server/game/CMakeFiles/game.dir/Petitions/PetitionMgr.cpp.o
#25 41.78 [ 50%] Building CXX object src/server/scripts/CMakeFiles/scripts.dir/Events/events_script_loader.cpp.o
#25 41.81 [ 50%] Building CXX object modules/CMakeFiles/modules.dir/mod-playerbots/src/strategy/druid/CatDpsDruidStrategy.cpp.o
#25 41.88 /azerothcore/modules/mod-playerbots/src/strategy/druid/CatDpsDruidStrategy.cpp:179:67: warning: unused parameter 'triggers' [-Wunused-parameter]
#25 41.88 void CatAoeDruidStrategy::InitTriggers(std::vector<TriggerNode*>& triggers) {}
#25 41.88                                                                   ^
#25 41.88 1 warning generated.
#25 41.91 [ 50%] Building CXX object src/server/game/CMakeFiles/game.dir/Pools/PoolMgr.cpp.o
#25 41.93 [ 50%] Building CXX object modules/CMakeFiles/modules.dir/mod-playerbots/src/strategy/druid/DruidActions.cpp.o
#25 41.97 [ 50%] Building CXX object src/server/game/CMakeFiles/game.dir/Quests/QuestDef.cpp.o
#25 41.97 [ 50%] Building CXX object src/server/scripts/CMakeFiles/scripts.dir/Events/hallows_end.cpp.o
#25 42.02 /azerothcore/modules/mod-playerbots/src/strategy/druid/DruidActions.cpp:31:49: warning: unused parameter 'event' [-Wunused-parameter]
#25 42.02 bool CastEntanglingRootsCcAction::Execute(Event event) { return botAI->CastSpell("entangling roots", GetTarget()); }
#25 42.02                                                 ^
#25 42.02 /azerothcore/modules/mod-playerbots/src/strategy/druid/DruidActions.cpp:35:43: warning: unused parameter 'event' [-Wunused-parameter]
#25 42.02 bool CastHibernateCcAction::Execute(Event event) { return botAI->CastSpell("hibernate", GetTarget()); }
#25 42.02                                           ^
#25 42.02 2 warnings generated.
#25 42.04 [ 50%] Building CXX object src/server/scripts/CMakeFiles/scripts.dir/Events/love_in_air.cpp.o
#25 42.11 [ 50%] Building CXX object src/server/game/CMakeFiles/game.dir/Quests/enuminfo_QuestDef.cpp.o
#25 42.16 [ 50%] Building CXX object modules/CMakeFiles/modules.dir/mod-playerbots/src/strategy/druid/DruidAiObjectContext.cpp.o
#25 42.18 [ 50%] Building CXX object src/server/scripts/CMakeFiles/scripts.dir/Events/midsummer.cpp.o
#25 42.19 [ 50%] Building CXX object src/server/game/CMakeFiles/game.dir/Reputation/ReputationMgr.cpp.o
#25 42.23 In file included from /azerothcore/modules/mod-playerbots/src/strategy/druid/DruidAiObjectContext.cpp:12:
#25 42.23 In file included from /azerothcore/modules/mod-playerbots/src/strategy/druid/DruidBearActions.h:10:
#25 42.23 In file included from /azerothcore/modules/mod-playerbots/src/strategy/actions/ReachTargetActions.h:10:
#25 42.23 /azerothcore/modules/mod-playerbots/src/strategy/actions/MovementActions.h:279:27: warning: comparison of integers of different signs: 'int' and 'uint32' (aka 'unsigned int') [-Wsign-compare]
#25 42.23         for (int i = 0; i < intervals; i++)
#25 42.23                         ~ ^ ~~~~~~~~~
#25 42.23 1 warning generated.
#25 42.26 [ 50%] Building CXX object modules/CMakeFiles/modules.dir/mod-playerbots/src/strategy/druid/DruidBearActions.cpp.o
#25 42.34 [ 50%] Building CXX object modules/CMakeFiles/modules.dir/mod-playerbots/src/strategy/druid/DruidCatActions.cpp.o
#25 42.36 In file included from /azerothcore/modules/mod-playerbots/src/strategy/druid/DruidBearActions.cpp:6:
#25 42.36 In file included from /azerothcore/modules/mod-playerbots/src/strategy/druid/DruidBearActions.h:10:
#25 42.36 In file included from /azerothcore/modules/mod-playerbots/src/strategy/actions/ReachTargetActions.h:10:
#25 42.36 /azerothcore/modules/mod-playerbots/src/strategy/actions/MovementActions.h:279:27: warning: comparison of integers of different signs: 'int' and 'uint32' (aka 'unsigned int') [-Wsign-compare]
#25 42.36         for (int i = 0; i < intervals; i++)
#25 42.36                         ~ ^ ~~~~~~~~~
#25 42.36 1 warning generated.
#25 42.38 [ 50%] Building CXX object modules/CMakeFiles/modules.dir/mod-playerbots/src/strategy/druid/DruidShapeshiftActions.cpp.o
#25 42.44 In file included from /azerothcore/modules/mod-playerbots/src/strategy/druid/DruidCatActions.cpp:1:
#25 42.44 In file included from /azerothcore/modules/mod-playerbots/src/strategy/druid/DruidCatActions.h:10:
#25 42.44 In file included from /azerothcore/modules/mod-playerbots/src/strategy/actions/ReachTargetActions.h:10:
#25 42.44 /azerothcore/modules/mod-playerbots/src/strategy/actions/MovementActions.h:279:27: warning: comparison of integers of different signs: 'int' and 'uint32' (aka 'unsigned int') [-Wsign-compare]
#25 42.44         for (int i = 0; i < intervals; i++)
#25 42.44                         ~ ^ ~~~~~~~~~
#25 42.44 1 warning generated.
#25 42.45 /azerothcore/modules/mod-playerbots/src/strategy/druid/DruidShapeshiftActions.cpp:42:42: warning: unused parameter 'event' [-Wunused-parameter]
#25 42.45 bool CastCasterFormAction::Execute(Event event)
#25 42.45                                          ^
#25 42.45 /azerothcore/modules/mod-playerbots/src/strategy/druid/DruidShapeshiftActions.cpp:53:46: warning: unused parameter 'event' [-Wunused-parameter]
#25 42.45 bool CastCancelTreeFormAction::Execute(Event event)
#25 42.45                                              ^
#25 42.45 2 warnings generated.
#25 42.47 [ 50%] Building CXX object src/server/scripts/CMakeFiles/scripts.dir/Events/noblegarden.cpp.o
#25 42.48 [ 50%] Building CXX object src/server/scripts/CMakeFiles/scripts.dir/Events/pilgrims_bounty.cpp.o
#25 42.49 [ 50%] Building CXX object src/server/game/CMakeFiles/game.dir/Scripting/MapScripts.cpp.o
#25 42.51 [ 50%] Building CXX object src/server/scripts/CMakeFiles/scripts.dir/Events/winter_veil.cpp.o
#25 42.72 [ 50%] Building CXX object src/server/scripts/CMakeFiles/scripts.dir/Events/firework_show/firework_show.cpp.o
#25 42.74 [ 50%] Building CXX object modules/CMakeFiles/modules.dir/mod-playerbots/src/strategy/druid/DruidTriggers.cpp.o
#25 42.79 [ 50%] Building CXX object src/server/scripts/CMakeFiles/scripts.dir/Kalimdor/boss_azuregos.cpp.o
#25 42.83 [ 50%] Building CXX object src/server/game/CMakeFiles/game.dir/Scripting/ScriptMgr.cpp.o
#25 42.91 [ 50%] Building CXX object modules/CMakeFiles/modules.dir/mod-playerbots/src/strategy/druid/FeralDruidStrategy.cpp.o
#25 43.01 [ 50%] Building CXX object src/server/scripts/CMakeFiles/scripts.dir/Kalimdor/kalimdor_script_loader.cpp.o
#25 43.03 [ 50%] Building CXX object modules/CMakeFiles/modules.dir/mod-playerbots/src/strategy/druid/GenericDruidNonCombatStrategy.cpp.o
#25 43.08 [ 50%] Building CXX object src/server/game/CMakeFiles/game.dir/Scripting/ScriptObject.cpp.o
#25 43.11 [ 50%] Building CXX object src/server/game/CMakeFiles/game.dir/Scripting/ScriptSystem.cpp.o
#25 43.20 [ 51%] Building CXX object modules/CMakeFiles/modules.dir/mod-playerbots/src/strategy/druid/GenericDruidStrategy.cpp.o
#25 43.24 [ 51%] Building CXX object src/server/scripts/CMakeFiles/scripts.dir/Kalimdor/zone_ashenvale.cpp.o
#25 43.32 [ 52%] Building CXX object src/server/scripts/CMakeFiles/scripts.dir/Kalimdor/zone_azuremyst_isle.cpp.o
#25 43.38 [ 52%] Building CXX object src/server/game/CMakeFiles/game.dir/Scripting/ScriptDefines/ALEScript.cpp.o
#25 43.38 [ 52%] Building CXX object src/server/game/CMakeFiles/game.dir/Scripting/ScriptDefines/AccountScript.cpp.o
#25 43.51 [ 52%] Building CXX object src/server/scripts/CMakeFiles/scripts.dir/Kalimdor/zone_bloodmyst_isle.cpp.o
#25 43.64 [ 52%] Building CXX object src/server/scripts/CMakeFiles/scripts.dir/Kalimdor/zone_darkshore.cpp.o
#25 43.72 [ 52%] Building CXX object modules/CMakeFiles/modules.dir/mod-playerbots/src/strategy/druid/HealDruidStrategy.cpp.o
#25 43.76 [ 52%] Building CXX object src/server/scripts/CMakeFiles/scripts.dir/Kalimdor/zone_desolace.cpp.o
#25 43.79 [ 52%] Building CXX object src/server/game/CMakeFiles/game.dir/Scripting/ScriptDefines/AchievementCriteriaScript.cpp.o
#25 43.80 [ 52%] Building CXX object modules/CMakeFiles/modules.dir/mod-playerbots/src/strategy/druid/MeleeDruidStrategy.cpp.o
#25 43.81 [ 52%] Building CXX object modules/CMakeFiles/modules.dir/mod-playerbots/src/strategy/druid/OffhealDruidCatStrategy.cpp.o
#25 43.94 [ 52%] Building CXX object modules/CMakeFiles/modules.dir/mod-playerbots/src/strategy/dungeons/wotlk/azjolnerub/AzjolNerubActions.cpp.o
#25 43.96 [ 52%] Building CXX object modules/CMakeFiles/modules.dir/mod-playerbots/src/strategy/dungeons/wotlk/azjolnerub/AzjolNerubMultipliers.cpp.o
#25 44.04 In file included from /azerothcore/modules/mod-playerbots/src/strategy/dungeons/wotlk/azjolnerub/AzjolNerubActions.cpp:2:
#25 44.04 In file included from /azerothcore/modules/mod-playerbots/src/strategy/dungeons/wotlk/azjolnerub/AzjolNerubActions.h:5:
#25 44.04 In file included from /azerothcore/modules/mod-playerbots/src/strategy/actions/AttackAction.h:9:
#25 44.04 /azerothcore/modules/mod-playerbots/src/strategy/actions/MovementActions.h:279:27: warning: comparison of integers of different signs: 'int' and 'uint32' (aka 'unsigned int') [-Wsign-compare]
#25 44.04         for (int i = 0; i < intervals; i++)
#25 44.04                         ~ ^ ~~~~~~~~~
#25 44.04 /azerothcore/modules/mod-playerbots/src/strategy/dungeons/wotlk/azjolnerub/AzjolNerubActions.cpp:6:41: warning: unused parameter 'event' [-Wunused-parameter]
#25 44.04 bool AttackWebWrapAction::Execute(Event event)
#25 44.04                                         ^
#25 44.04 /azerothcore/modules/mod-playerbots/src/strategy/dungeons/wotlk/azjolnerub/AzjolNerubActions.cpp:32:42: warning: unused parameter 'event' [-Wunused-parameter]
#25 44.04 bool WatchersTargetAction::Execute(Event event)
#25 44.04                                          ^
#25 44.04 /azerothcore/modules/mod-playerbots/src/strategy/dungeons/wotlk/azjolnerub/AzjolNerubActions.cpp:98:46: warning: unused parameter 'event' [-Wunused-parameter]
#25 44.04 bool AnubarakDodgePoundAction::Execute(Event event)
#25 44.04                                              ^
#25 44.04 4 warnings generated.
#25 44.04 [ 52%] Building CXX object src/server/scripts/CMakeFiles/scripts.dir/Kalimdor/zone_durotar.cpp.o
#25 44.07 In file included from /azerothcore/modules/mod-playerbots/src/strategy/dungeons/wotlk/azjolnerub/AzjolNerubMultipliers.cpp:2:
#25 44.07 In file included from /azerothcore/modules/mod-playerbots/src/strategy/dungeons/wotlk/azjolnerub/AzjolNerubActions.h:5:
#25 44.07 In file included from /azerothcore/modules/mod-playerbots/src/strategy/actions/AttackAction.h:9:
#25 44.07 /azerothcore/modules/mod-playerbots/src/strategy/actions/MovementActions.h:279:27: warning: comparison of integers of different signs: 'int' and 'uint32' (aka 'unsigned int') [-Wsign-compare]
#25 44.07         for (int i = 0; i < intervals; i++)
#25 44.07                         ~ ^ ~~~~~~~~~
#25 44.07 1 warning generated.
#25 44.08 [ 52%] Building CXX object src/server/game/CMakeFiles/game.dir/Scripting/ScriptDefines/AchievementScript.cpp.o
#25 44.09 [ 52%] Building CXX object src/server/scripts/CMakeFiles/scripts.dir/Kalimdor/zone_dustwallow_marsh.cpp.o
#25 44.10 [ 52%] Building CXX object src/server/scripts/CMakeFiles/scripts.dir/Kalimdor/zone_felwood.cpp.o
#25 44.21 [ 52%] Building CXX object src/server/scripts/CMakeFiles/scripts.dir/Kalimdor/zone_feralas.cpp.o
#25 44.27 [ 52%] Building CXX object src/server/game/CMakeFiles/game.dir/Scripting/ScriptDefines/AllBattlegroundScript.cpp.o
#25 44.27 [ 52%] Building CXX object src/server/game/CMakeFiles/game.dir/Scripting/ScriptDefines/AllCommandScript.cpp.o
#25 44.43 [ 52%] Building CXX object src/server/scripts/CMakeFiles/scripts.dir/Kalimdor/zone_moonglade.cpp.o
#25 44.44 [ 52%] Building CXX object src/server/scripts/CMakeFiles/scripts.dir/Kalimdor/zone_orgrimmar.cpp.o
#25 44.52 [ 52%] Building CXX object src/server/scripts/CMakeFiles/scripts.dir/Kalimdor/zone_silithus.cpp.o
#25 44.54 [ 52%] Building CXX object src/server/game/CMakeFiles/game.dir/Scripting/ScriptDefines/AllCreatureScript.cpp.o
#25 44.74 [ 52%] Building CXX object modules/CMakeFiles/modules.dir/mod-playerbots/src/strategy/dungeons/wotlk/azjolnerub/AzjolNerubStrategy.cpp.o
#25 44.75 [ 52%] Building CXX object src/server/scripts/CMakeFiles/scripts.dir/Kalimdor/zone_stonetalon_mountains.cpp.o
#25 44.81 [ 52%] Building CXX object modules/CMakeFiles/modules.dir/mod-playerbots/src/strategy/dungeons/wotlk/azjolnerub/AzjolNerubTriggers.cpp.o
#25 44.86 [ 52%] Building CXX object src/server/scripts/CMakeFiles/scripts.dir/Kalimdor/zone_tanaris.cpp.o
#25 44.94 [ 53%] Building CXX object src/server/game/CMakeFiles/game.dir/Scripting/ScriptDefines/AllGameObjectScript.cpp.o
#25 44.95 [ 53%] Building CXX object src/server/scripts/CMakeFiles/scripts.dir/Kalimdor/zone_the_barrens.cpp.o
#25 45.04 [ 53%] Building CXX object src/server/game/CMakeFiles/game.dir/Scripting/ScriptDefines/AllItemScript.cpp.o
#25 45.10 [ 53%] Building CXX object src/server/game/CMakeFiles/game.dir/Scripting/ScriptDefines/AllMapScript.cpp.o
#25 45.14 [ 53%] Building CXX object src/server/game/CMakeFiles/game.dir/Scripting/ScriptDefines/AllSpellScript.cpp.o
#25 45.25 [ 53%] Building CXX object src/server/game/CMakeFiles/game.dir/Scripting/ScriptDefines/AreaTriggerScript.cpp.o
#25 45.30 [ 53%] Building CXX object src/server/game/CMakeFiles/game.dir/Scripting/ScriptDefines/ArenaScript.cpp.o
#25 45.32 [ 53%] Building CXX object src/server/scripts/CMakeFiles/scripts.dir/Kalimdor/zone_thousand_needles.cpp.o
#25 45.35 [ 53%] Building CXX object modules/CMakeFiles/modules.dir/mod-playerbots/src/strategy/dungeons/wotlk/cullingofstratholme/CullingOfStratholmeActions.cpp.o
#25 45.44 In file included from /azerothcore/modules/mod-playerbots/src/strategy/dungeons/wotlk/cullingofstratholme/CullingOfStratholmeActions.cpp:2:
#25 45.44 In file included from /azerothcore/modules/mod-playerbots/src/strategy/dungeons/wotlk/cullingofstratholme/CullingOfStratholmeActions.h:5:
#25 45.44 In file included from /azerothcore/modules/mod-playerbots/src/strategy/actions/AttackAction.h:9:
#25 45.44 /azerothcore/modules/mod-playerbots/src/strategy/actions/MovementActions.h:279:27: warning: comparison of integers of different signs: 'int' and 'uint32' (aka 'unsigned int') [-Wsign-compare]
#25 45.44         for (int i = 0; i < intervals; i++)
#25 45.44                         ~ ^ ~~~~~~~~~
#25 45.44 /azerothcore/modules/mod-playerbots/src/strategy/dungeons/wotlk/cullingofstratholme/CullingOfStratholmeActions.cpp:5:46: warning: unused parameter 'event' [-Wunused-parameter]
#25 45.44 bool ExplodeGhoulSpreadAction::Execute(Event event)
#25 45.44                                              ^
#25 45.44 /azerothcore/modules/mod-playerbots/src/strategy/dungeons/wotlk/cullingofstratholme/CullingOfStratholmeActions.cpp:41:38: warning: unused parameter 'event' [-Wunused-parameter]
#25 45.44 bool EpochStackAction::Execute(Event event)
#25 45.44                                      ^
#25 45.44 3 warnings generated.
#25 45.46 [ 53%] Building CXX object modules/CMakeFiles/modules.dir/mod-playerbots/src/strategy/dungeons/wotlk/cullingofstratholme/CullingOfStratholmeMultipliers.cpp.o
#25 45.46 [ 53%] Building CXX object src/server/scripts/CMakeFiles/scripts.dir/Kalimdor/zone_thunder_bluff.cpp.o
#25 45.52 In file included from /azerothcore/modules/mod-playerbots/src/strategy/dungeons/wotlk/cullingofstratholme/CullingOfStratholmeMultipliers.cpp:2:
#25 45.52 In file included from /azerothcore/modules/mod-playerbots/src/strategy/dungeons/wotlk/cullingofstratholme/CullingOfStratholmeActions.h:5:
#25 45.52 In file included from /azerothcore/modules/mod-playerbots/src/strategy/actions/AttackAction.h:9:
#25 45.52 /azerothcore/modules/mod-playerbots/src/strategy/actions/MovementActions.h:279:27: warning: comparison of integers of different signs: 'int' and 'uint32' (aka 'unsigned int') [-Wsign-compare]
#25 45.52         for (int i = 0; i < intervals; i++)
#25 45.52                         ~ ^ ~~~~~~~~~
#25 45.52 1 warning generated.
#25 45.54 [ 53%] Building CXX object src/server/scripts/CMakeFiles/scripts.dir/Kalimdor/zone_ungoro_crater.cpp.o
#25 45.55 [ 53%] Building CXX object src/server/game/CMakeFiles/game.dir/Scripting/ScriptDefines/ArenaTeamScript.cpp.o
#25 45.57 [ 53%] Building CXX object modules/CMakeFiles/modules.dir/mod-playerbots/src/strategy/dungeons/wotlk/cullingofstratholme/CullingOfStratholmeStrategy.cpp.o
#25 45.62 [ 53%] Building CXX object src/server/scripts/CMakeFiles/scripts.dir/Kalimdor/zone_winterspring.cpp.o
#25 45.64 [ 53%] Building CXX object modules/CMakeFiles/modules.dir/mod-playerbots/src/strategy/dungeons/wotlk/cullingofstratholme/CullingOfStratholmeTriggers.cpp.o
#25 45.69 [ 54%] Building CXX object src/server/scripts/CMakeFiles/scripts.dir/Kalimdor/BlackfathomDeeps/instance_blackfathom_deeps.cpp.o
#25 45.70 [ 54%] Building CXX object src/server/game/CMakeFiles/game.dir/Scripting/ScriptDefines/AuctionHouseScript.cpp.o
#25 45.75 [ 54%] Building CXX object modules/CMakeFiles/modules.dir/mod-playerbots/src/strategy/dungeons/wotlk/draktharonkeep/DrakTharonKeepActions.cpp.o
#25 45.76 [ 54%] Building CXX object src/server/game/CMakeFiles/game.dir/Scripting/ScriptDefines/BattlegroundMapScript.cpp.o
#25 45.81 In file included from /azerothcore/modules/mod-playerbots/src/strategy/dungeons/wotlk/draktharonkeep/DrakTharonKeepActions.cpp:2:
#25 45.81 In file included from /azerothcore/modules/mod-playerbots/src/strategy/dungeons/wotlk/draktharonkeep/DrakTharonKeepActions.h:5:
#25 45.81 In file included from /azerothcore/modules/mod-playerbots/src/strategy/actions/AttackAction.h:9:
#25 45.81 /azerothcore/modules/mod-playerbots/src/strategy/actions/MovementActions.h:279:27: warning: comparison of integers of different signs: 'int' and 'uint32' (aka 'unsigned int') [-Wsign-compare]
#25 45.81         for (int i = 0; i < intervals; i++)
#25 45.81                         ~ ^ ~~~~~~~~~
#25 45.81 /azerothcore/modules/mod-playerbots/src/strategy/dungeons/wotlk/draktharonkeep/DrakTharonKeepActions.cpp:5:47: warning: unused parameter 'event' [-Wunused-parameter]
#25 45.81 bool CorpseExplodeSpreadAction::Execute(Event event)
#25 45.81                                               ^
#25 45.81 /azerothcore/modules/mod-playerbots/src/strategy/dungeons/wotlk/draktharonkeep/DrakTharonKeepActions.cpp:28:44: warning: unused parameter 'event' [-Wunused-parameter]
#25 45.81 bool AvoidArcaneFieldAction::Execute(Event event)
#25 45.81                                            ^
#25 45.81 /azerothcore/modules/mod-playerbots/src/strategy/dungeons/wotlk/draktharonkeep/DrakTharonKeepActions.cpp:47:48: warning: unused parameter 'event' [-Wunused-parameter]
#25 45.81 bool NovosDefaultPositionAction::Execute(Event event)
#25 45.81                                                ^
#25 45.81 /azerothcore/modules/mod-playerbots/src/strategy/dungeons/wotlk/draktharonkeep/DrakTharonKeepActions.cpp:62:47: warning: unused parameter 'event' [-Wunused-parameter]
#25 45.81 bool NovosTargetPriorityAction::Execute(Event event)
#25 45.81                                               ^
#25 45.81 5 warnings generated.
#25 45.83 [ 54%] Building CXX object src/server/scripts/CMakeFiles/scripts.dir/Kalimdor/CavernsOfTime/BattleForMountHyjal/boss_anetheron.cpp.o
#25 45.84 [ 54%] Building CXX object src/server/game/CMakeFiles/game.dir/Scripting/ScriptDefines/BattlegroundScript.cpp.o
#25 45.90 [ 54%] Building CXX object src/server/game/CMakeFiles/game.dir/Scripting/ScriptDefines/CommandScript.cpp.o
#25 45.99 [ 54%] Building CXX object src/server/game/CMakeFiles/game.dir/Scripting/ScriptDefines/ConditionScript.cpp.o
#25 46.07 [ 54%] Building CXX object modules/CMakeFiles/modules.dir/mod-playerbots/src/strategy/dungeons/wotlk/draktharonkeep/DrakTharonKeepMultipliers.cpp.o
#25 46.11 [ 54%] Building CXX object src/server/scripts/CMakeFiles/scripts.dir/Kalimdor/CavernsOfTime/BattleForMountHyjal/boss_archimonde.cpp.o
#25 46.15 In file included from /azerothcore/modules/mod-playerbots/src/strategy/dungeons/wotlk/draktharonkeep/DrakTharonKeepMultipliers.cpp:2:
#25 46.15 In file included from /azerothcore/modules/mod-playerbots/src/strategy/dungeons/wotlk/draktharonkeep/DrakTharonKeepActions.h:5:
#25 46.15 In file included from /azerothcore/modules/mod-playerbots/src/strategy/actions/AttackAction.h:9:
#25 46.15 /azerothcore/modules/mod-playerbots/src/strategy/actions/MovementActions.h:279:27: warning: comparison of integers of different signs: 'int' and 'uint32' (aka 'unsigned int') [-Wsign-compare]
#25 46.15         for (int i = 0; i < intervals; i++)
#25 46.15                         ~ ^ ~~~~~~~~~
#25 46.15 1 warning generated.
#25 46.17 [ 54%] Building CXX object src/server/game/CMakeFiles/game.dir/Scripting/ScriptDefines/CreatureScript.cpp.o
#25 46.20 [ 54%] Building CXX object modules/CMakeFiles/modules.dir/mod-playerbots/src/strategy/dungeons/wotlk/draktharonkeep/DrakTharonKeepStrategy.cpp.o
#25 46.23 [ 54%] Building CXX object modules/CMakeFiles/modules.dir/mod-playerbots/src/strategy/dungeons/wotlk/draktharonkeep/DrakTharonKeepTriggers.cpp.o
#25 46.29 [ 54%] Building CXX object src/server/scripts/CMakeFiles/scripts.dir/Kalimdor/CavernsOfTime/BattleForMountHyjal/boss_kazrogal.cpp.o
#25 46.29 [ 54%] Building CXX object modules/CMakeFiles/modules.dir/mod-playerbots/src/strategy/dungeons/wotlk/forgeofsouls/ForgeOfSoulsActions.cpp.o
#25 46.30 [ 54%] Building CXX object src/server/scripts/CMakeFiles/scripts.dir/Kalimdor/CavernsOfTime/BattleForMountHyjal/boss_azgalor.cpp.o
#25 46.41 In file included from /azerothcore/modules/mod-playerbots/src/strategy/dungeons/wotlk/forgeofsouls/ForgeOfSoulsActions.cpp:2:
#25 46.41 In file included from /azerothcore/modules/mod-playerbots/src/strategy/dungeons/wotlk/forgeofsouls/ForgeOfSoulsActions.h:5:
#25 46.41 In file included from /azerothcore/modules/mod-playerbots/src/strategy/actions/AttackAction.h:9:
#25 46.41 /azerothcore/modules/mod-playerbots/src/strategy/actions/MovementActions.h:279:27: warning: comparison of integers of different signs: 'int' and 'uint32' (aka 'unsigned int') [-Wsign-compare]
#25 46.41         for (int i = 0; i < intervals; i++)
#25 46.41                         ~ ^ ~~~~~~~~~
#25 46.41 /azerothcore/modules/mod-playerbots/src/strategy/dungeons/wotlk/forgeofsouls/ForgeOfSoulsActions.cpp:6:44: warning: unused parameter 'event' [-Wunused-parameter]
#25 46.41 bool MoveFromBronjahmAction::Execute(Event event)
#25 46.41                                            ^
#25 46.41 /azerothcore/modules/mod-playerbots/src/strategy/dungeons/wotlk/forgeofsouls/ForgeOfSoulsActions.cpp:26:11: warning: variable 'empoweredPrince' set but not used [-Wunused-but-set-variable]
#25 46.41     Unit* empoweredPrince = nullptr;
#25 46.41           ^
#25 46.41 /azerothcore/modules/mod-playerbots/src/strategy/dungeons/wotlk/forgeofsouls/ForgeOfSoulsActions.cpp:22:11: warning: unused variable 'currentTarget' [-Wunused-variable]
#25 46.41     Unit* currentTarget = AI_VALUE(Unit*, "current target");
#25 46.41           ^
#25 46.41 /azerothcore/modules/mod-playerbots/src/strategy/dungeons/wotlk/forgeofsouls/ForgeOfSoulsActions.cpp:20:55: warning: unused parameter 'event' [-Wunused-parameter]
#25 46.41 bool AttackCorruptedSoulFragmentAction::Execute(Event event)
#25 46.41                                                       ^
#25 46.41 /azerothcore/modules/mod-playerbots/src/strategy/dungeons/wotlk/forgeofsouls/ForgeOfSoulsActions.cpp:54:49: warning: unused parameter 'event' [-Wunused-parameter]
#25 46.41 bool BronjahmGroupPositionAction::Execute(Event event)
#25 46.41                                                 ^
#25 46.41 /azerothcore/modules/mod-playerbots/src/strategy/dungeons/wotlk/forgeofsouls/ForgeOfSoulsActions.cpp:144:43: warning: unused parameter 'event' [-Wunused-parameter]
#25 46.41 bool DevourerOfSoulsAction::Execute(Event event)
#25 46.41                                           ^
#25 46.41 7 warnings generated.
#25 46.44 [ 54%] Building CXX object src/server/scripts/CMakeFiles/scripts.dir/Kalimdor/CavernsOfTime/BattleForMountHyjal/boss_rage_winterchill.cpp.o
#25 46.46 [ 54%] Building CXX object modules/CMakeFiles/modules.dir/mod-playerbots/src/strategy/dungeons/wotlk/forgeofsouls/ForgeOfSoulsMultipliers.cpp.o
#25 46.55 [ 54%] Building CXX object src/server/game/CMakeFiles/game.dir/Scripting/ScriptDefines/DatabaseScript.cpp.o
#25 46.56 In file included from /azerothcore/modules/mod-playerbots/src/strategy/dungeons/wotlk/forgeofsouls/ForgeOfSoulsMultipliers.cpp:2:
#25 46.56 In file included from /azerothcore/modules/mod-playerbots/src/strategy/dungeons/wotlk/forgeofsouls/ForgeOfSoulsActions.h:5:
#25 46.56 In file included from /azerothcore/modules/mod-playerbots/src/strategy/actions/AttackAction.h:9:
#25 46.56 /azerothcore/modules/mod-playerbots/src/strategy/actions/MovementActions.h:279:27: warning: comparison of integers of different signs: 'int' and 'uint32' (aka 'unsigned int') [-Wsign-compare]
#25 46.56         for (int i = 0; i < intervals; i++)
#25 46.56                         ~ ^ ~~~~~~~~~
#25 46.56 1 warning generated.
#25 46.60 [ 54%] Building CXX object src/server/game/CMakeFiles/game.dir/Scripting/ScriptDefines/DynamicObjectScript.cpp.o
#25 46.64 [ 54%] Building CXX object src/server/scripts/CMakeFiles/scripts.dir/Kalimdor/CavernsOfTime/BattleForMountHyjal/hyjal.cpp.o
#25 46.67 [ 55%] Building CXX object modules/CMakeFiles/modules.dir/mod-playerbots/src/strategy/dungeons/wotlk/forgeofsouls/ForgeOfSoulsStrategy.cpp.o
#25 46.73 [ 55%] Building CXX object modules/CMakeFiles/modules.dir/mod-playerbots/src/strategy/dungeons/wotlk/forgeofsouls/ForgeOfSoulsTriggers.cpp.o
#25 46.82 [ 55%] Building CXX object src/server/scripts/CMakeFiles/scripts.dir/Kalimdor/CavernsOfTime/BattleForMountHyjal/instance_hyjal.cpp.o
#25 46.82 [ 55%] Building CXX object modules/CMakeFiles/modules.dir/mod-playerbots/src/strategy/dungeons/wotlk/gundrak/GundrakActions.cpp.o
#25 46.85 [ 55%] Building CXX object src/server/game/CMakeFiles/game.dir/Scripting/ScriptDefines/FormulaScript.cpp.o
#25 46.90 [ 55%] Building CXX object src/server/scripts/CMakeFiles/scripts.dir/Kalimdor/CavernsOfTime/CullingOfStratholme/boss_epoch.cpp.o
#25 46.91 In file included from /azerothcore/modules/mod-playerbots/src/strategy/dungeons/wotlk/gundrak/GundrakActions.cpp:2:
#25 46.91 In file included from /azerothcore/modules/mod-playerbots/src/strategy/dungeons/wotlk/gundrak/GundrakActions.h:5:
#25 46.91 In file included from /azerothcore/modules/mod-playerbots/src/strategy/actions/AttackAction.h:9:
#25 46.91 /azerothcore/modules/mod-playerbots/src/strategy/actions/MovementActions.h:279:27: warning: comparison of integers of different signs: 'int' and 'uint32' (aka 'unsigned int') [-Wsign-compare]
#25 46.91         for (int i = 0; i < intervals; i++)
#25 46.91                         ~ ^ ~~~~~~~~~
#25 46.91 /azerothcore/modules/mod-playerbots/src/strategy/dungeons/wotlk/gundrak/GundrakActions.cpp:5:43: warning: unused parameter 'event' [-Wunused-parameter]
#25 46.91 bool AvoidPoisonNovaAction::Execute(Event event)
#25 46.91                                           ^
#25 46.91 /azerothcore/modules/mod-playerbots/src/strategy/dungeons/wotlk/gundrak/GundrakActions.cpp:27:11: warning: unused variable 'snakeWrap' [-Wunused-variable]
#25 46.91     Unit* snakeWrap = nullptr;
#25 46.91           ^
#25 46.91 /azerothcore/modules/mod-playerbots/src/strategy/dungeons/wotlk/gundrak/GundrakActions.cpp:22:43: warning: unused parameter 'event' [-Wunused-parameter]
#25 46.91 bool AttackSnakeWrapAction::Execute(Event event)
#25 46.91                                           ^
#25 46.91 /azerothcore/modules/mod-playerbots/src/strategy/dungeons/wotlk/gundrak/GundrakActions.cpp:48:46: warning: unused parameter 'event' [-Wunused-parameter]
#25 46.91 bool AvoidWhirlingSlashAction::Execute(Event event)
#25 46.91                                              ^
#25 46.91 5 warnings generated.
#25 46.94 [ 55%] Building CXX object modules/CMakeFiles/modules.dir/mod-playerbots/src/strategy/dungeons/wotlk/gundrak/GundrakMultipliers.cpp.o
#25 47.00 In file included from /azerothcore/modules/mod-playerbots/src/strategy/dungeons/wotlk/gundrak/GundrakMultipliers.cpp:2:
#25 47.00 In file included from /azerothcore/modules/mod-playerbots/src/strategy/dungeons/wotlk/gundrak/GundrakActions.h:5:
#25 47.00 In file included from /azerothcore/modules/mod-playerbots/src/strategy/actions/AttackAction.h:9:
#25 47.00 /azerothcore/modules/mod-playerbots/src/strategy/actions/MovementActions.h:279:27: warning: comparison of integers of different signs: 'int' and 'uint32' (aka 'unsigned int') [-Wsign-compare]
#25 47.00         for (int i = 0; i < intervals; i++)
#25 47.00                         ~ ^ ~~~~~~~~~
#25 47.00 1 warning generated.
#25 47.01 [ 55%] Building CXX object modules/CMakeFiles/modules.dir/mod-playerbots/src/strategy/dungeons/wotlk/gundrak/GundrakStrategy.cpp.o
#25 47.07 [ 55%] Building CXX object modules/CMakeFiles/modules.dir/mod-playerbots/src/strategy/dungeons/wotlk/gundrak/GundrakTriggers.cpp.o
#25 47.14 [ 55%] Building CXX object src/server/game/CMakeFiles/game.dir/Scripting/ScriptDefines/GameEventScript.cpp.o
#25 47.18 [ 56%] Building CXX object src/server/game/CMakeFiles/game.dir/Scripting/ScriptDefines/GameObjectScript.cpp.o
#25 47.21 [ 56%] Building CXX object src/server/game/CMakeFiles/game.dir/Scripting/ScriptDefines/GlobalScript.cpp.o
#25 47.24 [ 56%] Building CXX object src/server/scripts/CMakeFiles/scripts.dir/Kalimdor/CavernsOfTime/CullingOfStratholme/boss_infinite.cpp.o
#25 47.34 [ 56%] Building CXX object src/server/scripts/CMakeFiles/scripts.dir/Kalimdor/CavernsOfTime/CullingOfStratholme/boss_mal_ganis.cpp.o
#25 47.41 [ 56%] Building CXX object src/server/scripts/CMakeFiles/scripts.dir/Kalimdor/CavernsOfTime/CullingOfStratholme/boss_meathook.cpp.o
#25 47.42 [ 56%] Building CXX object modules/CMakeFiles/modules.dir/mod-playerbots/src/strategy/dungeons/wotlk/hallsoflightning/HallsOfLightningActions.cpp.o
#25 47.49 [ 56%] Building CXX object src/server/game/CMakeFiles/game.dir/Scripting/ScriptDefines/GroupScript.cpp.o
#25 47.51 In file included from /azerothcore/modules/mod-playerbots/src/strategy/dungeons/wotlk/hallsoflightning/HallsOfLightningActions.cpp:2:
#25 47.51 In file included from /azerothcore/modules/mod-playerbots/src/strategy/dungeons/wotlk/hallsoflightning/HallsOfLightningActions.h:5:
#25 47.51 In file included from /azerothcore/modules/mod-playerbots/src/strategy/actions/AttackAction.h:9:
#25 47.51 /azerothcore/modules/mod-playerbots/src/strategy/actions/MovementActions.h:279:27: warning: comparison of integers of different signs: 'int' and 'uint32' (aka 'unsigned int') [-Wsign-compare]
#25 47.51         for (int i = 0; i < intervals; i++)
#25 47.51                         ~ ^ ~~~~~~~~~
#25 47.51 /azerothcore/modules/mod-playerbots/src/strategy/dungeons/wotlk/hallsoflightning/HallsOfLightningActions.cpp:5:43: warning: unused parameter 'event' [-Wunused-parameter]
#25 47.51 bool BjarngrimTargetAction::Execute(Event event)
#25 47.51                                           ^
#25 47.51 /azerothcore/modules/mod-playerbots/src/strategy/dungeons/wotlk/hallsoflightning/HallsOfLightningActions.cpp:38:42: warning: unused parameter 'event' [-Wunused-parameter]
#25 47.51 bool AvoidWhirlwindAction::Execute(Event event)
#25 47.51                                          ^
#25 47.51 /azerothcore/modules/mod-playerbots/src/strategy/dungeons/wotlk/hallsoflightning/HallsOfLightningActions.cpp:55:41: warning: unused parameter 'event' [-Wunused-parameter]
#25 47.51 bool VolkhanTargetAction::Execute(Event event)
#25 47.51                                         ^
#25 47.51 /azerothcore/modules/mod-playerbots/src/strategy/dungeons/wotlk/hallsoflightning/HallsOfLightningActions.cpp:66:48: warning: unused parameter 'event' [-Wunused-parameter]
#25 47.51 bool StaticOverloadSpreadAction::Execute(Event event)
#25 47.51                                                ^
#25 47.51 /azerothcore/modules/mod-playerbots/src/strategy/dungeons/wotlk/hallsoflightning/HallsOfLightningActions.cpp:89:47: warning: unused parameter 'event' [-Wunused-parameter]
#25 47.51 bool BallLightningSpreadAction::Execute(Event event)
#25 47.51                                               ^
#25 47.51 /azerothcore/modules/mod-playerbots/src/strategy/dungeons/wotlk/hallsoflightning/HallsOfLightningActions.cpp:111:45: warning: unused parameter 'event' [-Wunused-parameter]
#25 47.51 bool IonarTankPositionAction::Execute(Event event)
#25 47.51                                             ^
#25 47.51 /azerothcore/modules/mod-playerbots/src/strategy/dungeons/wotlk/hallsoflightning/HallsOfLightningActions.cpp:118:44: warning: unused parameter 'event' [-Wunused-parameter]
#25 47.51 bool DispersePositionAction::Execute(Event event)
#25 47.51                                            ^
#25 47.51 /azerothcore/modules/mod-playerbots/src/strategy/dungeons/wotlk/hallsoflightning/HallsOfLightningActions.cpp:136:38: warning: unused parameter 'event' [-Wunused-parameter]
#25 47.51 bool LokenStackAction::Execute(Event event)
#25 47.51                                      ^
#25 47.51 /azerothcore/modules/mod-playerbots/src/strategy/dungeons/wotlk/hallsoflightning/HallsOfLightningActions.cpp:155:46: warning: unused parameter 'event' [-Wunused-parameter]
#25 47.51 bool AvoidLightningNovaAction::Execute(Event event)
#25 47.51                                              ^
#25 47.51 10 warnings generated.
#25 47.54 [ 56%] Building CXX object modules/CMakeFiles/modules.dir/mod-playerbots/src/strategy/dungeons/wotlk/hallsoflightning/HallsOfLightningMultipliers.cpp.o
#25 47.58 [ 56%] Building CXX object src/server/scripts/CMakeFiles/scripts.dir/Kalimdor/CavernsOfTime/CullingOfStratholme/boss_salramm.cpp.o
#25 47.60 In file included from /azerothcore/modules/mod-playerbots/src/strategy/dungeons/wotlk/hallsoflightning/HallsOfLightningMultipliers.cpp:2:
#25 47.60 In file included from /azerothcore/modules/mod-playerbots/src/strategy/dungeons/wotlk/hallsoflightning/HallsOfLightningActions.h:5:
#25 47.60 In file included from /azerothcore/modules/mod-playerbots/src/strategy/actions/AttackAction.h:9:
#25 47.60 /azerothcore/modules/mod-playerbots/src/strategy/actions/MovementActions.h:279:27: warning: comparison of integers of different signs: 'int' and 'uint32' (aka 'unsigned int') [-Wsign-compare]
#25 47.60         for (int i = 0; i < intervals; i++)
#25 47.60                         ~ ^ ~~~~~~~~~
#25 47.60 1 warning generated.
#25 47.63 [ 56%] Building CXX object modules/CMakeFiles/modules.dir/mod-playerbots/src/strategy/dungeons/wotlk/hallsoflightning/HallsOfLightningTriggers.cpp.o
#25 47.63 [ 56%] Building CXX object modules/CMakeFiles/modules.dir/mod-playerbots/src/strategy/dungeons/wotlk/hallsoflightning/HallsOfLightningStrategy.cpp.o
#25 47.72 [ 56%] Building CXX object src/server/game/CMakeFiles/game.dir/Scripting/ScriptDefines/GuildScript.cpp.o
#25 47.75 [ 56%] Building CXX object src/server/scripts/CMakeFiles/scripts.dir/Kalimdor/CavernsOfTime/CullingOfStratholme/culling_of_stratholme.cpp.o
#25 47.77 [ 56%] Building CXX object src/server/game/CMakeFiles/game.dir/Scripting/ScriptDefines/InstanceMapScript.cpp.o
#25 47.87 [ 56%] Building CXX object modules/CMakeFiles/modules.dir/mod-playerbots/src/strategy/dungeons/wotlk/hallsofstone/HallsOfStoneActions.cpp.o
#25 47.93 [ 56%] Building CXX object modules/CMakeFiles/modules.dir/mod-playerbots/src/strategy/dungeons/wotlk/hallsofstone/HallsOfStoneMultipliers.cpp.o
#25 47.97 In file included from /azerothcore/modules/mod-playerbots/src/strategy/dungeons/wotlk/hallsofstone/HallsOfStoneActions.cpp:2:
#25 47.97 In file included from /azerothcore/modules/mod-playerbots/src/strategy/dungeons/wotlk/hallsofstone/HallsOfStoneActions.h:5:
#25 47.97 In file included from /azerothcore/modules/mod-playerbots/src/strategy/actions/AttackAction.h:9:
#25 47.97 /azerothcore/modules/mod-playerbots/src/strategy/actions/MovementActions.h:279:27: warning: comparison of integers of different signs: 'int' and 'uint32' (aka 'unsigned int') [-Wsign-compare]
#25 47.97         for (int i = 0; i < intervals; i++)
#25 47.97                         ~ ^ ~~~~~~~~~
#25 47.97 /azerothcore/modules/mod-playerbots/src/strategy/dungeons/wotlk/hallsofstone/HallsOfStoneActions.cpp:5:41: warning: unused parameter 'event' [-Wunused-parameter]
#25 47.97 bool ShatterSpreadAction::Execute(Event event)
#25 47.97                                         ^
#25 47.97 /azerothcore/modules/mod-playerbots/src/strategy/dungeons/wotlk/hallsofstone/HallsOfStoneActions.cpp:38:46: warning: unused parameter 'event' [-Wunused-parameter]
#25 47.97 bool AvoidLightningRingAction::Execute(Event event)
#25 47.97                                              ^
#25 47.97 3 warnings generated.
#25 48.01 [ 56%] Building CXX object modules/CMakeFiles/modules.dir/mod-playerbots/src/strategy/dungeons/wotlk/hallsofstone/HallsOfStoneStrategy.cpp.o
#25 48.06 In file included from /azerothcore/modules/mod-playerbots/src/strategy/dungeons/wotlk/hallsofstone/HallsOfStoneMultipliers.cpp:2:
#25 48.06 In file included from /azerothcore/modules/mod-playerbots/src/strategy/dungeons/wotlk/hallsofstone/HallsOfStoneActions.h:5:
#25 48.06 In file included from /azerothcore/modules/mod-playerbots/src/strategy/actions/AttackAction.h:9:
#25 48.06 /azerothcore/modules/mod-playerbots/src/strategy/actions/MovementActions.h:279:27: warning: comparison of integers of different signs: 'int' and 'uint32' (aka 'unsigned int') [-Wsign-compare]
#25 48.06         for (int i = 0; i < intervals; i++)
#25 48.06                         ~ ^ ~~~~~~~~~
#25 48.06 1 warning generated.
#25 48.07 [ 56%] Building CXX object src/server/scripts/CMakeFiles/scripts.dir/Kalimdor/CavernsOfTime/CullingOfStratholme/instance_culling_of_stratholme.cpp.o
#25 48.11 [ 56%] Building CXX object src/server/game/CMakeFiles/game.dir/Scripting/ScriptDefines/LootScript.cpp.o
#25 48.11 [ 56%] Building CXX object src/server/scripts/CMakeFiles/scripts.dir/Kalimdor/CavernsOfTime/EscapeFromDurnholdeKeep/boss_captain_skarloc.cpp.o
#25 48.12 [ 56%] Building CXX object src/server/game/CMakeFiles/game.dir/Scripting/ScriptDefines/MailScript.cpp.o
#25 48.31 [ 56%] Building CXX object modules/CMakeFiles/modules.dir/mod-playerbots/src/strategy/dungeons/wotlk/hallsofstone/HallsOfStoneTriggers.cpp.o
#25 48.31 [ 56%] Building CXX object src/server/scripts/CMakeFiles/scripts.dir/Kalimdor/CavernsOfTime/EscapeFromDurnholdeKeep/boss_epoch_hunter.cpp.o
#25 48.40 [ 57%] Building CXX object src/server/scripts/CMakeFiles/scripts.dir/Kalimdor/CavernsOfTime/EscapeFromDurnholdeKeep/boss_lieutenant_drake.cpp.o
#25 48.45 [ 57%] Building CXX object src/server/game/CMakeFiles/game.dir/Scripting/ScriptDefines/MiscScript.cpp.o
#25 48.47 [ 57%] Building CXX object src/server/game/CMakeFiles/game.dir/Scripting/ScriptDefines/ModuleScript.cpp.o
#25 48.53 [ 57%] Building CXX object src/server/game/CMakeFiles/game.dir/Scripting/ScriptDefines/MovementHandlerScript.cpp.o
#25 48.65 [ 57%] Building CXX object src/server/scripts/CMakeFiles/scripts.dir/Kalimdor/CavernsOfTime/EscapeFromDurnholdeKeep/instance_old_hillsbrad.cpp.o
#25 48.70 [ 57%] Building CXX object src/server/game/CMakeFiles/game.dir/Scripting/ScriptDefines/OutdoorPvPScript.cpp.o
#25 48.74 [ 57%] Building CXX object src/server/game/CMakeFiles/game.dir/Scripting/ScriptDefines/PetScript.cpp.o
#25 48.76 [ 57%] Building CXX object modules/CMakeFiles/modules.dir/mod-playerbots/src/strategy/dungeons/wotlk/nexus/NexusActions.cpp.o
#25 48.85 [ 57%] Building CXX object src/server/scripts/CMakeFiles/scripts.dir/Kalimdor/CavernsOfTime/EscapeFromDurnholdeKeep/old_hillsbrad.cpp.o
#25 48.86 In file included from /azerothcore/modules/mod-playerbots/src/strategy/dungeons/wotlk/nexus/NexusActions.cpp:2:
#25 48.86 In file included from /azerothcore/modules/mod-playerbots/src/strategy/dungeons/wotlk/nexus/NexusActions.h:5:
#25 48.86 In file included from /azerothcore/modules/mod-playerbots/src/strategy/actions/AttackAction.h:9:
#25 48.86 /azerothcore/modules/mod-playerbots/src/strategy/actions/MovementActions.h:279:27: warning: comparison of integers of different signs: 'int' and 'uint32' (aka 'unsigned int') [-Wsign-compare]
#25 48.86         for (int i = 0; i < intervals; i++)
#25 48.86                         ~ ^ ~~~~~~~~~
#25 48.86 /azerothcore/modules/mod-playerbots/src/strategy/dungeons/wotlk/nexus/NexusActions.cpp:5:45: warning: unused parameter 'event' [-Wunused-parameter]
#25 48.86 bool MoveFromWhirlwindAction::Execute(Event event)
#25 48.86                                             ^
#25 48.86 /azerothcore/modules/mod-playerbots/src/strategy/dungeons/wotlk/nexus/NexusActions.cpp:55:42: warning: unused parameter 'event' [-Wunused-parameter]
#25 48.86 bool FirebombSpreadAction::Execute(Event event)
#25 48.86                                          ^
#25 48.86 /azerothcore/modules/mod-playerbots/src/strategy/dungeons/wotlk/nexus/NexusActions.cpp:77:47: warning: unused parameter 'event' [-Wunused-parameter]
#25 48.86 bool TelestraSplitTargetAction::Execute(Event event)
#25 48.86                                               ^
#25 48.86 /azerothcore/modules/mod-playerbots/src/strategy/dungeons/wotlk/nexus/NexusActions.cpp:124:45: warning: unused parameter 'event' [-Wunused-parameter]
#25 48.86 bool ChaoticRiftTargetAction::Execute(Event event)
#25 48.86                                             ^
#25 48.86 /azerothcore/modules/mod-playerbots/src/strategy/dungeons/wotlk/nexus/NexusActions.cpp:155:39: warning: unused parameter 'event' [-Wunused-parameter]
#25 48.86 bool DodgeSpikesAction::Execute(Event event)
#25 48.86                                       ^
#25 48.86 /azerothcore/modules/mod-playerbots/src/strategy/dungeons/wotlk/nexus/NexusActions.cpp:163:43: warning: unused parameter 'event' [-Wunused-parameter]
#25 48.86 bool IntenseColdJumpAction::Execute(Event event)
#25 48.86                                           ^
#25 48.86 7 warnings generated.
#25 48.88 [ 57%] Building CXX object modules/CMakeFiles/modules.dir/mod-playerbots/src/strategy/dungeons/wotlk/nexus/NexusMultipliers.cpp.o
#25 48.94 [ 57%] Building CXX object src/server/scripts/CMakeFiles/scripts.dir/Kalimdor/CavernsOfTime/TheBlackMorass/boss_aeonus.cpp.o
#25 48.96 In file included from /azerothcore/modules/mod-playerbots/src/strategy/dungeons/wotlk/nexus/NexusMultipliers.cpp:2:
#25 48.96 In file included from /azerothcore/modules/mod-playerbots/src/strategy/dungeons/wotlk/nexus/NexusActions.h:5:
#25 48.96 In file included from /azerothcore/modules/mod-playerbots/src/strategy/actions/AttackAction.h:9:
#25 48.96 /azerothcore/modules/mod-playerbots/src/strategy/actions/MovementActions.h:279:27: warning: comparison of integers of different signs: 'int' and 'uint32' (aka 'unsigned int') [-Wsign-compare]
#25 48.96         for (int i = 0; i < intervals; i++)
#25 48.96                         ~ ^ ~~~~~~~~~
#25 48.96 1 warning generated.
#25 48.99 [ 57%] Building CXX object src/server/scripts/CMakeFiles/scripts.dir/Kalimdor/CavernsOfTime/TheBlackMorass/boss_chrono_lord_deja.cpp.o
#25 49.02 [ 57%] Building CXX object src/server/game/CMakeFiles/game.dir/Scripting/ScriptDefines/PlayerScript.cpp.o
#25 49.15 [ 57%] Building CXX object src/server/scripts/CMakeFiles/scripts.dir/Kalimdor/CavernsOfTime/TheBlackMorass/boss_temporus.cpp.o
#25 49.25 [ 57%] Building CXX object src/server/game/CMakeFiles/game.dir/Scripting/ScriptDefines/PlayerbotsScript.cpp.o
#25 49.26 [ 57%] Building CXX object src/server/scripts/CMakeFiles/scripts.dir/Kalimdor/CavernsOfTime/TheBlackMorass/instance_the_black_morass.cpp.o
#25 49.29 [ 57%] Building CXX object src/server/game/CMakeFiles/game.dir/Scripting/ScriptDefines/ServerScript.cpp.o
#25 49.37 [ 57%] Building CXX object modules/CMakeFiles/modules.dir/mod-playerbots/src/strategy/dungeons/wotlk/nexus/NexusStrategy.cpp.o
#25 49.42 [ 57%] Building CXX object src/server/scripts/CMakeFiles/scripts.dir/Kalimdor/CavernsOfTime/TheBlackMorass/the_black_morass.cpp.o
#25 49.48 [ 58%] Building CXX object modules/CMakeFiles/modules.dir/mod-playerbots/src/strategy/dungeons/wotlk/nexus/NexusTriggers.cpp.o
#25 49.53 [ 58%] Building CXX object modules/CMakeFiles/modules.dir/mod-playerbots/src/strategy/dungeons/wotlk/oculus/OculusActions.cpp.o
#25 49.55 [ 58%] Building CXX object src/server/game/CMakeFiles/game.dir/Scripting/ScriptDefines/SpellScriptLoader.cpp.o
#25 49.62 [ 58%] Building CXX object src/server/scripts/CMakeFiles/scripts.dir/Kalimdor/DireMaul/boss_isalien.cpp.o
#25 49.63 In file included from /azerothcore/modules/mod-playerbots/src/strategy/dungeons/wotlk/oculus/OculusActions.cpp:2:
#25 49.63 In file included from /azerothcore/modules/mod-playerbots/src/strategy/dungeons/wotlk/oculus/OculusActions.h:5:
#25 49.63 In file included from /azerothcore/modules/mod-playerbots/src/strategy/actions/AttackAction.h:9:
#25 49.63 /azerothcore/modules/mod-playerbots/src/strategy/actions/MovementActions.h:279:27: warning: comparison of integers of different signs: 'int' and 'uint32' (aka 'unsigned int') [-Wsign-compare]
#25 49.63         for (int i = 0; i < intervals; i++)
#25 49.63                         ~ ^ ~~~~~~~~~
#25 49.63 /azerothcore/modules/mod-playerbots/src/strategy/dungeons/wotlk/oculus/OculusActions.cpp:6:47: warning: unused parameter 'event' [-Wunused-parameter]
#25 49.63 bool AvoidUnstableSphereAction::Execute(Event event)
#25 49.63                                               ^
#25 49.63 /azerothcore/modules/mod-playerbots/src/strategy/dungeons/wotlk/oculus/OculusActions.cpp:37:38: warning: unused parameter 'event' [-Wunused-parameter]
#25 49.63 bool MountDrakeAction::Execute(Event event)
#25 49.63                                      ^
#25 49.63 /azerothcore/modules/mod-playerbots/src/strategy/dungeons/wotlk/oculus/OculusActions.cpp:71:27: warning: comparison of integers of different signs: 'int' and 'std::vector::size_type' (aka 'unsigned long') [-Wsign-compare]
#25 49.63         for (int i = 0; i < composition.size(); i++)
#25 49.63                         ~ ^ ~~~~~~~~~~~~~~~~~~
#25 49.63 /azerothcore/modules/mod-playerbots/src/strategy/dungeons/wotlk/oculus/OculusActions.cpp:88:20: warning: comparison of integers of different signs: 'uint32' (aka 'unsigned int') and 'std::map<int, int>::mapped_type' (aka 'int') [-Wsign-compare]
#25 49.63         if (itemId == drakeAssignments[myIndex])
#25 49.63             ~~~~~~ ^  ~~~~~~~~~~~~~~~~~~~~~~~~~
#25 49.63 /azerothcore/modules/mod-playerbots/src/strategy/dungeons/wotlk/oculus/OculusActions.cpp:104:41: warning: unused parameter 'event' [-Wunused-parameter]
#25 49.63 bool DismountDrakeAction::Execute(Event event)
#25 49.63                                         ^
#25 49.63 /azerothcore/modules/mod-playerbots/src/strategy/dungeons/wotlk/oculus/OculusActions.cpp:114:39: warning: unused parameter 'event' [-Wunused-parameter]
#25 49.63 bool OccFlyDrakeAction::Execute(Event event)
#25 49.63                                       ^
#25 49.63 /azerothcore/modules/mod-playerbots/src/strategy/dungeons/wotlk/oculus/OculusActions.cpp:155:42: warning: unused parameter 'event' [-Wunused-parameter]
#25 49.63 bool OccDrakeAttackAction::Execute(Event event)
#25 49.63                                          ^
#25 49.63 /azerothcore/modules/mod-playerbots/src/strategy/dungeons/wotlk/oculus/OculusActions.cpp:314:48: warning: unused parameter 'event' [-Wunused-parameter]
#25 49.63 bool AvoidArcaneExplosionAction::Execute(Event event)
#25 49.63                                                ^
#25 49.63 /azerothcore/modules/mod-playerbots/src/strategy/dungeons/wotlk/oculus/OculusActions.cpp:334:42: warning: unused parameter 'event' [-Wunused-parameter]
#25 49.63 bool TimeBombSpreadAction::Execute(Event event)
#25 49.63                                          ^
#25 49.63 10 warnings generated.
#25 49.65 [ 58%] Building CXX object modules/CMakeFiles/modules.dir/mod-playerbots/src/strategy/dungeons/wotlk/oculus/OculusMultipliers.cpp.o
#25 49.69 In file included from /azerothcore/modules/mod-playerbots/src/strategy/dungeons/wotlk/oculus/OculusMultipliers.cpp:2:
#25 49.69 In file included from /azerothcore/modules/mod-playerbots/src/strategy/dungeons/wotlk/oculus/OculusActions.h:5:
#25 49.69 In file included from /azerothcore/modules/mod-playerbots/src/strategy/actions/AttackAction.h:9:
#25 49.69 /azerothcore/modules/mod-playerbots/src/strategy/actions/MovementActions.h:279:27: warning: comparison of integers of different signs: 'int' and 'uint32' (aka 'unsigned int') [-Wsign-compare]
#25 49.69         for (int i = 0; i < intervals; i++)
#25 49.69                         ~ ^ ~~~~~~~~~
#25 49.69 /azerothcore/modules/mod-playerbots/src/strategy/dungeons/wotlk/oculus/OculusMultipliers.cpp:106:42: warning: converting the enum constant to a boolean [-Wint-in-bool-context]
#25 49.69     if (boss->HasAura(SPELL_PLANAR_SHIFT && dynamic_cast<OccDrakeAttackAction*>(action)))
#25 49.69                                          ^
#25 49.69 2 warnings generated.
#25 49.70 [ 58%] Building CXX object src/server/scripts/CMakeFiles/scripts.dir/Kalimdor/DireMaul/instance_dire_maul.cpp.o
#25 49.73 [ 58%] Building CXX object modules/CMakeFiles/modules.dir/mod-playerbots/src/strategy/dungeons/wotlk/oculus/OculusStrategy.cpp.o
#25 49.86 [ 58%] Building CXX object modules/CMakeFiles/modules.dir/mod-playerbots/src/strategy/dungeons/wotlk/oculus/OculusTriggers.cpp.o
#25 49.88 [ 58%] Building CXX object src/server/scripts/CMakeFiles/scripts.dir/Kalimdor/Maraudon/instance_maraudon.cpp.o
#25 49.90 [ 58%] Building CXX object src/server/game/CMakeFiles/game.dir/Scripting/ScriptDefines/TicketScript.cpp.o
#25 49.97 [ 59%] Building CXX object src/server/game/CMakeFiles/game.dir/Scripting/ScriptDefines/TransportScript.cpp.o
#25 49.97 [ 59%] Building CXX object src/server/game/CMakeFiles/game.dir/Scripting/ScriptDefines/UnitScript.cpp.o
#25 50.11 [ 59%] Building CXX object src/server/game/CMakeFiles/game.dir/Scripting/ScriptDefines/VehicleScript.cpp.o
#25 50.16 [ 59%] Building CXX object src/server/scripts/CMakeFiles/scripts.dir/Kalimdor/OnyxiasLair/boss_onyxia.cpp.o
#25 50.27 [ 59%] Building CXX object modules/CMakeFiles/modules.dir/mod-playerbots/src/strategy/dungeons/wotlk/oldkingdom/OldKingdomActions.cpp.o
#25 50.28 [ 59%] Building CXX object src/server/game/CMakeFiles/game.dir/Scripting/ScriptDefines/WeatherScript.cpp.o
#25 50.40 [ 59%] Building CXX object src/server/scripts/CMakeFiles/scripts.dir/Kalimdor/OnyxiasLair/instance_onyxias_lair.cpp.o
#25 50.45 In file included from /azerothcore/modules/mod-playerbots/src/strategy/dungeons/wotlk/oldkingdom/OldKingdomActions.cpp:2:
#25 50.45 In file included from /azerothcore/modules/mod-playerbots/src/strategy/dungeons/wotlk/oldkingdom/OldKingdomActions.h:5:
#25 50.45 In file included from /azerothcore/modules/mod-playerbots/src/strategy/actions/AttackAction.h:9:
#25 50.45 /azerothcore/modules/mod-playerbots/src/strategy/actions/MovementActions.h:279:27: warning: comparison of integers of different signs: 'int' and 'uint32' (aka 'unsigned int') [-Wsign-compare]
#25 50.45         for (int i = 0; i < intervals; i++)
#25 50.45                         ~ ^ ~~~~~~~~~
#25 50.45 /azerothcore/modules/mod-playerbots/src/strategy/dungeons/wotlk/oldkingdom/OldKingdomActions.cpp:5:47: warning: unused parameter 'event' [-Wunused-parameter]
#25 50.45 bool AttackNadoxGuardianAction::Execute(Event event)
#25 50.45                                               ^
#25 50.45 /azerothcore/modules/mod-playerbots/src/strategy/dungeons/wotlk/oldkingdom/OldKingdomActions.cpp:15:49: warning: unused parameter 'event' [-Wunused-parameter]
#25 50.45 bool AttackJedogaVolunteerAction::Execute(Event event)
#25 50.45                                                 ^
#25 50.45 /azerothcore/modules/mod-playerbots/src/strategy/dungeons/wotlk/oldkingdom/OldKingdomActions.cpp:43:44: warning: unused parameter 'event' [-Wunused-parameter]
#25 50.45 bool AvoidShadowCrashAction::Execute(Event event)
#25 50.45                                            ^
#25 50.45 4 warnings generated.
#25 50.46 [ 59%] Building CXX object src/server/game/CMakeFiles/game.dir/Scripting/ScriptDefines/WorldMapScript.cpp.o
#25 50.49 [ 59%] Building CXX object modules/CMakeFiles/modules.dir/mod-playerbots/src/strategy/dungeons/wotlk/oldkingdom/OldKingdomMultipliers.cpp.o
#25 50.54 [ 59%] Building CXX object src/server/scripts/CMakeFiles/scripts.dir/Kalimdor/RagefireChasm/instance_ragefire_chasm.cpp.o
#25 50.58 [ 59%] Building CXX object src/server/scripts/CMakeFiles/scripts.dir/Kalimdor/RazorfenDowns/instance_razorfen_downs.cpp.o
#25 50.59 In file included from /azerothcore/modules/mod-playerbots/src/strategy/dungeons/wotlk/oldkingdom/OldKingdomMultipliers.cpp:2:
#25 50.59 In file included from /azerothcore/modules/mod-playerbots/src/strategy/dungeons/wotlk/oldkingdom/OldKingdomActions.h:5:
#25 50.59 In file included from /azerothcore/modules/mod-playerbots/src/strategy/actions/AttackAction.h:9:
#25 50.59 /azerothcore/modules/mod-playerbots/src/strategy/actions/MovementActions.h:279:27: warning: comparison of integers of different signs: 'int' and 'uint32' (aka 'unsigned int') [-Wsign-compare]
#25 50.59         for (int i = 0; i < intervals; i++)
#25 50.59                         ~ ^ ~~~~~~~~~
#25 50.59 1 warning generated.
#25 50.62 [ 59%] Building CXX object modules/CMakeFiles/modules.dir/mod-playerbots/src/strategy/dungeons/wotlk/oldkingdom/OldKingdomStrategy.cpp.o
#25 50.64 [ 59%] Building CXX object src/server/game/CMakeFiles/game.dir/Scripting/ScriptDefines/WorldObjectScript.cpp.o
#25 50.72 [ 59%] Building CXX object modules/CMakeFiles/modules.dir/mod-playerbots/src/strategy/dungeons/wotlk/oldkingdom/OldKingdomTriggers.cpp.o
#25 50.78 [ 59%] Building CXX object src/server/game/CMakeFiles/game.dir/Scripting/ScriptDefines/WorldScript.cpp.o
#25 50.78 [ 59%] Building CXX object src/server/scripts/CMakeFiles/scripts.dir/Kalimdor/RazorfenDowns/razorfen_downs.cpp.o
#25 50.80 [ 59%] Building CXX object src/server/scripts/CMakeFiles/scripts.dir/Kalimdor/RazorfenKraul/instance_razorfen_kraul.cpp.o
#25 50.91 [ 59%] Building CXX object modules/CMakeFiles/modules.dir/mod-playerbots/src/strategy/dungeons/wotlk/pitofsaron/PitOfSaronActions.cpp.o
#25 50.92 [ 59%] Building CXX object src/server/game/CMakeFiles/game.dir/Server/Packet.cpp.o
#25 50.95 In file included from /azerothcore/modules/mod-playerbots/src/strategy/dungeons/wotlk/pitofsaron/PitOfSaronActions.cpp:2:
#25 50.95 In file included from /azerothcore/modules/mod-playerbots/src/strategy/dungeons/wotlk/pitofsaron/PitOfSaronActions.h:5:
#25 50.95 In file included from /azerothcore/modules/mod-playerbots/src/strategy/actions/AttackAction.h:9:
#25 50.95 /azerothcore/modules/mod-playerbots/src/strategy/actions/MovementActions.h:279:27: warning: comparison of integers of different signs: 'int' and 'uint32' (aka 'unsigned int') [-Wsign-compare]
#25 50.95         for (int i = 0; i < intervals; i++)
#25 50.95                         ~ ^ ~~~~~~~~~
#25 50.95 /azerothcore/modules/mod-playerbots/src/strategy/dungeons/wotlk/pitofsaron/PitOfSaronActions.cpp:29:75: warning: '&&' within '||' [-Wlogical-op-parentheses]
#25 50.95     bool explosiveBarrage = orb || boss->HasUnitState(UNIT_STATE_CASTING) && (boss->FindCurrentSpellBySpellId(SPELL_EXPLOSIVE_BARRAGE_ICK) || boss->FindCurrentSpellBySpellId(SPELL_EXPLOSIVE_BARRAGE_KRICK));
#25 50.95                                 ~~ ~~~~~~~~~~~~~~~~~~~~~~~~~~~~~~~~~~~~~~~^~~~~~~~~~~~~~~~~~~~~~~~~~~~~~~~~~~~~~~~~~~~~~~~~~~~~~~~~~~~~~~~~~~~~~~~~~~~~~~~~~~~~~~~~~~~~~~~~~~~~~~~~~~~~~~~~~~~~~~~~~~~~~~~~~~
#25 50.95 /azerothcore/modules/mod-playerbots/src/strategy/dungeons/wotlk/pitofsaron/PitOfSaronActions.cpp:29:75: note: place parentheses around the '&&' expression to silence this warning
#25 50.95     bool explosiveBarrage = orb || boss->HasUnitState(UNIT_STATE_CASTING) && (boss->FindCurrentSpellBySpellId(SPELL_EXPLOSIVE_BARRAGE_ICK) || boss->FindCurrentSpellBySpellId(SPELL_EXPLOSIVE_BARRAGE_KRICK));
#25 50.95                                                                           ^
#25 50.95                                    (                                                                                                                                                                         )
#25 50.95 /azerothcore/modules/mod-playerbots/src/strategy/dungeons/wotlk/pitofsaron/PitOfSaronActions.cpp:6:39: warning: unused parameter 'event' [-Wunused-parameter]
#25 50.95 bool IckAndKrickAction::Execute(Event event)
#25 50.95                                       ^
#25 50.95 /azerothcore/modules/mod-playerbots/src/strategy/dungeons/wotlk/pitofsaron/PitOfSaronActions.cpp:139:47: warning: unused parameter 'explosiveBarrage' [-Wunused-parameter]
#25 50.95 bool IckAndKrickAction::ExplosiveBarrage(bool explosiveBarrage, Unit* boss)
#25 50.95                                               ^
#25 50.95 /azerothcore/modules/mod-playerbots/src/strategy/dungeons/wotlk/pitofsaron/PitOfSaronActions.cpp:272:36: warning: unused parameter 'event' [-Wunused-parameter]
#25 50.95 bool TyrannusAction::Execute(Event event)
#25 50.95                                    ^
#25 50.95 5 warnings generated.
#25 50.97 [ 60%] Building CXX object src/server/scripts/CMakeFiles/scripts.dir/Kalimdor/RuinsOfAhnQiraj/boss_ayamiss.cpp.o
#25 50.98 [ 60%] Building CXX object src/server/game/CMakeFiles/game.dir/Server/WorldSession.cpp.o
#25 51.00 In file included from /azerothcore/modules/mod-playerbots/src/strategy/actions/LootRollAction.cpp:11:
#25 51.00 In file included from /azerothcore/modules/mod-playerbots/src/strategy/actions/LootAction.h:10:
#25 51.00 /azerothcore/modules/mod-playerbots/src/strategy/actions/MovementActions.h:279:27: warning: comparison of integers of different signs: 'int' and 'uint32' (aka 'unsigned int') [-Wsign-compare]
#25 51.00         for (int i = 0; i < intervals; i++)
#25 51.00                         ~ ^ ~~~~~~~~~
#25 51.00 /azerothcore/modules/mod-playerbots/src/strategy/actions/LootRollAction.cpp:37:16: warning: unused variable 'slot' [-Wunused-variable]
#25 51.00         uint32 slot = roll->itemSlot;
#25 51.00                ^
#25 51.00 /azerothcore/modules/mod-playerbots/src/strategy/actions/LootRollAction.cpp:16:36: warning: unused parameter 'event' [-Wunused-parameter]
#25 51.00 bool LootRollAction::Execute(Event event)
#25 51.00                                    ^
#25 51.00 /azerothcore/modules/mod-playerbots/src/strategy/actions/LootRollAction.cpp:198:16: fatal error: 'Rolls' is a protected member of 'Group'
#25 51.00         Group::Rolls const rolls = group->GetRolls();
#25 51.00                ^
#25 51.00 /azerothcore/src/server/game/Groups/Group.h:186:32: note: declared protected here
#25 51.00     typedef std::vector<Roll*> Rolls;
#25 51.00                                ^
#25 51.00 3 warnings and 1 error generated.
#25 51.01 gmake[2]: *** [modules/CMakeFiles/modules.dir/build.make:2050: modules/CMakeFiles/modules.dir/mod-playerbots/src/strategy/actions/LootRollAction.cpp.o] Error 1
#25 51.01 gmake[1]: *** [CMakeFiles/Makefile2:1419: modules/CMakeFiles/modules.dir/all] Error 2
#25 51.02 gmake[1]: *** Waiting for unfinished jobs....
#25 51.04 [ 60%] Building CXX object src/server/scripts/CMakeFiles/scripts.dir/Kalimdor/RuinsOfAhnQiraj/boss_buru.cpp.o
#25 51.08 [ 60%] Building CXX object src/server/game/CMakeFiles/game.dir/Server/WorldSessionMgr.cpp.o
#25 51.11 [ 60%] Building CXX object src/server/scripts/CMakeFiles/scripts.dir/Kalimdor/RuinsOfAhnQiraj/boss_kurinnaxx.cpp.o
#25 51.11 [ 60%] Building CXX object src/server/game/CMakeFiles/game.dir/Server/WorldSocket.cpp.o
#25 51.27 [ 60%] Building CXX object src/server/game/CMakeFiles/game.dir/Server/WorldSocketMgr.cpp.o
#25 51.31 [ 60%] Building CXX object src/server/scripts/CMakeFiles/scripts.dir/Kalimdor/RuinsOfAhnQiraj/boss_moam.cpp.o
#25 51.32 [ 60%] Building CXX object src/server/scripts/CMakeFiles/scripts.dir/Kalimdor/RuinsOfAhnQiraj/boss_ossirian.cpp.o
#25 51.33 [ 60%] Building CXX object src/server/game/CMakeFiles/game.dir/Server/Packets/CalendarPackets.cpp.o
#25 51.34 [ 60%] Building CXX object src/server/game/CMakeFiles/game.dir/Server/Packets/BankPackets.cpp.o
#25 51.46 [ 60%] Building CXX object src/server/scripts/CMakeFiles/scripts.dir/Kalimdor/RuinsOfAhnQiraj/boss_rajaxx.cpp.o
#25 51.49 [ 60%] Building CXX object src/server/scripts/CMakeFiles/scripts.dir/Kalimdor/RuinsOfAhnQiraj/instance_ruins_of_ahnqiraj.cpp.o
#25 51.59 [ 60%] Building CXX object src/server/game/CMakeFiles/game.dir/Server/Packets/CharacterPackets.cpp.o
#25 51.62 [ 60%] Building CXX object src/server/game/CMakeFiles/game.dir/Server/Packets/ChatPackets.cpp.o
#25 51.62 [ 60%] Building CXX object src/server/scripts/CMakeFiles/scripts.dir/Kalimdor/RuinsOfAhnQiraj/ruins_of_ahnqiraj.cpp.o
#25 51.65 [ 60%] Building CXX object src/server/scripts/CMakeFiles/scripts.dir/Kalimdor/TempleOfAhnQiraj/boss_bug_trio.cpp.o
#25 51.67 [ 60%] Building CXX object src/server/game/CMakeFiles/game.dir/Server/Packets/CombatLogPackets.cpp.o
#25 51.78 [ 60%] Building CXX object src/server/game/CMakeFiles/game.dir/Server/Packets/CombatPackets.cpp.o
#25 51.87 [ 60%] Building CXX object src/server/scripts/CMakeFiles/scripts.dir/Kalimdor/TempleOfAhnQiraj/boss_cthun.cpp.o
#25 51.88 [ 61%] Building CXX object src/server/game/CMakeFiles/game.dir/Server/Packets/GuildPackets.cpp.o
#25 51.91 [ 61%] Building CXX object src/server/game/CMakeFiles/game.dir/Server/Packets/ItemPackets.cpp.o
#25 51.93 [ 61%] Building CXX object src/server/scripts/CMakeFiles/scripts.dir/Kalimdor/TempleOfAhnQiraj/boss_fankriss.cpp.o
#25 52.05 [ 61%] Building CXX object src/server/game/CMakeFiles/game.dir/Server/Packets/LFGPackets.cpp.o
#25 52.08 [ 61%] Building CXX object src/server/scripts/CMakeFiles/scripts.dir/Kalimdor/TempleOfAhnQiraj/boss_huhuran.cpp.o
#25 52.14 [ 61%] Building CXX object src/server/game/CMakeFiles/game.dir/Server/Packets/MiscPackets.cpp.o
#25 52.16 [ 61%] Building CXX object src/server/game/CMakeFiles/game.dir/Server/Packets/PacketUtilities.cpp.o
#25 52.21 [ 61%] Building CXX object src/server/scripts/CMakeFiles/scripts.dir/Kalimdor/TempleOfAhnQiraj/boss_ouro.cpp.o
#25 52.29 [ 61%] Building CXX object src/server/game/CMakeFiles/game.dir/Server/Packets/PetPackets.cpp.o
#25 52.40 [ 61%] Building CXX object src/server/scripts/CMakeFiles/scripts.dir/Kalimdor/TempleOfAhnQiraj/boss_twinemperors.cpp.o
#25 52.40 [ 61%] Building CXX object src/server/scripts/CMakeFiles/scripts.dir/Kalimdor/TempleOfAhnQiraj/boss_sartura.cpp.o
#25 52.40 [ 61%] Building CXX object src/server/scripts/CMakeFiles/scripts.dir/Kalimdor/TempleOfAhnQiraj/boss_skeram.cpp.o
#25 52.50 [ 61%] Building CXX object src/server/game/CMakeFiles/game.dir/Server/Packets/QueryPackets.cpp.o
#25 52.55 [ 61%] Building CXX object src/server/game/CMakeFiles/game.dir/Server/Packets/TotemPackets.cpp.o
#25 52.68 [ 62%] Building CXX object src/server/scripts/CMakeFiles/scripts.dir/Kalimdor/TempleOfAhnQiraj/instance_temple_of_ahnqiraj.cpp.o
#25 52.69 [ 62%] Building CXX object src/server/scripts/CMakeFiles/scripts.dir/Kalimdor/TempleOfAhnQiraj/mob_anubisath_sentinel.cpp.o
#25 52.69 [ 62%] Building CXX object src/server/scripts/CMakeFiles/scripts.dir/Kalimdor/TempleOfAhnQiraj/boss_viscidus.cpp.o
#25 52.76 [ 62%] Building CXX object src/server/game/CMakeFiles/game.dir/Server/Packets/WorldStatePackets.cpp.o
#25 52.83 [ 62%] Building CXX object src/server/game/CMakeFiles/game.dir/Server/Protocol/Opcodes.cpp.o
#25 52.90 [ 62%] Building CXX object src/server/game/CMakeFiles/game.dir/Server/Protocol/PacketLog.cpp.o
#25 53.07 [ 62%] Building CXX object src/server/scripts/CMakeFiles/scripts.dir/Kalimdor/TempleOfAhnQiraj/temple_of_ahnqiraj.cpp.o
#25 53.09 [ 62%] Building CXX object src/server/game/CMakeFiles/game.dir/Skills/SkillDiscovery.cpp.o
#25 53.11 [ 62%] Building CXX object src/server/scripts/CMakeFiles/scripts.dir/Kalimdor/WailingCaverns/instance_wailing_caverns.cpp.o
#25 53.26 [ 62%] Building CXX object src/server/game/CMakeFiles/game.dir/Spells/Spell.cpp.o
#25 53.27 [ 62%] Building CXX object src/server/game/CMakeFiles/game.dir/Skills/SkillExtraItems.cpp.o
#25 53.31 [ 62%] Building CXX object src/server/game/CMakeFiles/game.dir/Spells/SpellEffects.cpp.o
#25 53.37 [ 62%] Building CXX object src/server/scripts/CMakeFiles/scripts.dir/Kalimdor/ZulFarrak/instance_zulfarrak.cpp.o
#25 53.41 [ 62%] Building CXX object src/server/scripts/CMakeFiles/scripts.dir/Kalimdor/ZulFarrak/zulfarrak.cpp.o
#25 53.53 [ 62%] Building CXX object src/server/game/CMakeFiles/game.dir/Spells/SpellInfo.cpp.o
#25 53.60 [ 62%] Building CXX object src/server/scripts/CMakeFiles/scripts.dir/Northrend/isle_of_conquest.cpp.o
#25 53.65 [ 62%] Building CXX object src/server/scripts/CMakeFiles/scripts.dir/Northrend/northrend_script_loader.cpp.o
#25 53.67 [ 62%] Building CXX object src/server/game/CMakeFiles/game.dir/Spells/SpellInfoCorrections.cpp.o
#25 53.68 [ 62%] Building CXX object src/server/scripts/CMakeFiles/scripts.dir/Northrend/zone_borean_tundra.cpp.o
#25 53.79 [ 62%] Building CXX object src/server/scripts/CMakeFiles/scripts.dir/Northrend/zone_crystalsong_forest.cpp.o
#25 53.80 [ 63%] Building CXX object src/server/game/CMakeFiles/game.dir/Spells/SpellMgr.cpp.o
#25 53.83 [ 63%] Building CXX object src/server/scripts/CMakeFiles/scripts.dir/Northrend/zone_dalaran.cpp.o
#25 53.88 [ 63%] Building CXX object src/server/scripts/CMakeFiles/scripts.dir/Northrend/zone_dragonblight.cpp.o
#25 53.90 [ 63%] Building CXX object src/server/scripts/CMakeFiles/scripts.dir/Northrend/zone_grizzly_hills.cpp.o
#25 54.01 [ 63%] Building CXX object src/server/scripts/CMakeFiles/scripts.dir/Northrend/zone_howling_fjord.cpp.o
#25 54.03 [ 63%] Building CXX object src/server/game/CMakeFiles/game.dir/Spells/SpellScript.cpp.o
#25 54.06 [ 63%] Building CXX object src/server/scripts/CMakeFiles/scripts.dir/Northrend/zone_icecrown.cpp.o
#25 54.06 [ 63%] Building CXX object src/server/scripts/CMakeFiles/scripts.dir/Northrend/zone_sholazar_basin.cpp.o
#25 54.13 [ 63%] Building CXX object src/server/scripts/CMakeFiles/scripts.dir/Northrend/zone_storm_peaks.cpp.o
#25 54.19 [ 63%] Building CXX object src/server/scripts/CMakeFiles/scripts.dir/Northrend/zone_wintergrasp.cpp.o
#25 54.24 [ 63%] Building CXX object src/server/game/CMakeFiles/game.dir/Spells/Auras/SpellAuraEffects.cpp.o
#25 54.33 [ 64%] Building CXX object src/server/scripts/CMakeFiles/scripts.dir/Northrend/zone_zuldrak.cpp.o
#25 54.34 [ 64%] Building CXX object src/server/scripts/CMakeFiles/scripts.dir/Northrend/AzjolNerub/AzjolNerub/boss_anubarak.cpp.o
#25 54.34 [ 64%] Building CXX object src/server/scripts/CMakeFiles/scripts.dir/Northrend/AzjolNerub/AzjolNerub/boss_hadronox.cpp.o
#25 54.35 [ 64%] Building CXX object src/server/scripts/CMakeFiles/scripts.dir/Northrend/AzjolNerub/AzjolNerub/boss_krikthir_the_gatewatcher.cpp.o
#25 54.47 [ 64%] Building CXX object src/server/game/CMakeFiles/game.dir/Texts/ChatTextBuilder.cpp.o
#25 54.50 [ 64%] Building CXX object src/server/game/CMakeFiles/game.dir/Spells/Auras/SpellAuras.cpp.o
#25 54.58 [ 64%] Building CXX object src/server/scripts/CMakeFiles/scripts.dir/Northrend/AzjolNerub/AzjolNerub/instance_azjol_nerub.cpp.o
#25 54.61 [ 64%] Building CXX object src/server/scripts/CMakeFiles/scripts.dir/Northrend/AzjolNerub/ahnkahet/boss_amanitar.cpp.o
#25 54.63 [ 64%] Building CXX object src/server/game/CMakeFiles/game.dir/Texts/CreatureTextMgr.cpp.o
#25 54.67 [ 64%] Building CXX object src/server/scripts/CMakeFiles/scripts.dir/Northrend/AzjolNerub/ahnkahet/boss_elder_nadox.cpp.o
#25 54.69 [ 64%] Building CXX object src/server/game/CMakeFiles/game.dir/Tickets/TicketMgr.cpp.o
#25 54.71 [ 64%] Building CXX object src/server/scripts/CMakeFiles/scripts.dir/Northrend/AzjolNerub/ahnkahet/boss_herald_volazj.cpp.o
#25 54.83 [ 64%] Building CXX object src/server/game/CMakeFiles/game.dir/Time/GameTime.cpp.o
#25 54.85 [ 64%] Building CXX object src/server/game/CMakeFiles/game.dir/Time/UpdateTime.cpp.o
#25 54.88 [ 64%] Building CXX object src/server/scripts/CMakeFiles/scripts.dir/Northrend/AzjolNerub/ahnkahet/boss_jedoga_shadowseeker.cpp.o
#25 54.96 [ 64%] Building CXX object src/server/game/CMakeFiles/game.dir/Tools/CharacterDatabaseCleaner.cpp.o
#25 54.98 [ 64%] Building CXX object src/server/scripts/CMakeFiles/scripts.dir/Northrend/AzjolNerub/ahnkahet/boss_prince_taldaram.cpp.o
#25 55.01 [ 64%] Building CXX object src/server/scripts/CMakeFiles/scripts.dir/Northrend/AzjolNerub/ahnkahet/instance_ahnkahet.cpp.o
#25 55.08 [ 64%] Building CXX object src/server/scripts/CMakeFiles/scripts.dir/Northrend/ChamberOfAspects/ObsidianSanctum/boss_sartharion.cpp.o
#25 55.10 [ 64%] Building CXX object src/server/game/CMakeFiles/game.dir/Tools/PlayerDump.cpp.o
#25 55.14 [ 64%] Building CXX object src/server/game/CMakeFiles/game.dir/Warden/Warden.cpp.o
#25 55.22 [ 64%] Building CXX object src/server/game/CMakeFiles/game.dir/Warden/WardenCheckMgr.cpp.o
#25 55.27 [ 64%] Building CXX object src/server/scripts/CMakeFiles/scripts.dir/Northrend/ChamberOfAspects/ObsidianSanctum/instance_obsidian_sanctum.cpp.o
#25 55.35 [ 64%] Building CXX object src/server/scripts/CMakeFiles/scripts.dir/Northrend/ChamberOfAspects/RubySanctum/boss_baltharus_the_warborn.cpp.o
#25 55.37 [ 64%] Building CXX object src/server/scripts/CMakeFiles/scripts.dir/Northrend/ChamberOfAspects/RubySanctum/boss_general_zarithrian.cpp.o
#25 55.39 [ 64%] Building CXX object src/server/scripts/CMakeFiles/scripts.dir/Northrend/ChamberOfAspects/RubySanctum/boss_halion.cpp.o
#25 55.43 [ 64%] Building CXX object src/server/game/CMakeFiles/game.dir/Warden/WardenMac.cpp.o
#25 55.45 [ 64%] Building CXX object src/server/game/CMakeFiles/game.dir/Warden/WardenPayloadMgr.cpp.o
#25 55.59 [ 64%] Building CXX object src/server/scripts/CMakeFiles/scripts.dir/Northrend/ChamberOfAspects/RubySanctum/boss_saviana_ragefire.cpp.o
#25 55.61 [ 65%] Building CXX object src/server/scripts/CMakeFiles/scripts.dir/Northrend/ChamberOfAspects/RubySanctum/instance_ruby_sanctum.cpp.o
#25 55.64 [ 65%] Building CXX object src/server/scripts/CMakeFiles/scripts.dir/Northrend/CrusadersColiseum/TrialOfTheChampion/boss_argent_challenge.cpp.o
#25 55.72 [ 65%] Building CXX object src/server/game/CMakeFiles/game.dir/Warden/WardenWin.cpp.o
#25 55.75 [ 65%] Building CXX object src/server/game/CMakeFiles/game.dir/Warden/enuminfo_WardenCheckMgr.cpp.o
#25 55.82 [ 65%] Building CXX object src/server/scripts/CMakeFiles/scripts.dir/Northrend/CrusadersColiseum/TrialOfTheChampion/boss_black_knight.cpp.o
#25 55.86 [ 65%] Building CXX object src/server/scripts/CMakeFiles/scripts.dir/Northrend/CrusadersColiseum/TrialOfTheChampion/boss_grand_champions.cpp.o
#25 55.90 [ 65%] Building CXX object src/server/scripts/CMakeFiles/scripts.dir/Northrend/CrusadersColiseum/TrialOfTheChampion/instance_trial_of_the_champion.cpp.o
#25 55.95 [ 66%] Building CXX object src/server/game/CMakeFiles/game.dir/Weather/Weather.cpp.o
#25 55.96 [ 66%] Building CXX object src/server/game/CMakeFiles/game.dir/Weather/WeatherMgr.cpp.o
#25 55.98 [ 66%] Building CXX object src/server/scripts/CMakeFiles/scripts.dir/Northrend/CrusadersColiseum/TrialOfTheChampion/trial_of_the_champion.cpp.o
#25 56.05 [ 66%] Building CXX object src/server/game/CMakeFiles/game.dir/World/World.cpp.o
#25 56.06 [ 66%] Building CXX object src/server/scripts/CMakeFiles/scripts.dir/Northrend/CrusadersColiseum/TrialOfTheCrusader/boss_anubarak_trial.cpp.o
#25 56.11 [ 66%] Building CXX object src/server/game/CMakeFiles/game.dir/World/WorldConfig.cpp.o
#25 56.20 [ 66%] Building CXX object src/server/game/CMakeFiles/game.dir/World/WorldState.cpp.o
#25 56.21 [ 66%] Building CXX object src/server/scripts/CMakeFiles/scripts.dir/Northrend/CrusadersColiseum/TrialOfTheCrusader/boss_faction_champions.cpp.o
#25 56.27 [ 66%] Building CXX object src/server/scripts/CMakeFiles/scripts.dir/Northrend/CrusadersColiseum/TrialOfTheCrusader/boss_lord_jaraxxus.cpp.o
#25 56.31 [ 66%] Building CXX object src/server/scripts/CMakeFiles/scripts.dir/Northrend/CrusadersColiseum/TrialOfTheCrusader/boss_twin_valkyr.cpp.o
#25 56.32 [ 66%] Building CXX object src/server/scripts/CMakeFiles/scripts.dir/Northrend/CrusadersColiseum/TrialOfTheCrusader/boss_northrend_beasts.cpp.o
#25 56.41 [ 66%] Linking CXX static library libgame.a
#25 56.41 [ 66%] Building CXX object src/server/scripts/CMakeFiles/scripts.dir/Northrend/CrusadersColiseum/TrialOfTheCrusader/instance_trial_of_the_crusader.cpp.o
#25 56.52 [ 66%] Building CXX object src/server/scripts/CMakeFiles/scripts.dir/Northrend/CrusadersColiseum/TrialOfTheCrusader/trial_of_the_crusader.cpp.o
#25 56.57 [ 66%] Building CXX object src/server/scripts/CMakeFiles/scripts.dir/Northrend/DraktharonKeep/boss_dred.cpp.o
#25 56.61 [ 66%] Building CXX object src/server/scripts/CMakeFiles/scripts.dir/Northrend/DraktharonKeep/boss_novos.cpp.o
#25 56.62 [ 66%] Building CXX object src/server/scripts/CMakeFiles/scripts.dir/Northrend/DraktharonKeep/boss_tharon_ja.cpp.o
#25 56.69 [ 66%] Building CXX object src/server/scripts/CMakeFiles/scripts.dir/Northrend/DraktharonKeep/boss_trollgore.cpp.o
#25 56.82 [ 67%] Building CXX object src/server/scripts/CMakeFiles/scripts.dir/Northrend/DraktharonKeep/instance_drak_tharon_keep.cpp.o
#25 56.88 [ 67%] Building CXX object src/server/scripts/CMakeFiles/scripts.dir/Northrend/FrozenHalls/ForgeOfSouls/boss_bronjahm.cpp.o
#25 56.95 [ 67%] Building CXX object src/server/scripts/CMakeFiles/scripts.dir/Northrend/FrozenHalls/ForgeOfSouls/boss_devourer_of_souls.cpp.o
#25 57.01 [ 67%] Building CXX object src/server/scripts/CMakeFiles/scripts.dir/Northrend/FrozenHalls/ForgeOfSouls/forge_of_souls.cpp.o
#25 57.06 [ 67%] Building CXX object src/server/scripts/CMakeFiles/scripts.dir/Northrend/FrozenHalls/ForgeOfSouls/instance_forge_of_souls.cpp.o
#25 57.08 [ 67%] Building CXX object src/server/scripts/CMakeFiles/scripts.dir/Northrend/FrozenHalls/HallsOfReflection/boss_falric.cpp.o
#25 57.18 [ 67%] Building CXX object src/server/scripts/CMakeFiles/scripts.dir/Northrend/FrozenHalls/HallsOfReflection/boss_marwyn.cpp.o
#25 57.21 [ 67%] Building CXX object src/server/scripts/CMakeFiles/scripts.dir/Northrend/FrozenHalls/HallsOfReflection/halls_of_reflection.cpp.o
#25 57.30 [ 67%] Building CXX object src/server/scripts/CMakeFiles/scripts.dir/Northrend/FrozenHalls/HallsOfReflection/instance_halls_of_reflection.cpp.o
#25 57.32 [ 67%] Building CXX object src/server/scripts/CMakeFiles/scripts.dir/Northrend/FrozenHalls/PitOfSaron/boss_forgemaster_garfrost.cpp.o
#25 57.38 [ 67%] Building CXX object src/server/scripts/CMakeFiles/scripts.dir/Northrend/FrozenHalls/PitOfSaron/boss_krickandick.cpp.o
#25 57.45 [ 67%] Building CXX object src/server/scripts/CMakeFiles/scripts.dir/Northrend/FrozenHalls/PitOfSaron/boss_scourgelord_tyrannus.cpp.o
#25 57.50 [ 67%] Building CXX object src/server/scripts/CMakeFiles/scripts.dir/Northrend/FrozenHalls/PitOfSaron/instance_pit_of_saron.cpp.o
#25 57.59 [ 67%] Building CXX object src/server/scripts/CMakeFiles/scripts.dir/Northrend/FrozenHalls/PitOfSaron/pit_of_saron.cpp.o
#25 57.67 [ 67%] Building CXX object src/server/scripts/CMakeFiles/scripts.dir/Northrend/Gundrak/boss_drakkari_colossus.cpp.o
#25 57.68 [ 67%] Building CXX object src/server/scripts/CMakeFiles/scripts.dir/Northrend/Gundrak/boss_eck.cpp.o
#25 57.76 [ 67%] Building CXX object src/server/scripts/CMakeFiles/scripts.dir/Northrend/Gundrak/boss_gal_darah.cpp.o
#25 57.89 [ 68%] Building CXX object src/server/scripts/CMakeFiles/scripts.dir/Northrend/Gundrak/boss_moorabi.cpp.o
#25 57.91 [ 68%] Building CXX object src/server/scripts/CMakeFiles/scripts.dir/Northrend/Gundrak/boss_slad_ran.cpp.o
#25 57.94 [ 68%] Building CXX object src/server/scripts/CMakeFiles/scripts.dir/Northrend/Gundrak/instance_gundrak.cpp.o
#25 57.95 [ 68%] Building CXX object src/server/scripts/CMakeFiles/scripts.dir/Northrend/IcecrownCitadel/boss_blood_prince_council.cpp.o
#25 58.06 [ 68%] Building CXX object src/server/scripts/CMakeFiles/scripts.dir/Northrend/IcecrownCitadel/boss_blood_queen_lana_thel.cpp.o
#25 58.18 [ 68%] Building CXX object src/server/scripts/CMakeFiles/scripts.dir/Northrend/IcecrownCitadel/boss_deathbringer_saurfang.cpp.o
#25 58.20 [ 68%] Building CXX object src/server/scripts/CMakeFiles/scripts.dir/Northrend/IcecrownCitadel/boss_festergut.cpp.o
#25 58.27 [ 68%] Building CXX object src/server/scripts/CMakeFiles/scripts.dir/Northrend/IcecrownCitadel/boss_icecrown_gunship_battle.cpp.o
#25 58.29 [ 68%] Building CXX object src/server/scripts/CMakeFiles/scripts.dir/Northrend/IcecrownCitadel/boss_lady_deathwhisper.cpp.o
#25 58.41 [ 68%] Building CXX object src/server/scripts/CMakeFiles/scripts.dir/Northrend/IcecrownCitadel/boss_lord_marrowgar.cpp.o
#25 58.46 [ 68%] Building CXX object src/server/scripts/CMakeFiles/scripts.dir/Northrend/IcecrownCitadel/boss_professor_putricide.cpp.o
#25 58.54 [ 68%] Building CXX object src/server/scripts/CMakeFiles/scripts.dir/Northrend/IcecrownCitadel/boss_rotface.cpp.o
#25 58.57 [ 68%] Building CXX object src/server/scripts/CMakeFiles/scripts.dir/Northrend/IcecrownCitadel/boss_sindragosa.cpp.o
#25 58.63 [ 68%] Building CXX object src/server/scripts/CMakeFiles/scripts.dir/Northrend/IcecrownCitadel/boss_the_lich_king.cpp.o
#25 58.68 [ 68%] Building CXX object src/server/scripts/CMakeFiles/scripts.dir/Northrend/IcecrownCitadel/boss_valithria_dreamwalker.cpp.o
#25 58.75 [ 68%] Building CXX object src/server/scripts/CMakeFiles/scripts.dir/Northrend/IcecrownCitadel/icecrown_citadel.cpp.o
#25 58.79 [ 68%] Building CXX object src/server/scripts/CMakeFiles/scripts.dir/Northrend/IcecrownCitadel/icecrown_citadel_teleport.cpp.o
#25 58.86 [ 68%] Building CXX object src/server/scripts/CMakeFiles/scripts.dir/Northrend/IcecrownCitadel/instance_icecrown_citadel.cpp.o
#25 58.89 [ 69%] Building CXX object src/server/scripts/CMakeFiles/scripts.dir/Northrend/Naxxramas/boss_anubrekhan.cpp.o
#25 59.02 [ 69%] Building CXX object src/server/scripts/CMakeFiles/scripts.dir/Northrend/Naxxramas/boss_faerlina.cpp.o
#25 59.08 [ 69%] Building CXX object src/server/scripts/CMakeFiles/scripts.dir/Northrend/Naxxramas/boss_four_horsemen.cpp.o
#25 59.22 [ 69%] Building CXX object src/server/scripts/CMakeFiles/scripts.dir/Northrend/Naxxramas/boss_gluth.cpp.o
#25 59.24 [ 69%] Building CXX object src/server/scripts/CMakeFiles/scripts.dir/Northrend/Naxxramas/boss_gothik.cpp.o
#25 59.30 [ 69%] Building CXX object src/server/scripts/CMakeFiles/scripts.dir/Northrend/Naxxramas/boss_grobbulus.cpp.o
#25 59.32 [ 69%] Building CXX object src/server/scripts/CMakeFiles/scripts.dir/Northrend/Naxxramas/boss_heigan.cpp.o
#25 59.43 [ 69%] Building CXX object src/server/scripts/CMakeFiles/scripts.dir/Northrend/Naxxramas/boss_kelthuzad.cpp.o
#25 59.58 [ 69%] Building CXX object src/server/scripts/CMakeFiles/scripts.dir/Northrend/Naxxramas/boss_loatheb.cpp.o
#25 59.60 [ 69%] Building CXX object src/server/scripts/CMakeFiles/scripts.dir/Northrend/Naxxramas/boss_noth.cpp.o
#25 59.61 [ 69%] Building CXX object src/server/scripts/CMakeFiles/scripts.dir/Northrend/Naxxramas/boss_maexxna.cpp.o
#25 59.62 [ 69%] Building CXX object src/server/scripts/CMakeFiles/scripts.dir/Northrend/Naxxramas/boss_patchwerk.cpp.o
#25 59.75 [ 69%] Building CXX object src/server/scripts/CMakeFiles/scripts.dir/Northrend/Naxxramas/boss_razuvious.cpp.o
#25 59.85 [ 69%] Building CXX object src/server/scripts/CMakeFiles/scripts.dir/Northrend/Naxxramas/boss_sapphiron.cpp.o
#25 59.87 [ 69%] Building CXX object src/server/scripts/CMakeFiles/scripts.dir/Northrend/Naxxramas/instance_naxxramas.cpp.o
#25 59.89 [ 69%] Building CXX object src/server/scripts/CMakeFiles/scripts.dir/Northrend/Naxxramas/boss_thaddius.cpp.o
#25 59.91 [ 69%] Building CXX object src/server/scripts/CMakeFiles/scripts.dir/Northrend/Nexus/EyeOfEternity/boss_malygos.cpp.o
#25 60.12 [ 70%] Building CXX object src/server/scripts/CMakeFiles/scripts.dir/Northrend/Nexus/EyeOfEternity/instance_eye_of_eternity.cpp.o
#25 60.14 [ 70%] Building CXX object src/server/scripts/CMakeFiles/scripts.dir/Northrend/Nexus/Nexus/boss_anomalus.cpp.o
#25 60.18 [ 70%] Building CXX object src/server/scripts/CMakeFiles/scripts.dir/Northrend/Nexus/Nexus/boss_commander_stoutbeard_kolurg.cpp.o
#25 60.23 [ 70%] Building CXX object src/server/scripts/CMakeFiles/scripts.dir/Northrend/Nexus/Nexus/boss_keristrasza.cpp.o
#25 60.32 [ 70%] Building CXX object src/server/scripts/CMakeFiles/scripts.dir/Northrend/Nexus/Nexus/boss_magus_telestra.cpp.o
#25 60.36 [ 70%] Building CXX object src/server/scripts/CMakeFiles/scripts.dir/Northrend/Nexus/Nexus/boss_ormorok.cpp.o
#25 60.37 [ 70%] Building CXX object src/server/scripts/CMakeFiles/scripts.dir/Northrend/Nexus/Nexus/instance_nexus.cpp.o
#25 60.46 [ 70%] Building CXX object src/server/scripts/CMakeFiles/scripts.dir/Northrend/Nexus/Oculus/boss_drakos.cpp.o
#25 60.48 [ 70%] Building CXX object src/server/scripts/CMakeFiles/scripts.dir/Northrend/Nexus/Oculus/boss_eregos.cpp.o
#25 60.50 [ 70%] Building CXX object src/server/scripts/CMakeFiles/scripts.dir/Northrend/Nexus/Oculus/boss_urom.cpp.o
#25 60.61 [ 70%] Building CXX object src/server/scripts/CMakeFiles/scripts.dir/Northrend/Nexus/Oculus/boss_varos.cpp.o
#25 60.65 [ 70%] Building CXX object src/server/scripts/CMakeFiles/scripts.dir/Northrend/Nexus/Oculus/instance_oculus.cpp.o
#25 60.65 [ 70%] Building CXX object src/server/scripts/CMakeFiles/scripts.dir/Northrend/Nexus/Oculus/oculus.cpp.o
#25 60.68 [ 70%] Building CXX object src/server/scripts/CMakeFiles/scripts.dir/Northrend/Ulduar/HallsOfLightning/boss_bjarngrim.cpp.o
#25 60.82 [ 70%] Building CXX object src/server/scripts/CMakeFiles/scripts.dir/Northrend/Ulduar/HallsOfLightning/boss_ionar.cpp.o
#25 60.90 [ 70%] Building CXX object src/server/scripts/CMakeFiles/scripts.dir/Northrend/Ulduar/HallsOfLightning/boss_loken.cpp.o
#25 60.91 [ 70%] Building CXX object src/server/scripts/CMakeFiles/scripts.dir/Northrend/Ulduar/HallsOfLightning/boss_volkhan.cpp.o
#25 60.97 [ 71%] Building CXX object src/server/scripts/CMakeFiles/scripts.dir/Northrend/Ulduar/HallsOfLightning/instance_halls_of_lightning.cpp.o
#25 61.01 [ 71%] Building CXX object src/server/scripts/CMakeFiles/scripts.dir/Northrend/Ulduar/HallsOfStone/boss_krystallus.cpp.o
#25 61.04 [ 71%] Building CXX object src/server/scripts/CMakeFiles/scripts.dir/Northrend/Ulduar/HallsOfStone/boss_maiden_of_grief.cpp.o
#25 61.11 [ 71%] Building CXX object src/server/scripts/CMakeFiles/scripts.dir/Northrend/Ulduar/HallsOfStone/boss_sjonnir.cpp.o
#25 61.15 [ 71%] Building CXX object src/server/scripts/CMakeFiles/scripts.dir/Northrend/Ulduar/HallsOfStone/brann_bronzebeard.cpp.o
#25 61.23 [ 71%] Building CXX object src/server/scripts/CMakeFiles/scripts.dir/Northrend/Ulduar/Ulduar/boss_algalon_the_observer.cpp.o
#25 61.24 [ 71%] Building CXX object src/server/scripts/CMakeFiles/scripts.dir/Northrend/Ulduar/HallsOfStone/instance_halls_of_stone.cpp.o
#25 61.25 [ 71%] Building CXX object src/server/scripts/CMakeFiles/scripts.dir/Northrend/Ulduar/Ulduar/boss_assembly_of_iron.cpp.o
#25 61.31 [ 71%] Building CXX object src/server/scripts/CMakeFiles/scripts.dir/Northrend/Ulduar/Ulduar/boss_auriaya.cpp.o
#25 61.46 [ 71%] Building CXX object src/server/scripts/CMakeFiles/scripts.dir/Northrend/Ulduar/Ulduar/boss_flame_leviathan.cpp.o
#25 61.48 [ 71%] Building CXX object src/server/scripts/CMakeFiles/scripts.dir/Northrend/Ulduar/Ulduar/boss_freya.cpp.o
#25 61.49 [ 71%] Building CXX object src/server/scripts/CMakeFiles/scripts.dir/Northrend/Ulduar/Ulduar/boss_general_vezax.cpp.o
#25 61.52 [ 71%] Building CXX object src/server/scripts/CMakeFiles/scripts.dir/Northrend/Ulduar/Ulduar/boss_hodir.cpp.o
#25 61.60 [ 71%] Building CXX object src/server/scripts/CMakeFiles/scripts.dir/Northrend/Ulduar/Ulduar/boss_ignis.cpp.o
#25 61.68 [ 71%] Building CXX object src/server/scripts/CMakeFiles/scripts.dir/Northrend/Ulduar/Ulduar/boss_kologarn.cpp.o
#25 61.73 [ 71%] Building CXX object src/server/scripts/CMakeFiles/scripts.dir/Northrend/Ulduar/Ulduar/boss_mimiron.cpp.o
#25 61.77 [ 71%] Building CXX object src/server/scripts/CMakeFiles/scripts.dir/Northrend/Ulduar/Ulduar/boss_razorscale.cpp.o
#25 61.83 [ 72%] Building CXX object src/server/scripts/CMakeFiles/scripts.dir/Northrend/Ulduar/Ulduar/boss_thorim.cpp.o
#25 61.86 [ 72%] Building CXX object src/server/scripts/CMakeFiles/scripts.dir/Northrend/Ulduar/Ulduar/boss_xt002.cpp.o
#25 62.00 [ 72%] Building CXX object src/server/scripts/CMakeFiles/scripts.dir/Northrend/Ulduar/Ulduar/boss_yoggsaron.cpp.o
#25 62.08 [ 72%] Building CXX object src/server/scripts/CMakeFiles/scripts.dir/Northrend/Ulduar/Ulduar/instance_ulduar.cpp.o
#25 62.15 [ 72%] Building CXX object src/server/scripts/CMakeFiles/scripts.dir/Northrend/Ulduar/Ulduar/ulduar.cpp.o
#25 62.17 [ 72%] Building CXX object src/server/scripts/CMakeFiles/scripts.dir/Northrend/UtgardeKeep/UtgardeKeep/boss_ingvar_the_plunderer.cpp.o
#25 62.31 [ 72%] Building CXX object src/server/scripts/CMakeFiles/scripts.dir/Northrend/UtgardeKeep/UtgardeKeep/boss_keleseth.cpp.o
#25 62.39 [ 72%] Building CXX object src/server/scripts/CMakeFiles/scripts.dir/Northrend/UtgardeKeep/UtgardeKeep/boss_skarvald_dalronn.cpp.o
#25 62.45 [ 72%] Building CXX object src/server/scripts/CMakeFiles/scripts.dir/Northrend/UtgardeKeep/UtgardeKeep/instance_utgarde_keep.cpp.o
#25 62.47 [ 72%] Building CXX object src/server/scripts/CMakeFiles/scripts.dir/Northrend/UtgardeKeep/UtgardeKeep/utgarde_keep.cpp.o
#25 62.51 [ 72%] Building CXX object src/server/scripts/CMakeFiles/scripts.dir/Northrend/UtgardeKeep/UtgardePinnacle/boss_palehoof.cpp.o
#25 62.59 [ 72%] Building CXX object src/server/scripts/CMakeFiles/scripts.dir/Northrend/UtgardeKeep/UtgardePinnacle/boss_skadi.cpp.o
#25 62.66 [ 72%] Building CXX object src/server/scripts/CMakeFiles/scripts.dir/Northrend/UtgardeKeep/UtgardePinnacle/boss_svala.cpp.o
#25 62.72 [ 72%] Building CXX object src/server/scripts/CMakeFiles/scripts.dir/Northrend/UtgardeKeep/UtgardePinnacle/boss_ymiron.cpp.o
#25 62.87 [ 72%] Building CXX object src/server/scripts/CMakeFiles/scripts.dir/Northrend/UtgardeKeep/UtgardePinnacle/utgarde_pinnacle.cpp.o
#25 62.89 [ 72%] Building CXX object src/server/scripts/CMakeFiles/scripts.dir/Northrend/UtgardeKeep/UtgardePinnacle/instance_utgarde_pinnacle.cpp.o
#25 62.95 [ 72%] Building CXX object src/server/scripts/CMakeFiles/scripts.dir/Northrend/VaultOfArchavon/boss_archavon.cpp.o
#25 62.96 [ 72%] Building CXX object src/server/scripts/CMakeFiles/scripts.dir/Northrend/VaultOfArchavon/boss_emalon.cpp.o
#25 63.11 [ 73%] Building CXX object src/server/scripts/CMakeFiles/scripts.dir/Northrend/VaultOfArchavon/boss_koralon.cpp.o
#25 63.28 [ 73%] Building CXX object src/server/scripts/CMakeFiles/scripts.dir/Northrend/VaultOfArchavon/boss_toravon.cpp.o
#25 63.31 [ 73%] Building CXX object src/server/scripts/CMakeFiles/scripts.dir/Northrend/VaultOfArchavon/instance_vault_of_archavon.cpp.o
#25 63.38 [ 73%] Building CXX object src/server/scripts/CMakeFiles/scripts.dir/Northrend/VioletHold/boss_cyanigosa.cpp.o
#25 63.40 [ 73%] Building CXX object src/server/scripts/CMakeFiles/scripts.dir/Northrend/VioletHold/boss_erekem.cpp.o
#25 63.59 [ 73%] Building CXX object src/server/scripts/CMakeFiles/scripts.dir/Northrend/VioletHold/boss_ichoron.cpp.o
#25 63.63 [ 73%] Building CXX object src/server/scripts/CMakeFiles/scripts.dir/Northrend/VioletHold/boss_lavanthor.cpp.o
#25 63.81 [ 73%] Building CXX object src/server/scripts/CMakeFiles/scripts.dir/Northrend/VioletHold/boss_moragg.cpp.o
#25 63.82 [ 73%] Building CXX object src/server/scripts/CMakeFiles/scripts.dir/Northrend/VioletHold/boss_zuramat.cpp.o
#25 63.82 [ 73%] Building CXX object src/server/scripts/CMakeFiles/scripts.dir/Northrend/VioletHold/boss_xevozz.cpp.o
#25 63.98 [ 73%] Building CXX object src/server/scripts/CMakeFiles/scripts.dir/Northrend/VioletHold/instance_violet_hold.cpp.o
#25 63.99 [ 73%] Building CXX object src/server/scripts/CMakeFiles/scripts.dir/Northrend/VioletHold/violet_hold.cpp.o
#25 64.00 [ 73%] Building CXX object src/server/scripts/CMakeFiles/scripts.dir/OutdoorPvP/OutdoorPvPEP.cpp.o
#25 64.00 [ 73%] Building CXX object src/server/scripts/CMakeFiles/scripts.dir/OutdoorPvP/OutdoorPvPGH.cpp.o
#25 64.15 [ 73%] Building CXX object src/server/scripts/CMakeFiles/scripts.dir/OutdoorPvP/OutdoorPvPHP.cpp.o
#25 64.15 [ 73%] Building CXX object src/server/scripts/CMakeFiles/scripts.dir/OutdoorPvP/OutdoorPvPNA.cpp.o
#25 64.32 [ 73%] Building CXX object src/server/scripts/CMakeFiles/scripts.dir/OutdoorPvP/OutdoorPvPSI.cpp.o
#25 64.38 [ 73%] Building CXX object src/server/scripts/CMakeFiles/scripts.dir/OutdoorPvP/OutdoorPvPZM.cpp.o
#25 64.40 [ 74%] Building CXX object src/server/scripts/CMakeFiles/scripts.dir/OutdoorPvP/OutdoorPvPTF.cpp.o
#25 64.41 [ 74%] Building CXX object src/server/scripts/CMakeFiles/scripts.dir/OutdoorPvP/outdoorpvp_script_loader.cpp.o
#25 64.49 [ 74%] Built target game
#25 64.52 [ 74%] Building CXX object src/server/scripts/CMakeFiles/scripts.dir/Outland/boss_doomlord_kazzak.cpp.o
#25 64.65 [ 74%] Building CXX object src/server/scripts/CMakeFiles/scripts.dir/Outland/outland_script_loader.cpp.o
#25 64.65 [ 74%] Building CXX object src/server/scripts/CMakeFiles/scripts.dir/Outland/boss_doomwalker.cpp.o
#25 64.67 [ 74%] Building CXX object src/server/scripts/CMakeFiles/scripts.dir/Outland/zone_blades_edge_mountains.cpp.o
#25 64.75 [ 74%] Building CXX object src/server/scripts/CMakeFiles/scripts.dir/Outland/zone_hellfire_peninsula.cpp.o
#25 64.80 [ 74%] Building CXX object src/server/scripts/CMakeFiles/scripts.dir/Outland/zone_nagrand.cpp.o
#25 64.88 [ 74%] Building CXX object src/server/scripts/CMakeFiles/scripts.dir/Outland/zone_netherstorm.cpp.o
#25 64.93 [ 74%] Building CXX object src/server/scripts/CMakeFiles/scripts.dir/Outland/zone_shattrath_city.cpp.o
#25 64.93 [ 74%] Building CXX object src/server/scripts/CMakeFiles/scripts.dir/Outland/zone_shadowmoon_valley.cpp.o
#25 64.96 [ 74%] Building CXX object src/server/scripts/CMakeFiles/scripts.dir/Outland/zone_terokkar_forest.cpp.o
#25 65.02 [ 74%] Building CXX object src/server/scripts/CMakeFiles/scripts.dir/Outland/Auchindoun/AuchenaiCrypts/boss_exarch_maladaar.cpp.o
#25 65.13 [ 74%] Building CXX object src/server/scripts/CMakeFiles/scripts.dir/Outland/Auchindoun/AuchenaiCrypts/boss_shirrak_the_dead_watcher.cpp.o
#25 65.15 [ 74%] Building CXX object src/server/scripts/CMakeFiles/scripts.dir/Outland/Auchindoun/AuchenaiCrypts/instance_auchenai_crypts.cpp.o
#25 65.22 [ 74%] Building CXX object src/server/scripts/CMakeFiles/scripts.dir/Outland/Auchindoun/ManaTombs/boss_nexusprince_shaffar.cpp.o
#25 65.24 [ 75%] Building CXX object src/server/scripts/CMakeFiles/scripts.dir/Outland/Auchindoun/ManaTombs/boss_pandemonius.cpp.o
#25 65.29 [ 75%] Building CXX object src/server/scripts/CMakeFiles/scripts.dir/Outland/Auchindoun/ManaTombs/boss_tavarok.cpp.o
#25 65.32 [ 75%] Building CXX object src/server/scripts/CMakeFiles/scripts.dir/Outland/Auchindoun/ManaTombs/instance_mana_tombs.cpp.o
#25 65.38 [ 75%] Building CXX object src/server/scripts/CMakeFiles/scripts.dir/Outland/Auchindoun/SethekkHalls/boss_anzu.cpp.o
#25 65.48 [ 75%] Building CXX object src/server/scripts/CMakeFiles/scripts.dir/Outland/Auchindoun/SethekkHalls/boss_darkweaver_syth.cpp.o
#25 65.48 [ 75%] Building CXX object src/server/scripts/CMakeFiles/scripts.dir/Outland/Auchindoun/SethekkHalls/instance_sethekk_halls.cpp.o
#25 65.49 [ 75%] Building CXX object src/server/scripts/CMakeFiles/scripts.dir/Outland/Auchindoun/SethekkHalls/boss_talon_king_ikiss.cpp.o
#25 65.54 [ 75%] Building CXX object src/server/scripts/CMakeFiles/scripts.dir/Outland/Auchindoun/ShadowLabyrinth/boss_ambassador_hellmaw.cpp.o
#25 65.64 [ 75%] Building CXX object src/server/scripts/CMakeFiles/scripts.dir/Outland/Auchindoun/ShadowLabyrinth/boss_blackheart_the_inciter.cpp.o
#25 65.65 [ 75%] Building CXX object src/server/scripts/CMakeFiles/scripts.dir/Outland/Auchindoun/ShadowLabyrinth/boss_grandmaster_vorpil.cpp.o
#25 65.75 [ 75%] Building CXX object src/server/scripts/CMakeFiles/scripts.dir/Outland/Auchindoun/ShadowLabyrinth/boss_murmur.cpp.o
#25 65.79 [ 75%] Building CXX object src/server/scripts/CMakeFiles/scripts.dir/Outland/Auchindoun/ShadowLabyrinth/instance_shadow_labyrinth.cpp.o
#25 65.79 [ 75%] Building CXX object src/server/scripts/CMakeFiles/scripts.dir/Outland/BlackTemple/boss_illidan.cpp.o
#25 65.80 [ 75%] Building CXX object src/server/scripts/CMakeFiles/scripts.dir/Outland/BlackTemple/boss_bloodboil.cpp.o
#25 65.95 [ 75%] Building CXX object src/server/scripts/CMakeFiles/scripts.dir/Outland/BlackTemple/boss_illidari_council.cpp.o
#25 65.98 [ 75%] Building CXX object src/server/scripts/CMakeFiles/scripts.dir/Outland/BlackTemple/boss_mother_shahraz.cpp.o
#25 66.00 [ 75%] Building CXX object src/server/scripts/CMakeFiles/scripts.dir/Outland/BlackTemple/boss_reliquary_of_souls.cpp.o
#25 66.05 [ 76%] Building CXX object src/server/scripts/CMakeFiles/scripts.dir/Outland/BlackTemple/boss_shade_of_akama.cpp.o
#25 66.08 [ 76%] Building CXX object src/server/scripts/CMakeFiles/scripts.dir/Outland/BlackTemple/boss_supremus.cpp.o
#25 66.11 [ 76%] Building CXX object src/server/scripts/CMakeFiles/scripts.dir/Outland/BlackTemple/boss_teron_gorefiend.cpp.o
#25 66.16 [ 76%] Building CXX object src/server/scripts/CMakeFiles/scripts.dir/Outland/BlackTemple/boss_warlord_najentus.cpp.o
#25 66.17 [ 76%] Building CXX object src/server/scripts/CMakeFiles/scripts.dir/Outland/BlackTemple/instance_black_temple.cpp.o
#25 66.20 [ 76%] Building CXX object src/server/scripts/CMakeFiles/scripts.dir/Outland/CoilfangReservoir/SerpentShrine/boss_fathomlord_karathress.cpp.o
#25 66.25 [ 76%] Building CXX object src/server/scripts/CMakeFiles/scripts.dir/Outland/CoilfangReservoir/SerpentShrine/boss_hydross_the_unstable.cpp.o
#25 66.29 [ 76%] Building CXX object src/server/scripts/CMakeFiles/scripts.dir/Outland/CoilfangReservoir/SerpentShrine/boss_lady_vashj.cpp.o
#25 66.33 [ 76%] Building CXX object src/server/scripts/CMakeFiles/scripts.dir/Outland/CoilfangReservoir/SerpentShrine/boss_leotheras_the_blind.cpp.o
#25 66.39 [ 76%] Building CXX object src/server/scripts/CMakeFiles/scripts.dir/Outland/CoilfangReservoir/SerpentShrine/boss_lurker_below.cpp.o
#25 66.43 [ 76%] Building CXX object src/server/scripts/CMakeFiles/scripts.dir/Outland/CoilfangReservoir/SerpentShrine/boss_morogrim_tidewalker.cpp.o
#25 66.45 [ 76%] Building CXX object src/server/scripts/CMakeFiles/scripts.dir/Outland/CoilfangReservoir/SerpentShrine/instance_serpent_shrine.cpp.o
#25 66.49 [ 76%] Building CXX object src/server/scripts/CMakeFiles/scripts.dir/Outland/CoilfangReservoir/SlavePens/boss_ahune.cpp.o
#25 66.53 [ 76%] Building CXX object src/server/scripts/CMakeFiles/scripts.dir/Outland/CoilfangReservoir/SlavePens/boss_mennu_the_betrayer.cpp.o
#25 66.59 [ 76%] Building CXX object src/server/scripts/CMakeFiles/scripts.dir/Outland/CoilfangReservoir/SlavePens/boss_quagmirran.cpp.o
#25 66.66 [ 76%] Building CXX object src/server/scripts/CMakeFiles/scripts.dir/Outland/CoilfangReservoir/SlavePens/boss_rokmar_the_crackler.cpp.o
#25 66.69 [ 76%] Building CXX object src/server/scripts/CMakeFiles/scripts.dir/Outland/CoilfangReservoir/SlavePens/instance_the_slave_pens.cpp.o
#25 66.73 [ 76%] Building CXX object src/server/scripts/CMakeFiles/scripts.dir/Outland/CoilfangReservoir/SlavePens/the_slave_pens.cpp.o
#25 66.77 [ 77%] Building CXX object src/server/scripts/CMakeFiles/scripts.dir/Outland/CoilfangReservoir/SteamVault/boss_hydromancer_thespia.cpp.o
#25 66.79 [ 77%] Building CXX object src/server/scripts/CMakeFiles/scripts.dir/Outland/CoilfangReservoir/SteamVault/boss_mekgineer_steamrigger.cpp.o
#25 66.94 [ 77%] Building CXX object src/server/scripts/CMakeFiles/scripts.dir/Outland/CoilfangReservoir/SteamVault/instance_steam_vault.cpp.o
#25 66.94 [ 77%] Building CXX object src/server/scripts/CMakeFiles/scripts.dir/Outland/CoilfangReservoir/SteamVault/boss_warlord_kalithresh.cpp.o
#25 66.99 [ 77%] Building CXX object src/server/scripts/CMakeFiles/scripts.dir/Outland/CoilfangReservoir/underbog/boss_ghazan.cpp.o
#25 67.12 [ 77%] Building CXX object src/server/scripts/CMakeFiles/scripts.dir/Outland/CoilfangReservoir/underbog/boss_swamplord_muselek.cpp.o
#25 67.13 [ 77%] Building CXX object src/server/scripts/CMakeFiles/scripts.dir/Outland/CoilfangReservoir/underbog/boss_the_black_stalker.cpp.o
#25 67.14 [ 77%] Building CXX object src/server/scripts/CMakeFiles/scripts.dir/Outland/CoilfangReservoir/underbog/boss_hungarfen.cpp.o
#25 67.25 [ 77%] Building CXX object src/server/scripts/CMakeFiles/scripts.dir/Outland/CoilfangReservoir/underbog/instance_the_underbog.cpp.o
#25 67.25 [ 77%] Building CXX object src/server/scripts/CMakeFiles/scripts.dir/Outland/CoilfangReservoir/underbog/underbog.cpp.o
#25 67.35 [ 77%] Building CXX object src/server/scripts/CMakeFiles/scripts.dir/Outland/GruulsLair/boss_gruul.cpp.o
#25 67.35 [ 77%] Building CXX object src/server/scripts/CMakeFiles/scripts.dir/Outland/GruulsLair/boss_high_king_maulgar.cpp.o
#25 67.39 [ 77%] Building CXX object src/server/scripts/CMakeFiles/scripts.dir/Outland/GruulsLair/instance_gruuls_lair.cpp.o
#25 67.44 [ 77%] Building CXX object src/server/scripts/CMakeFiles/scripts.dir/Outland/HellfireCitadel/BloodFurnace/boss_broggok.cpp.o
#25 67.55 [ 77%] Building CXX object src/server/scripts/CMakeFiles/scripts.dir/Outland/HellfireCitadel/BloodFurnace/boss_kelidan_the_breaker.cpp.o
#25 67.57 [ 77%] Building CXX object src/server/scripts/CMakeFiles/scripts.dir/Outland/HellfireCitadel/BloodFurnace/boss_the_maker.cpp.o
#25 67.59 [ 77%] Building CXX object src/server/scripts/CMakeFiles/scripts.dir/Outland/HellfireCitadel/BloodFurnace/instance_blood_furnace.cpp.o
#25 67.64 [ 78%] Building CXX object src/server/scripts/CMakeFiles/scripts.dir/Outland/HellfireCitadel/HellfireRamparts/boss_omor_the_unscarred.cpp.o
#25 67.69 [ 78%] Building CXX object src/server/scripts/CMakeFiles/scripts.dir/Outland/HellfireCitadel/HellfireRamparts/boss_watchkeeper_gargolmar.cpp.o
#25 67.69 [ 78%] Building CXX object src/server/scripts/CMakeFiles/scripts.dir/Outland/HellfireCitadel/HellfireRamparts/boss_vazruden_the_herald.cpp.o
#25 67.86 [ 78%] Building CXX object src/server/scripts/CMakeFiles/scripts.dir/Outland/HellfireCitadel/HellfireRamparts/instance_hellfire_ramparts.cpp.o
#25 67.89 [ 78%] Building CXX object src/server/scripts/CMakeFiles/scripts.dir/Outland/HellfireCitadel/MagtheridonsLair/boss_magtheridon.cpp.o
#25 67.91 [ 78%] Building CXX object src/server/scripts/CMakeFiles/scripts.dir/Outland/HellfireCitadel/ShatteredHalls/boss_nethekurse.cpp.o
#25 67.91 [ 78%] Building CXX object src/server/scripts/CMakeFiles/scripts.dir/Outland/HellfireCitadel/MagtheridonsLair/instance_magtheridons_lair.cpp.o
#25 68.01 [ 78%] Building CXX object src/server/scripts/CMakeFiles/scripts.dir/Outland/HellfireCitadel/ShatteredHalls/boss_porung.cpp.o
#25 68.07 [ 78%] Building CXX object src/server/scripts/CMakeFiles/scripts.dir/Outland/HellfireCitadel/ShatteredHalls/boss_warbringer_omrogg.cpp.o
#25 68.11 [ 78%] Building CXX object src/server/scripts/CMakeFiles/scripts.dir/Outland/HellfireCitadel/ShatteredHalls/boss_warchief_kargath_bladefist.cpp.o
#25 68.17 [ 78%] Building CXX object src/server/scripts/CMakeFiles/scripts.dir/Outland/HellfireCitadel/ShatteredHalls/instance_shattered_halls.cpp.o
#25 68.23 [ 78%] Building CXX object src/server/scripts/CMakeFiles/scripts.dir/Outland/TempestKeep/Eye/boss_alar.cpp.o
#25 68.26 [ 78%] Building CXX object src/server/scripts/CMakeFiles/scripts.dir/Outland/TempestKeep/Eye/boss_astromancer.cpp.o
#25 68.28 [ 78%] Building CXX object src/server/scripts/CMakeFiles/scripts.dir/Outland/TempestKeep/Eye/boss_kaelthas.cpp.o
#25 68.32 [ 78%] Building CXX object src/server/scripts/CMakeFiles/scripts.dir/Outland/TempestKeep/Eye/boss_void_reaver.cpp.o
#25 68.41 [ 78%] Building CXX object src/server/scripts/CMakeFiles/scripts.dir/Outland/TempestKeep/Eye/instance_the_eye.cpp.o
#25 68.44 [ 78%] Building CXX object src/server/scripts/CMakeFiles/scripts.dir/Outland/TempestKeep/Mechanar/boss_gatewatcher_gyrokill.cpp.o
#25 68.54 [ 79%] Building CXX object src/server/scripts/CMakeFiles/scripts.dir/Outland/TempestKeep/Mechanar/boss_gatewatcher_ironhand.cpp.o
#25 68.57 [ 79%] Building CXX object src/server/scripts/CMakeFiles/scripts.dir/Outland/TempestKeep/Mechanar/boss_mechano_lord_capacitus.cpp.o
#25 68.66 [ 79%] Building CXX object src/server/scripts/CMakeFiles/scripts.dir/Outland/TempestKeep/Mechanar/boss_nethermancer_sepethrea.cpp.o
#25 68.67 [ 79%] Building CXX object src/server/scripts/CMakeFiles/scripts.dir/Outland/TempestKeep/Mechanar/boss_pathaleon_the_calculator.cpp.o
#25 68.77 [ 79%] Building CXX object src/server/scripts/CMakeFiles/scripts.dir/Outland/TempestKeep/Mechanar/instance_mechanar.cpp.o
#25 68.84 [ 79%] Building CXX object src/server/scripts/CMakeFiles/scripts.dir/Outland/TempestKeep/arcatraz/arcatraz.cpp.o
#25 68.91 [ 79%] Building CXX object src/server/scripts/CMakeFiles/scripts.dir/Outland/TempestKeep/arcatraz/boss_dalliah_the_doomsayer.cpp.o
#25 68.98 [ 79%] Building CXX object src/server/scripts/CMakeFiles/scripts.dir/Outland/TempestKeep/arcatraz/boss_wrath_scryer_soccothrates.cpp.o
#25 68.99 [ 79%] Building CXX object src/server/scripts/CMakeFiles/scripts.dir/Outland/TempestKeep/arcatraz/boss_harbinger_skyriss.cpp.o
#25 69.03 [ 79%] Building CXX object src/server/scripts/CMakeFiles/scripts.dir/Outland/TempestKeep/arcatraz/boss_zereketh_the_unbound.cpp.o
#25 69.11 [ 79%] Building CXX object src/server/scripts/CMakeFiles/scripts.dir/Outland/TempestKeep/arcatraz/instance_arcatraz.cpp.o
#25 69.15 [ 79%] Building CXX object src/server/scripts/CMakeFiles/scripts.dir/Outland/TempestKeep/botanica/boss_commander_sarannis.cpp.o
#25 69.20 [ 79%] Building CXX object src/server/scripts/CMakeFiles/scripts.dir/Outland/TempestKeep/botanica/boss_high_botanist_freywinn.cpp.o
#25 69.24 [ 79%] Building CXX object src/server/scripts/CMakeFiles/scripts.dir/Outland/TempestKeep/botanica/boss_laj.cpp.o
#25 69.24 [ 79%] Building CXX object src/server/scripts/CMakeFiles/scripts.dir/Outland/TempestKeep/botanica/boss_thorngrin_the_tender.cpp.o
#25 69.32 [ 79%] Building CXX object src/server/scripts/CMakeFiles/scripts.dir/Outland/TempestKeep/botanica/boss_warp_splinter.cpp.o
#25 69.34 [ 79%] Building CXX object src/server/scripts/CMakeFiles/scripts.dir/Outland/TempestKeep/botanica/instance_the_botanica.cpp.o
#25 69.43 [ 80%] Building CXX object src/server/scripts/CMakeFiles/scripts.dir/Pet/pet_dk.cpp.o
#25 69.52 [ 80%] Building CXX object src/server/scripts/CMakeFiles/scripts.dir/Pet/pet_generic.cpp.o
#25 69.52 [ 80%] Building CXX object src/server/scripts/CMakeFiles/scripts.dir/Pet/pet_hunter.cpp.o
#25 69.56 [ 80%] Building CXX object src/server/scripts/CMakeFiles/scripts.dir/Pet/pet_mage.cpp.o
#25 69.76 [ 80%] Building CXX object src/server/scripts/CMakeFiles/scripts.dir/Pet/pet_priest.cpp.o
#25 69.78 [ 80%] Building CXX object src/server/scripts/CMakeFiles/scripts.dir/Pet/pet_shaman.cpp.o
#25 69.79 [ 80%] Building CXX object src/server/scripts/CMakeFiles/scripts.dir/Pet/pets_script_loader.cpp.o
#25 69.80 [ 80%] Building CXX object src/server/scripts/CMakeFiles/scripts.dir/Spells/spell_druid.cpp.o
#25 69.80 [ 80%] Building CXX object src/server/scripts/CMakeFiles/scripts.dir/Spells/spell_dk.cpp.o
#25 69.95 [ 80%] Building CXX object src/server/scripts/CMakeFiles/scripts.dir/Spells/spell_generic.cpp.o
#25 70.02 [ 80%] Building CXX object src/server/scripts/CMakeFiles/scripts.dir/Spells/spell_hunter.cpp.o
#25 70.15 [ 80%] Building CXX object src/server/scripts/CMakeFiles/scripts.dir/Spells/spell_item.cpp.o
#25 70.17 [ 80%] Building CXX object src/server/scripts/CMakeFiles/scripts.dir/Spells/spell_mage.cpp.o
#25 70.17 [ 80%] Building CXX object src/server/scripts/CMakeFiles/scripts.dir/Spells/spell_paladin.cpp.o
#25 70.24 [ 80%] Building CXX object src/server/scripts/CMakeFiles/scripts.dir/Spells/spell_priest.cpp.o
#25 70.30 [ 80%] Building CXX object src/server/scripts/CMakeFiles/scripts.dir/Spells/spell_quest.cpp.o
#25 70.34 [ 80%] Building CXX object src/server/scripts/CMakeFiles/scripts.dir/Spells/spell_rogue.cpp.o
#25 70.42 [ 80%] Building CXX object src/server/scripts/CMakeFiles/scripts.dir/Spells/spell_shaman.cpp.o
#25 70.48 [ 81%] Building CXX object src/server/scripts/CMakeFiles/scripts.dir/Spells/spell_warlock.cpp.o
#25 70.49 [ 81%] Building CXX object src/server/scripts/CMakeFiles/scripts.dir/Spells/spells_script_loader.cpp.o
#25 70.49 [ 81%] Building CXX object src/server/scripts/CMakeFiles/scripts.dir/Spells/spell_warrior.cpp.o
#25 70.52 [ 81%] Building CXX object src/server/scripts/CMakeFiles/scripts.dir/World/achievement_scripts.cpp.o
#25 70.62 [ 81%] Building CXX object src/server/scripts/CMakeFiles/scripts.dir/World/action_ip_logger.cpp.o
#25 70.70 [ 81%] Building CXX object src/server/scripts/CMakeFiles/scripts.dir/World/boss_emerald_dragons.cpp.o
#25 70.71 [ 81%] Building CXX object src/server/scripts/CMakeFiles/scripts.dir/World/areatrigger_scripts.cpp.o
#25 70.78 [ 81%] Building CXX object src/server/scripts/CMakeFiles/scripts.dir/World/chat_log.cpp.o
#25 70.80 [ 81%] Building CXX object src/server/scripts/CMakeFiles/scripts.dir/World/go_scripts.cpp.o
#25 70.85 [ 81%] Building CXX object src/server/scripts/CMakeFiles/scripts.dir/World/guards.cpp.o
#25 70.89 [ 81%] Building CXX object src/server/scripts/CMakeFiles/scripts.dir/World/item_scripts.cpp.o
#25 70.95 [ 81%] Building CXX object src/server/scripts/CMakeFiles/scripts.dir/World/mob_generic_creature.cpp.o
#25 71.00 [ 81%] Building CXX object src/server/scripts/CMakeFiles/scripts.dir/World/npc_innkeeper.cpp.o
#25 71.02 [ 81%] Building CXX object src/server/scripts/CMakeFiles/scripts.dir/World/npc_professions.cpp.o
#25 71.08 [ 81%] Building CXX object src/server/scripts/CMakeFiles/scripts.dir/World/npc_stave_of_ancients.cpp.o
#25 71.12 [ 81%] Building CXX object src/server/scripts/CMakeFiles/scripts.dir/World/npc_taxi.cpp.o
#25 71.17 [ 81%] Building CXX object src/server/scripts/CMakeFiles/scripts.dir/World/npcs_special.cpp.o
#25 71.24 [ 82%] Building CXX object src/server/scripts/CMakeFiles/scripts.dir/World/player_scripts.cpp.o
#25 71.28 [ 82%] Building CXX object src/server/scripts/CMakeFiles/scripts.dir/World/scourge_invasion.cpp.o
#25 71.30 [ 82%] Building CXX object src/server/scripts/CMakeFiles/scripts.dir/World/server_mail.cpp.o
#25 71.33 [ 82%] Building CXX object src/server/scripts/CMakeFiles/scripts.dir/World/suns_reach_reclamation.cpp.o
#25 71.34 [ 82%] Building CXX object src/server/scripts/CMakeFiles/scripts.dir/World/transport_zeppelins.cpp.o
#25 71.44 [ 82%] Building CXX object src/server/scripts/CMakeFiles/scripts.dir/World/world_script_loader.cpp.o
#25 71.66 [ 82%] Linking CXX static library libscripts.a
#25 84.27 [ 82%] Built target scripts
#25 84.27 gmake: *** [Makefile:136: all] Error 2
#25 ERROR: process "/bin/sh -c git config --global --add safe.directory /azerothcore     && cmake /azerothcore        -DCMAKE_INSTALL_PREFIX=\"/azerothcore/env/dist\"         -DAPPS_BUILD=\"all\"                                     -DTOOLS_BUILD=\"$CTOOLS_BUILD\"                          -DSCRIPTS=\"$CSCRIPTS\"                                  -DMODULES=\"$CMODULES\"                                  -DWITH_WARNINGS=\"$CWITH_WARNINGS\"                      -DCMAKE_BUILD_TYPE=\"$CTYPE\"                            -DCMAKE_CXX_COMPILER=\"clang++\"                         -DCMAKE_C_COMPILER=\"clang\"                             -DCMAKE_CXX_COMPILER_LAUNCHER=\"ccache\"                 -DCMAKE_C_COMPILER_LAUNCHER=\"ccache\"                   -DBoost_USE_STATIC_LIBS=\"ON\"                        && cmake --build . --config \"$CTYPE\" -j $(($(nproc) + 1))     && cmake --install . --config \"$CTYPE\"" did not complete successfully: exit code: 2
------
 > [ac-db-import build 8/8] RUN --mount=type=cache,target=/ccache,sharing=locked     --mount=type=bind,target=/azerothcore/.git,source=.git     git config --global --add safe.directory /azerothcore     && cmake /azerothcore        -DCMAKE_INSTALL_PREFIX="/azerothcore/env/dist"         -DAPPS_BUILD="all"                                     -DTOOLS_BUILD="all"                          -DSCRIPTS="static"                                  -DMODULES="static"                                  -DWITH_WARNINGS="ON"                      -DCMAKE_BUILD_TYPE="RelWithDebInfo"                            -DCMAKE_CXX_COMPILER="clang++"                         -DCMAKE_C_COMPILER="clang"                             -DCMAKE_CXX_COMPILER_LAUNCHER="ccache"                 -DCMAKE_C_COMPILER_LAUNCHER="ccache"                   -DBoost_USE_STATIC_LIBS="ON"                        && cmake --build . --config "RelWithDebInfo" -j $(($(nproc) + 1))     && cmake --install . --config "RelWithDebInfo":
71.17 [ 81%] Building CXX object src/server/scripts/CMakeFiles/scripts.dir/World/npcs_special.cpp.o
71.24 [ 82%] Building CXX object src/server/scripts/CMakeFiles/scripts.dir/World/player_scripts.cpp.o
71.28 [ 82%] Building CXX object src/server/scripts/CMakeFiles/scripts.dir/World/scourge_invasion.cpp.o
71.30 [ 82%] Building CXX object src/server/scripts/CMakeFiles/scripts.dir/World/server_mail.cpp.o
71.33 [ 82%] Building CXX object src/server/scripts/CMakeFiles/scripts.dir/World/suns_reach_reclamation.cpp.o
71.34 [ 82%] Building CXX object src/server/scripts/CMakeFiles/scripts.dir/World/transport_zeppelins.cpp.o
71.44 [ 82%] Building CXX object src/server/scripts/CMakeFiles/scripts.dir/World/world_script_loader.cpp.o
71.66 [ 82%] Linking CXX static library libscripts.a
84.27 [ 82%] Built target scripts
84.27 gmake: *** [Makefile:136: all] Error 2
------
failed to solve: process "/bin/sh -c git config --global --add safe.directory /azerothcore     && cmake /azerothcore        -DCMAKE_INSTALL_PREFIX=\"/azerothcore/env/dist\"         -DAPPS_BUILD=\"all\"                                     -DTOOLS_BUILD=\"$CTOOLS_BUILD\"                          -DSCRIPTS=\"$CSCRIPTS\"                                  -DMODULES=\"$CMODULES\"                                  -DWITH_WARNINGS=\"$CWITH_WARNINGS\"                      -DCMAKE_BUILD_TYPE=\"$CTYPE\"                            -DCMAKE_CXX_COMPILER=\"clang++\"                         -DCMAKE_C_COMPILER=\"clang\"                             -DCMAKE_CXX_COMPILER_LAUNCHER=\"ccache\"                 -DCMAKE_C_COMPILER_LAUNCHER=\"ccache\"                   -DBoost_USE_STATIC_LIBS=\"ON\"                        && cmake --build . --config \"$CTYPE\" -j $(($(nproc) + 1))     && cmake --install . --config \"$CTYPE\"" did not complete successfully: exit code: 2
